<?xml version="1.0" encoding="utf-8"?>
<COLLADA xmlns="http://www.collada.org/2005/11/COLLADASchema" version="1.4.1" xmlns:xsi="http://www.w3.org/2001/XMLSchema-instance">
  <asset>
    <contributor>
      <author>Blender User</author>
      <authoring_tool>Blender 2.83.5 commit date:2020-08-19, commit time:06:07, hash:c2b144df395f</authoring_tool>
    </contributor>
    <created>2020-08-25T15:42:30</created>
    <modified>2020-08-25T15:42:30</modified>
    <unit name="meter" meter="1"/>
    <up_axis>Z_UP</up_axis>
  </asset>
  <library_cameras>
    <camera id="Camera-camera" name="Camera">
      <optics>
        <technique_common>
          <perspective>
            <xfov sid="xfov">39.59775</xfov>
            <aspect_ratio>1.777778</aspect_ratio>
            <znear sid="znear">0.1</znear>
            <zfar sid="zfar">100</zfar>
          </perspective>
        </technique_common>
      </optics>
      <extra>
        <technique profile="blender">
          <shiftx sid="shiftx" type="float">0</shiftx>
          <shifty sid="shifty" type="float">0</shifty>
          <dof_distance sid="dof_distance" type="float">10</dof_distance>
        </technique>
      </extra>
    </camera>
  </library_cameras>
  <library_lights>
    <light id="Light-light" name="Light">
      <technique_common>
        <point>
          <color sid="color">1000 1000 1000</color>
          <constant_attenuation>1</constant_attenuation>
          <linear_attenuation>0</linear_attenuation>
          <quadratic_attenuation>0.00111109</quadratic_attenuation>
        </point>
      </technique_common>
      <extra>
        <technique profile="blender">
          <type sid="type" type="int">0</type>
          <flag sid="flag" type="int">0</flag>
          <mode sid="mode" type="int">1</mode>
          <gamma sid="blender_gamma" type="float">1</gamma>
          <red sid="red" type="float">1</red>
          <green sid="green" type="float">1</green>
          <blue sid="blue" type="float">1</blue>
          <shadow_r sid="blender_shadow_r" type="float">0</shadow_r>
          <shadow_g sid="blender_shadow_g" type="float">0</shadow_g>
          <shadow_b sid="blender_shadow_b" type="float">0</shadow_b>
          <energy sid="blender_energy" type="float">1000</energy>
          <dist sid="blender_dist" type="float">29.99998</dist>
          <spotsize sid="spotsize" type="float">75</spotsize>
          <spotblend sid="spotblend" type="float">0.15</spotblend>
          <att1 sid="att1" type="float">0</att1>
          <att2 sid="att2" type="float">1</att2>
          <falloff_type sid="falloff_type" type="int">2</falloff_type>
          <clipsta sid="clipsta" type="float">0.04999995</clipsta>
          <clipend sid="clipend" type="float">30.002</clipend>
          <bias sid="bias" type="float">1</bias>
          <soft sid="soft" type="float">3</soft>
          <bufsize sid="bufsize" type="int">2880</bufsize>
          <samp sid="samp" type="int">3</samp>
          <buffers sid="buffers" type="int">1</buffers>
          <area_shape sid="area_shape" type="int">1</area_shape>
          <area_size sid="area_size" type="float">0.1</area_size>
          <area_sizey sid="area_sizey" type="float">0.1</area_sizey>
          <area_sizez sid="area_sizez" type="float">1</area_sizez>
        </technique>
      </extra>
    </light>
  </library_lights>
  <library_effects>
    <effect id="Material_001-effect">
      <profile_COMMON>
        <newparam sid="ahsap_jpg-surface">
          <surface type="2D">
            <init_from>ahsap_jpg</init_from>
          </surface>
        </newparam>
        <newparam sid="ahsap_jpg-sampler">
          <sampler2D>
            <source>ahsap_jpg-surface</source>
          </sampler2D>
        </newparam>
        <technique sid="common">
          <lambert>
            <emission>
              <color sid="emission">0 0 0 1</color>
            </emission>
            <diffuse>
              <texture texture="ahsap_jpg-sampler"/>
            </diffuse>
            <reflectivity>
              <float sid="specular">1</float>
            </reflectivity>
            <index_of_refraction>
              <float sid="ior">1.45</float>
            </index_of_refraction>
          </lambert>
        </technique>
      </profile_COMMON>
    </effect>
  </library_effects>
  <library_images>
    <image id="ahsap_jpg" name="ahsap_jpg">
      <init_from>../materials/textures/ahsap.jpg</init_from>
    </image>
  </library_images>
  <library_materials>
    <material id="Material_001-material" name="Material.001">
      <instance_effect url="#Material_001-effect"/>
    </material>
  </library_materials>
  <library_geometries>
    <geometry id="YukKutusu-mesh" name="YukKutusu">
      <mesh>
        <source id="YukKutusu-mesh-positions">
          <float_array id="YukKutusu-mesh-positions-array" count="5400">100 100 350 100 0 350 100 100 120 100 0 120 0 100 350 0 100 120 0 0 120 0 0 750 750 0 350 850 0 750 850 0 120 750 0 120 750 100 350 750 1000 350 100 1000 350 750 1100 350 100 1100 350 0 1000 350 850 1000 350 850 100 350 20 20 370 830 20 370 20 1080 370 830 1080 370 750 1000 120 750 1100 120 850 1000 120 850 1100 120 850 1100 750 0 1100 750 0 1100 120 100 1100 120 100 1000 120 0 1000 120 750 100 120 850 100 120 20 20 750 20 1080 750 830 1080 750 830 20 750 80 15 105 75 25 105 20 15 105 25 25 105 25 75 105 80 85 105 75 75 105 20 85 105 53.35153 82.0689 50 53.35153 82.39404 50 80 82.0689 50 80 85 50 20 85 50 46.64847 82.39404 50 20 82.0689 50 46.64847 82.0689 50 46.64847 17.9311 50 46.64847 17.60596 50 20 17.9311 50 20 15 50 53.35153 17.60596 50 80 15 50 80 17.9311 50 53.35153 17.9311 50 20 82.0689 102.4143 20 17.9311 102.4143 46.76267 82.0689 50.86744 47.09749 82.0689 51.67576 47.63011 82.0689 52.36989 48.32423 82.0689 52.90251 49.13256 82.0689 53.23733 50 82.0689 53.35153 80 82.0689 102.4143 50.86744 82.0689 53.23733 51.67576 82.0689 52.90251 52.36989 82.0689 52.36989 52.90251 82.0689 51.67576 53.23733 82.0689 50.86744 80 17.9311 102.4143 53.23733 17.9311 50.86744 52.90251 17.9311 51.67576 52.36989 17.9311 52.36989 51.67576 17.9311 52.90251 50.86744 17.9311 53.23733 50 17.9311 53.35153 49.13256 17.9311 53.23733 48.32423 17.9311 52.90251 47.63011 17.9311 52.36989 47.09749 17.9311 51.67576 46.76267 17.9311 50.86744 53.23733 82.39404 49.13256 53.23733 79.70541 49.13256 52.90251 82.39404 48.32423 52.90251 79.70541 48.32423 52.36989 82.39404 47.63011 52.36989 79.70541 47.63011 51.67576 82.39404 47.09749 51.67576 79.70541 47.09749 50.86744 82.39404 46.76267 50.86744 79.70541 46.76267 50 82.39404 46.64847 50 79.70541 46.64847 49.13256 82.39404 46.76267 49.13256 79.70541 46.76267 48.32423 82.39404 47.09749 48.32423 79.70541 47.09749 47.63011 82.39404 47.63011 47.63011 79.70541 47.63011 47.09749 82.39404 48.32423 47.09749 79.70541 48.32423 46.76267 82.39404 49.13256 46.76267 79.70541 49.13256 46.64847 79.70541 50 46.76267 79.70541 50.86744 47.09749 79.70541 51.67576 47.63011 79.70541 52.36989 48.32423 79.70541 52.90251 49.13256 79.70541 53.23733 50 79.70541 53.35153 50.86744 79.70541 53.23733 51.67576 79.70541 52.90251 52.36989 79.70541 52.36989 52.90251 79.70541 51.67576 53.23733 79.70541 50.86744 53.35153 79.70541 50 49.13256 20.29459 53.23733 50 20.29459 53.35153 50.86744 20.29459 53.23733 51.67576 20.29459 52.90251 52.36989 20.29459 52.36989 52.90251 20.29459 51.67576 53.23733 20.29459 50.86744 53.35153 20.29459 50 53.23733 20.29459 49.13256 53.23733 17.60596 49.13256 52.90251 20.29459 48.32423 52.90251 17.60596 48.32423 52.36989 20.29459 47.63011 52.36989 17.60596 47.63011 51.67576 20.29459 47.09749 51.67576 17.60596 47.09749 50.86744 20.29459 46.76267 50.86744 17.60596 46.76267 50 20.29459 46.64847 50 17.60596 46.64847 49.13256 20.29459 46.76267 49.13256 17.60596 46.76267 48.32423 20.29459 47.09749 48.32423 17.60596 47.09749 47.63011 20.29459 47.63011 47.63011 17.60596 47.63011 47.09749 20.29459 48.32423 47.09749 17.60596 48.32423 46.76267 20.29459 49.13256 46.76267 17.60596 49.13256 48.32423 20.29459 52.90251 47.63011 20.29459 52.36989 47.09749 20.29459 51.67576 46.76267 20.29459 50.86744 46.64847 20.29459 50 42.17827 80 99.38442 50 80 100 50 80 90 57.82172 80 99.38442 56.94593 80 89.39231 65.45085 80 97.55283 63.6808 80 87.58771 72.69953 80 94.55033 70 80 84.64102 79.38926 80 90.45085 75.7115 80 80.64178 85.35534 80 85.35534 80.64178 80 75.7115 90.45085 80 79.38926 84.64102 80 70 94.55033 80 72.69953 87.58771 80 63.6808 97.55283 80 65.45085 89.39231 80 56.94593 99.38442 80 57.82172 90 80 50 100 80 50 99.38442 80 42.17827 89.39231 80 43.05407 97.55283 80 34.54915 87.58771 80 36.31919 94.55033 80 27.30047 84.64102 80 30 90.45085 80 20.61074 80.64178 80 24.2885 85.35534 80 14.64466 75.7115 80 19.35822 79.38926 80 9.549151 70 80 15.35898 72.69953 80 5.449674 63.6808 80 12.4123 65.45085 80 2.447174 56.94593 80 10.60769 57.82172 80 0.615583 50 80 10 50 80 0 42.17827 80 0.615583 43.05407 80 10.60769 34.54915 80 2.447174 36.31919 80 12.4123 27.30047 80 5.449674 30 80 15.35898 20.61074 80 9.549151 24.2885 80 19.35822 14.64466 80 14.64466 19.35822 80 24.2885 9.549151 80 20.61074 15.35898 80 30 5.449674 80 27.30047 12.4123 80 36.31919 2.447174 80 34.54915 10.60769 80 43.05407 0.615583 80 42.17827 10 80 50 0 80 50 0.615583 80 57.82172 10.60769 80 56.94593 2.447174 80 65.45085 12.4123 80 63.6808 5.449674 80 72.69953 15.35898 80 70 9.549151 80 79.38926 19.35822 80 75.7115 14.64466 80 85.35534 24.2885 80 80.64178 20.61074 80 90.45085 30 80 84.64102 27.30047 80 94.55033 36.31919 80 87.58771 34.54915 80 97.55283 43.05407 80 89.39231 50 60.06026 86.48409 56.70393 60.06026 85.86288 63.17957 60.06026 84.0204 69.2064 60.06026 81.0194 74.57917 60.06026 76.96207 79.11493 60.06026 71.98657 82.65922 60.06026 66.26236 85.09133 60.06026 59.98434 86.32846 60.06026 53.36632 86.32846 60.06026 46.63367 85.09133 60.06026 40.01565 82.65922 60.06026 33.73764 79.11493 60.06026 28.01343 74.57917 60.06026 23.03794 69.2064 60.06026 18.98061 63.17957 60.06026 15.9796 56.70393 60.06026 14.13712 50 60.06026 13.51591 43.29607 60.06026 14.13712 36.82043 60.06026 15.9796 30.7936 60.06026 18.98061 25.42083 60.06026 23.03794 20.88507 60.06026 28.01343 17.34079 60.06026 33.73764 14.90867 60.06026 40.01565 13.67155 60.06026 46.63367 13.67155 60.06026 53.36632 14.90867 60.06026 59.98434 17.34079 60.06026 66.26236 20.88507 60.06026 71.98657 25.42083 60.06026 76.96207 30.7936 60.06026 81.0194 36.82043 60.06026 84.0204 43.29607 60.06026 85.86288 50 60.06026 66.49953 54.27039 60.06026 65.93733 58.24976 60.06026 64.28901 61.66693 60.06026 61.66693 64.28901 60.06026 58.24976 65.93733 60.06026 54.27039 66.49953 60.06026 50 65.93733 60.06026 45.72961 64.28901 60.06026 41.75024 61.66693 60.06026 38.33307 58.24976 60.06026 35.71099 54.27039 60.06026 34.06268 50 60.06026 33.50047 45.72961 60.06026 34.06268 41.75024 60.06026 35.71099 38.33307 60.06026 38.33307 35.71099 60.06026 41.75024 34.06268 60.06026 45.72961 33.50047 60.06026 50 34.06268 60.06026 54.27039 35.71099 60.06026 58.24976 38.33307 60.06026 61.66693 41.75024 60.06026 64.28901 45.72961 60.06026 65.93733 53.37385 79.70541 62.59138 50 79.70541 63.03556 46.62615 79.70541 62.59138 43.48222 79.70541 61.28912 40.78247 79.70541 59.21753 38.71088 79.70541 56.51778 37.40861 79.70541 53.37385 36.96444 79.70541 50 37.40861 79.70541 46.62615 38.71088 79.70541 43.48222 40.78247 79.70541 40.78247 43.48222 79.70541 38.71088 46.62615 79.70541 37.40861 50 79.70541 36.96444 53.37385 79.70541 37.40861 56.51778 79.70541 38.71088 59.21753 79.70541 40.78247 61.28912 79.70541 43.48222 62.59138 79.70541 46.62615 63.03556 79.70541 50 62.59138 79.70541 53.37385 61.28912 79.70541 56.51778 59.21753 79.70541 59.21753 56.51778 79.70541 61.28912 50 20.29459 63.03556 53.37385 20.29459 62.59138 56.51778 20.29459 61.28912 59.21753 20.29459 59.21753 61.28912 20.29459 56.51778 62.59138 20.29459 53.37385 63.03556 20.29459 50 62.59138 20.29459 46.62615 61.28912 20.29459 43.48222 59.21753 20.29459 40.78247 56.51778 20.29459 38.71088 53.37385 20.29459 37.40861 50 20.29459 36.96444 46.62615 20.29459 37.40861 43.48222 20.29459 38.71088 40.78247 20.29459 40.78247 38.71088 20.29459 43.48222 37.40861 20.29459 46.62615 36.96444 20.29459 50 37.40861 20.29459 53.37385 38.71088 20.29459 56.51778 40.78247 20.29459 59.21753 43.48222 20.29459 61.28912 46.62615 20.29459 62.59138 54.27039 39.93974 65.93733 50 39.93974 66.49953 45.72961 39.93974 65.93733 41.75024 39.93974 64.28901 38.33307 39.93974 61.66693 35.71099 39.93974 58.24976 34.06268 39.93974 54.27039 33.50047 39.93974 50 34.06268 39.93974 45.72961 35.71099 39.93974 41.75024 38.33307 39.93974 38.33307 41.75024 39.93974 35.71099 45.72961 39.93974 34.06268 50 39.93974 33.50047 54.27039 39.93974 34.06268 58.24976 39.93974 35.71099 61.66693 39.93974 38.33307 64.28901 39.93974 41.75024 65.93733 39.93974 45.72961 66.49953 39.93974 50 65.93733 39.93974 54.27039 64.28901 39.93974 58.24976 61.66693 39.93974 61.66693 58.24976 39.93974 64.28901 56.70393 39.93974 85.86288 50 39.93974 86.48409 43.29607 39.93974 85.86288 63.17957 39.93974 84.0204 69.2064 39.93974 81.0194 74.57917 39.93974 76.96207 79.11493 39.93974 71.98657 82.65922 39.93974 66.26236 85.09133 39.93974 59.98434 86.32846 39.93974 53.36632 86.32846 39.93974 46.63367 85.09133 39.93974 40.01565 82.65922 39.93974 33.73764 79.11493 39.93974 28.01343 74.57917 39.93974 23.03794 69.2064 39.93974 18.98061 63.17957 39.93974 15.9796 56.70393 39.93974 14.13712 50 39.93974 13.51591 43.29607 39.93974 14.13712 36.82043 39.93974 15.9796 30.7936 39.93974 18.98061 25.42083 39.93974 23.03794 20.88507 39.93974 28.01343 17.34079 39.93974 33.73764 14.90867 39.93974 40.01565 13.67155 39.93974 46.63367 13.67155 39.93974 53.36632 14.90867 39.93974 59.98434 17.34079 39.93974 66.26236 20.88507 39.93974 71.98657 25.42083 39.93974 76.96207 30.7936 39.93974 81.0194 36.82043 39.93974 84.0204 56.94593 20 89.39231 50 20 90 43.05407 20 89.39231 63.6808 20 87.58771 70 20 84.64102 75.7115 20 80.64178 80.64178 20 75.7115 84.64102 20 70 87.58771 20 63.6808 89.39231 20 56.94593 90 20 50 89.39231 20 43.05407 87.58771 20 36.31919 84.64102 20 30 80.64178 20 24.2885 75.7115 20 19.35822 70 20 15.35898 63.6808 20 12.4123 56.94593 20 10.60769 50 20 10 43.05407 20 10.60769 36.31919 20 12.4123 30 20 15.35898 24.2885 20 19.35822 19.35822 20 24.2885 15.35898 20 30 12.4123 20 36.31919 10.60769 20 43.05407 10 20 50 10.60769 20 56.94593 12.4123 20 63.6808 15.35898 20 70 19.35822 20 75.7115 24.2885 20 80.64178 30 20 84.64102 36.31919 20 87.58771 57.82172 20 99.38442 50 20 100 42.17827 20 99.38442 65.45085 20 97.55283 72.69953 20 94.55033 79.38926 20 90.45085 85.35534 20 85.35534 90.45085 20 79.38926 94.55033 20 72.69953 97.55283 20 65.45085 99.38442 20 57.82172 100 20 50 99.38442 20 42.17827 97.55283 20 34.54915 94.55033 20 27.30047 90.45085 20 20.61074 85.35534 20 14.64466 79.38926 20 9.549151 72.69953 20 5.449674 65.45085 20 2.447174 57.82172 20 0.615583 50 20 0 42.17827 20 0.615583 34.54915 20 2.447174 27.30047 20 5.449674 20.61074 20 9.549151 14.64466 20 14.64466 9.549151 20 20.61074 5.449674 20 27.30047 2.447174 20 34.54915 0.615583 20 42.17827 0 20 50 0.615583 20 57.82172 2.447174 20 65.45085 5.449674 20 72.69953 9.549151 20 79.38926 14.64466 20 85.35534 20.61074 20 90.45085 27.30047 20 94.55033 34.54915 20 97.55283 75 25 120 75 75 120 25 25 120 25 75 120 830 15 105 825 25 105 770 15 105 775 25 105 775 75 105 830 85 105 825 75 105 770 85 105 803.3515 82.0689 50 803.3515 82.39404 50 830 82.0689 50 830 85 50 770 85 50 796.6485 82.39404 50 770 82.0689 50 796.6485 82.0689 50 796.6485 17.9311 50 796.6485 17.60596 50 770 17.9311 50 770 15 50 803.3515 17.60596 50 830 15 50 830 17.9311 50 803.3515 17.9311 50 770 82.0689 102.4143 770 17.9311 102.4143 796.7627 82.0689 50.86744 797.0975 82.0689 51.67576 797.6301 82.0689 52.36989 798.3242 82.0689 52.90251 799.1326 82.0689 53.23733 800 82.0689 53.35153 830 82.0689 102.4143 800.8674 82.0689 53.23733 801.6758 82.0689 52.90251 802.3699 82.0689 52.36989 802.9025 82.0689 51.67576 803.2373 82.0689 50.86744 830 17.9311 102.4143 803.2373 17.9311 50.86744 802.9025 17.9311 51.67576 802.3699 17.9311 52.36989 801.6758 17.9311 52.90251 800.8674 17.9311 53.23733 800 17.9311 53.35153 799.1326 17.9311 53.23733 798.3242 17.9311 52.90251 797.6301 17.9311 52.36989 797.0975 17.9311 51.67576 796.7627 17.9311 50.86744 803.2373 82.39404 49.13256 803.2373 79.70541 49.13256 802.9025 82.39404 48.32423 802.9025 79.70541 48.32423 802.3699 82.39404 47.63011 802.3699 79.70541 47.63011 801.6758 82.39404 47.09749 801.6758 79.70541 47.09749 800.8674 82.39404 46.76267 800.8674 79.70541 46.76267 800 82.39404 46.64847 800 79.70541 46.64847 799.1326 82.39404 46.76267 799.1326 79.70541 46.76267 798.3242 82.39404 47.09749 798.3242 79.70541 47.09749 797.6301 82.39404 47.63011 797.6301 79.70541 47.63011 797.0975 82.39404 48.32423 797.0975 79.70541 48.32423 796.7627 82.39404 49.13256 796.7627 79.70541 49.13256 796.6485 79.70541 50 796.7627 79.70541 50.86744 797.0975 79.70541 51.67576 797.6301 79.70541 52.36989 798.3242 79.70541 52.90251 799.1326 79.70541 53.23733 800 79.70541 53.35153 800.8674 79.70541 53.23733 801.6758 79.70541 52.90251 802.3699 79.70541 52.36989 802.9025 79.70541 51.67576 803.2373 79.70541 50.86744 803.3515 79.70541 50 799.1326 20.29459 53.23733 800 20.29459 53.35153 800.8674 20.29459 53.23733 801.6758 20.29459 52.90251 802.3699 20.29459 52.36989 802.9025 20.29459 51.67576 803.2373 20.29459 50.86744 803.3515 20.29459 50 803.2373 20.29459 49.13256 803.2373 17.60596 49.13256 802.9025 20.29459 48.32423 802.9025 17.60596 48.32423 802.3699 20.29459 47.63011 802.3699 17.60596 47.63011 801.6758 20.29459 47.09749 801.6758 17.60596 47.09749 800.8674 20.29459 46.76267 800.8674 17.60596 46.76267 800 20.29459 46.64847 800 17.60596 46.64847 799.1326 20.29459 46.76267 799.1326 17.60596 46.76267 798.3242 20.29459 47.09749 798.3242 17.60596 47.09749 797.6301 20.29459 47.63011 797.6301 17.60596 47.63011 797.0975 20.29459 48.32423 797.0975 17.60596 48.32423 796.7627 20.29459 49.13256 796.7627 17.60596 49.13256 798.3242 20.29459 52.90251 797.6301 20.29459 52.36989 797.0975 20.29459 51.67576 796.7627 20.29459 50.86744 796.6485 20.29459 50 792.1783 80 99.38442 800 80 100 800 80 90 807.8217 80 99.38442 806.9459 80 89.39231 815.4509 80 97.55283 813.6808 80 87.58771 822.6995 80 94.55033 820 80 84.64102 829.3893 80 90.45085 825.7115 80 80.64178 835.3554 80 85.35534 830.6418 80 75.7115 840.4509 80 79.38926 834.641 80 70 844.5504 80 72.69953 837.5877 80 63.6808 847.5528 80 65.45085 839.3923 80 56.94593 849.3844 80 57.82172 840 80 50 850 80 50 849.3844 80 42.17827 839.3923 80 43.05407 847.5528 80 34.54915 837.5877 80 36.31919 844.5504 80 27.30047 834.641 80 30 840.4509 80 20.61074 830.6418 80 24.2885 835.3554 80 14.64466 825.7115 80 19.35822 829.3893 80 9.549151 820 80 15.35898 822.6995 80 5.449674 813.6808 80 12.4123 815.4509 80 2.447174 806.9459 80 10.60769 807.8217 80 0.615583 800 80 10 800 80 0 792.1783 80 0.615583 793.0541 80 10.60769 784.5491 80 2.447174 786.3192 80 12.4123 777.3005 80 5.449674 780 80 15.35898 770.6107 80 9.549151 774.2885 80 19.35822 764.6447 80 14.64466 769.3582 80 24.2885 759.5491 80 20.61074 765.359 80 30 755.4497 80 27.30047 762.4123 80 36.31919 752.4472 80 34.54915 760.6077 80 43.05407 750.6156 80 42.17827 760 80 50 750 80 50 750.6156 80 57.82172 760.6077 80 56.94593 752.4472 80 65.45085 762.4123 80 63.6808 755.4497 80 72.69953 765.359 80 70 759.5491 80 79.38926 769.3582 80 75.7115 764.6447 80 85.35534 774.2885 80 80.64178 770.6107 80 90.45085 780 80 84.64102 777.3005 80 94.55033 786.3192 80 87.58771 784.5491 80 97.55283 793.0541 80 89.39231 800 60.06026 86.48409 806.7039 60.06026 85.86288 813.1796 60.06026 84.0204 819.2064 60.06026 81.0194 824.5792 60.06026 76.96207 829.1149 60.06026 71.98657 832.6593 60.06026 66.26236 835.0913 60.06026 59.98434 836.3284 60.06026 53.36632 836.3284 60.06026 46.63367 835.0913 60.06026 40.01565 832.6593 60.06026 33.73764 829.1149 60.06026 28.01343 824.5792 60.06026 23.03794 819.2064 60.06026 18.98061 813.1796 60.06026 15.9796 806.7039 60.06026 14.13712 800 60.06026 13.51591 793.2961 60.06026 14.13712 786.8204 60.06026 15.9796 780.7936 60.06026 18.98061 775.4208 60.06026 23.03794 770.8851 60.06026 28.01343 767.3408 60.06026 33.73764 764.9087 60.06026 40.01565 763.6716 60.06026 46.63367 763.6716 60.06026 53.36632 764.9087 60.06026 59.98434 767.3408 60.06026 66.26236 770.8851 60.06026 71.98657 775.4208 60.06026 76.96207 780.7936 60.06026 81.0194 786.8204 60.06026 84.0204 793.2961 60.06026 85.86288 800 60.06026 66.49953 804.2704 60.06026 65.93733 808.2498 60.06026 64.28901 811.6669 60.06026 61.66693 814.289 60.06026 58.24976 815.9373 60.06026 54.27039 816.4995 60.06026 50 815.9373 60.06026 45.72961 814.289 60.06026 41.75024 811.6669 60.06026 38.33307 808.2498 60.06026 35.71099 804.2704 60.06026 34.06268 800 60.06026 33.50047 795.7296 60.06026 34.06268 791.7503 60.06026 35.71099 788.3331 60.06026 38.33307 785.711 60.06026 41.75024 784.0627 60.06026 45.72961 783.5005 60.06026 50 784.0627 60.06026 54.27039 785.711 60.06026 58.24976 788.3331 60.06026 61.66693 791.7503 60.06026 64.28901 795.7296 60.06026 65.93733 803.3739 79.70541 62.59138 800 79.70541 63.03556 796.6262 79.70541 62.59138 793.4822 79.70541 61.28912 790.7825 79.70541 59.21753 788.7109 79.70541 56.51778 787.4086 79.70541 53.37385 786.9644 79.70541 50 787.4086 79.70541 46.62615 788.7109 79.70541 43.48222 790.7825 79.70541 40.78247 793.4822 79.70541 38.71088 796.6262 79.70541 37.40861 800 79.70541 36.96444 803.3739 79.70541 37.40861 806.5178 79.70541 38.71088 809.2175 79.70541 40.78247 811.2891 79.70541 43.48222 812.5914 79.70541 46.62615 813.0356 79.70541 50 812.5914 79.70541 53.37385 811.2891 79.70541 56.51778 809.2175 79.70541 59.21753 806.5178 79.70541 61.28912 800 20.29459 63.03556 803.3739 20.29459 62.59138 806.5178 20.29459 61.28912 809.2175 20.29459 59.21753 811.2891 20.29459 56.51778 812.5914 20.29459 53.37385 813.0356 20.29459 50 812.5914 20.29459 46.62615 811.2891 20.29459 43.48222 809.2175 20.29459 40.78247 806.5178 20.29459 38.71088 803.3739 20.29459 37.40861 800 20.29459 36.96444 796.6262 20.29459 37.40861 793.4822 20.29459 38.71088 790.7825 20.29459 40.78247 788.7109 20.29459 43.48222 787.4086 20.29459 46.62615 786.9644 20.29459 50 787.4086 20.29459 53.37385 788.7109 20.29459 56.51778 790.7825 20.29459 59.21753 793.4822 20.29459 61.28912 796.6262 20.29459 62.59138 804.2704 39.93974 65.93733 800 39.93974 66.49953 795.7296 39.93974 65.93733 791.7503 39.93974 64.28901 788.3331 39.93974 61.66693 785.711 39.93974 58.24976 784.0627 39.93974 54.27039 783.5005 39.93974 50 784.0627 39.93974 45.72961 785.711 39.93974 41.75024 788.3331 39.93974 38.33307 791.7503 39.93974 35.71099 795.7296 39.93974 34.06268 800 39.93974 33.50047 804.2704 39.93974 34.06268 808.2498 39.93974 35.71099 811.6669 39.93974 38.33307 814.289 39.93974 41.75024 815.9373 39.93974 45.72961 816.4995 39.93974 50 815.9373 39.93974 54.27039 814.289 39.93974 58.24976 811.6669 39.93974 61.66693 808.2498 39.93974 64.28901 806.7039 39.93974 85.86288 800 39.93974 86.48409 793.2961 39.93974 85.86288 813.1796 39.93974 84.0204 819.2064 39.93974 81.0194 824.5792 39.93974 76.96207 829.1149 39.93974 71.98657 832.6593 39.93974 66.26236 835.0913 39.93974 59.98434 836.3284 39.93974 53.36632 836.3284 39.93974 46.63367 835.0913 39.93974 40.01565 832.6593 39.93974 33.73764 829.1149 39.93974 28.01343 824.5792 39.93974 23.03794 819.2064 39.93974 18.98061 813.1796 39.93974 15.9796 806.7039 39.93974 14.13712 800 39.93974 13.51591 793.2961 39.93974 14.13712 786.8204 39.93974 15.9796 780.7936 39.93974 18.98061 775.4208 39.93974 23.03794 770.8851 39.93974 28.01343 767.3408 39.93974 33.73764 764.9087 39.93974 40.01565 763.6716 39.93974 46.63367 763.6716 39.93974 53.36632 764.9087 39.93974 59.98434 767.3408 39.93974 66.26236 770.8851 39.93974 71.98657 775.4208 39.93974 76.96207 780.7936 39.93974 81.0194 786.8204 39.93974 84.0204 806.9459 20 89.39231 800 20 90 793.0541 20 89.39231 813.6808 20 87.58771 820 20 84.64102 825.7115 20 80.64178 830.6418 20 75.7115 834.641 20 70 837.5877 20 63.6808 839.3923 20 56.94593 840 20 50 839.3923 20 43.05407 837.5877 20 36.31919 834.641 20 30 830.6418 20 24.2885 825.7115 20 19.35822 820 20 15.35898 813.6808 20 12.4123 806.9459 20 10.60769 800 20 10 793.0541 20 10.60769 786.3192 20 12.4123 780 20 15.35898 774.2885 20 19.35822 769.3582 20 24.2885 765.359 20 30 762.4123 20 36.31919 760.6077 20 43.05407 760 20 50 760.6077 20 56.94593 762.4123 20 63.6808 765.359 20 70 769.3582 20 75.7115 774.2885 20 80.64178 780 20 84.64102 786.3192 20 87.58771 807.8217 20 99.38442 800 20 100 792.1783 20 99.38442 815.4509 20 97.55283 822.6995 20 94.55033 829.3893 20 90.45085 835.3554 20 85.35534 840.4509 20 79.38926 844.5504 20 72.69953 847.5528 20 65.45085 849.3844 20 57.82172 850 20 50 849.3844 20 42.17827 847.5528 20 34.54915 844.5504 20 27.30047 840.4509 20 20.61074 835.3554 20 14.64466 829.3893 20 9.549151 822.6995 20 5.449674 815.4509 20 2.447174 807.8217 20 0.615583 800 20 0 792.1783 20 0.615583 784.5491 20 2.447174 777.3005 20 5.449674 770.6107 20 9.549151 764.6447 20 14.64466 759.5491 20 20.61074 755.4497 20 27.30047 752.4472 20 34.54915 750.6156 20 42.17827 750 20 50 750.6156 20 57.82172 752.4472 20 65.45085 755.4497 20 72.69953 759.5491 20 79.38926 764.6447 20 85.35534 770.6107 20 90.45085 777.3005 20 94.55033 784.5491 20 97.55283 825 25 120 825 75 120 775 25 120 775 75 120 830 1015 105 825 1025 105 770 1015 105 775 1025 105 775 1075 105 830 1085 105 825 1075 105 770 1085 105 803.3515 1082.069 50 803.3515 1082.394 50 830 1082.069 50 830 1085 50 770 1085 50 796.6485 1082.394 50 770 1082.069 50 796.6485 1082.069 50 796.6485 1017.931 50 796.6485 1017.606 50 770 1017.931 50 770 1015 50 803.3515 1017.606 50 830 1015 50 830 1017.931 50 803.3515 1017.931 50 770 1082.069 102.4143 770 1017.931 102.4143 796.7627 1082.069 50.86744 797.0975 1082.069 51.67576 797.6301 1082.069 52.36989 798.3242 1082.069 52.90251 799.1326 1082.069 53.23733 800 1082.069 53.35153 830 1082.069 102.4143 800.8674 1082.069 53.23733 801.6758 1082.069 52.90251 802.3699 1082.069 52.36989 802.9025 1082.069 51.67576 803.2373 1082.069 50.86744 830 1017.931 102.4143 803.2373 1017.931 50.86744 802.9025 1017.931 51.67576 802.3699 1017.931 52.36989 801.6758 1017.931 52.90251 800.8674 1017.931 53.23733 800 1017.931 53.35153 799.1326 1017.931 53.23733 798.3242 1017.931 52.90251 797.6301 1017.931 52.36989 797.0975 1017.931 51.67576 796.7627 1017.931 50.86744 803.2373 1082.394 49.13256 803.2373 1079.705 49.13256 802.9025 1082.394 48.32423 802.9025 1079.705 48.32423 802.3699 1082.394 47.63011 802.3699 1079.705 47.63011 801.6758 1082.394 47.09749 801.6758 1079.705 47.09749 800.8674 1082.394 46.76267 800.8674 1079.705 46.76267 800 1082.394 46.64847 800 1079.705 46.64847 799.1326 1082.394 46.76267 799.1326 1079.705 46.76267 798.3242 1082.394 47.09749 798.3242 1079.705 47.09749 797.6301 1082.394 47.63011 797.6301 1079.705 47.63011 797.0975 1082.394 48.32423 797.0975 1079.705 48.32423 796.7627 1082.394 49.13256 796.7627 1079.705 49.13256 796.6485 1079.705 50 796.7627 1079.705 50.86744 797.0975 1079.705 51.67576 797.6301 1079.705 52.36989 798.3242 1079.705 52.90251 799.1326 1079.705 53.23733 800 1079.705 53.35153 800.8674 1079.705 53.23733 801.6758 1079.705 52.90251 802.3699 1079.705 52.36989 802.9025 1079.705 51.67576 803.2373 1079.705 50.86744 803.3515 1079.705 50 799.1326 1020.295 53.23733 800 1020.295 53.35153 800.8674 1020.295 53.23733 801.6758 1020.295 52.90251 802.3699 1020.295 52.36989 802.9025 1020.295 51.67576 803.2373 1020.295 50.86744 803.3515 1020.295 50 803.2373 1020.295 49.13256 803.2373 1017.606 49.13256 802.9025 1020.295 48.32423 802.9025 1017.606 48.32423 802.3699 1020.295 47.63011 802.3699 1017.606 47.63011 801.6758 1020.295 47.09749 801.6758 1017.606 47.09749 800.8674 1020.295 46.76267 800.8674 1017.606 46.76267 800 1020.295 46.64847 800 1017.606 46.64847 799.1326 1020.295 46.76267 799.1326 1017.606 46.76267 798.3242 1020.295 47.09749 798.3242 1017.606 47.09749 797.6301 1020.295 47.63011 797.6301 1017.606 47.63011 797.0975 1020.295 48.32423 797.0975 1017.606 48.32423 796.7627 1020.295 49.13256 796.7627 1017.606 49.13256 798.3242 1020.295 52.90251 797.6301 1020.295 52.36989 797.0975 1020.295 51.67576 796.7627 1020.295 50.86744 796.6485 1020.295 50 792.1783 1080 99.38442 800 1080 100 800 1080 90 807.8217 1080 99.38442 806.9459 1080 89.39231 815.4509 1080 97.55283 813.6808 1080 87.58771 822.6995 1080 94.55033 820 1080 84.64102 829.3893 1080 90.45085 825.7115 1080 80.64178 835.3554 1080 85.35534 830.6418 1080 75.7115 840.4509 1080 79.38926 834.641 1080 70 844.5504 1080 72.69953 837.5877 1080 63.6808 847.5528 1080 65.45085 839.3923 1080 56.94593 849.3844 1080 57.82172 840 1080 50 850 1080 50 849.3844 1080 42.17827 839.3923 1080 43.05407 847.5528 1080 34.54915 837.5877 1080 36.31919 844.5504 1080 27.30047 834.641 1080 30 840.4509 1080 20.61074 830.6418 1080 24.2885 835.3554 1080 14.64466 825.7115 1080 19.35822 829.3893 1080 9.549151 820 1080 15.35898 822.6995 1080 5.449674 813.6808 1080 12.4123 815.4509 1080 2.447174 806.9459 1080 10.60769 807.8217 1080 0.615583 800 1080 10 800 1080 0 792.1783 1080 0.615583 793.0541 1080 10.60769 784.5491 1080 2.447174 786.3192 1080 12.4123 777.3005 1080 5.449674 780 1080 15.35898 770.6107 1080 9.549151 774.2885 1080 19.35822 764.6447 1080 14.64466 769.3582 1080 24.2885 759.5491 1080 20.61074 765.359 1080 30 755.4497 1080 27.30047 762.4123 1080 36.31919 752.4472 1080 34.54915 760.6077 1080 43.05407 750.6156 1080 42.17827 760 1080 50 750 1080 50 750.6156 1080 57.82172 760.6077 1080 56.94593 752.4472 1080 65.45085 762.4123 1080 63.6808 755.4497 1080 72.69953 765.359 1080 70 759.5491 1080 79.38926 769.3582 1080 75.7115 764.6447 1080 85.35534 774.2885 1080 80.64178 770.6107 1080 90.45085 780 1080 84.64102 777.3005 1080 94.55033 786.3192 1080 87.58771 784.5491 1080 97.55283 793.0541 1080 89.39231 800 1060.06 86.48409 806.7039 1060.06 85.86288 813.1796 1060.06 84.0204 819.2064 1060.06 81.0194 824.5792 1060.06 76.96207 829.1149 1060.06 71.98657 832.6593 1060.06 66.26236 835.0913 1060.06 59.98434 836.3284 1060.06 53.36632 836.3284 1060.06 46.63367 835.0913 1060.06 40.01565 832.6593 1060.06 33.73764 829.1149 1060.06 28.01343 824.5792 1060.06 23.03794 819.2064 1060.06 18.98061 813.1796 1060.06 15.9796 806.7039 1060.06 14.13712 800 1060.06 13.51591 793.2961 1060.06 14.13712 786.8204 1060.06 15.9796 780.7936 1060.06 18.98061 775.4208 1060.06 23.03794 770.8851 1060.06 28.01343 767.3408 1060.06 33.73764 764.9087 1060.06 40.01565 763.6716 1060.06 46.63367 763.6716 1060.06 53.36632 764.9087 1060.06 59.98434 767.3408 1060.06 66.26236 770.8851 1060.06 71.98657 775.4208 1060.06 76.96207 780.7936 1060.06 81.0194 786.8204 1060.06 84.0204 793.2961 1060.06 85.86288 800 1060.06 66.49953 804.2704 1060.06 65.93733 808.2498 1060.06 64.28901 811.6669 1060.06 61.66693 814.289 1060.06 58.24976 815.9373 1060.06 54.27039 816.4995 1060.06 50 815.9373 1060.06 45.72961 814.289 1060.06 41.75024 811.6669 1060.06 38.33307 808.2498 1060.06 35.71099 804.2704 1060.06 34.06268 800 1060.06 33.50047 795.7296 1060.06 34.06268 791.7503 1060.06 35.71099 788.3331 1060.06 38.33307 785.711 1060.06 41.75024 784.0627 1060.06 45.72961 783.5005 1060.06 50 784.0627 1060.06 54.27039 785.711 1060.06 58.24976 788.3331 1060.06 61.66693 791.7503 1060.06 64.28901 795.7296 1060.06 65.93733 803.3739 1079.705 62.59138 800 1079.705 63.03556 796.6262 1079.705 62.59138 793.4822 1079.705 61.28912 790.7825 1079.705 59.21753 788.7109 1079.705 56.51778 787.4086 1079.705 53.37385 786.9644 1079.705 50 787.4086 1079.705 46.62615 788.7109 1079.705 43.48222 790.7825 1079.705 40.78247 793.4822 1079.705 38.71088 796.6262 1079.705 37.40861 800 1079.705 36.96444 803.3739 1079.705 37.40861 806.5178 1079.705 38.71088 809.2175 1079.705 40.78247 811.2891 1079.705 43.48222 812.5914 1079.705 46.62615 813.0356 1079.705 50 812.5914 1079.705 53.37385 811.2891 1079.705 56.51778 809.2175 1079.705 59.21753 806.5178 1079.705 61.28912 800 1020.295 63.03556 803.3739 1020.295 62.59138 806.5178 1020.295 61.28912 809.2175 1020.295 59.21753 811.2891 1020.295 56.51778 812.5914 1020.295 53.37385 813.0356 1020.295 50 812.5914 1020.295 46.62615 811.2891 1020.295 43.48222 809.2175 1020.295 40.78247 806.5178 1020.295 38.71088 803.3739 1020.295 37.40861 800 1020.295 36.96444 796.6262 1020.295 37.40861 793.4822 1020.295 38.71088 790.7825 1020.295 40.78247 788.7109 1020.295 43.48222 787.4086 1020.295 46.62615 786.9644 1020.295 50 787.4086 1020.295 53.37385 788.7109 1020.295 56.51778 790.7825 1020.295 59.21753 793.4822 1020.295 61.28912 796.6262 1020.295 62.59138 804.2704 1039.94 65.93733 800 1039.94 66.49953 795.7296 1039.94 65.93733 791.7503 1039.94 64.28901 788.3331 1039.94 61.66693 785.711 1039.94 58.24976 784.0627 1039.94 54.27039 783.5005 1039.94 50 784.0627 1039.94 45.72961 785.711 1039.94 41.75024 788.3331 1039.94 38.33307 791.7503 1039.94 35.71099 795.7296 1039.94 34.06268 800 1039.94 33.50047 804.2704 1039.94 34.06268 808.2498 1039.94 35.71099 811.6669 1039.94 38.33307 814.289 1039.94 41.75024 815.9373 1039.94 45.72961 816.4995 1039.94 50 815.9373 1039.94 54.27039 814.289 1039.94 58.24976 811.6669 1039.94 61.66693 808.2498 1039.94 64.28901 806.7039 1039.94 85.86288 800 1039.94 86.48409 793.2961 1039.94 85.86288 813.1796 1039.94 84.0204 819.2064 1039.94 81.0194 824.5792 1039.94 76.96207 829.1149 1039.94 71.98657 832.6593 1039.94 66.26236 835.0913 1039.94 59.98434 836.3284 1039.94 53.36632 836.3284 1039.94 46.63367 835.0913 1039.94 40.01565 832.6593 1039.94 33.73764 829.1149 1039.94 28.01343 824.5792 1039.94 23.03794 819.2064 1039.94 18.98061 813.1796 1039.94 15.9796 806.7039 1039.94 14.13712 800 1039.94 13.51591 793.2961 1039.94 14.13712 786.8204 1039.94 15.9796 780.7936 1039.94 18.98061 775.4208 1039.94 23.03794 770.8851 1039.94 28.01343 767.3408 1039.94 33.73764 764.9087 1039.94 40.01565 763.6716 1039.94 46.63367 763.6716 1039.94 53.36632 764.9087 1039.94 59.98434 767.3408 1039.94 66.26236 770.8851 1039.94 71.98657 775.4208 1039.94 76.96207 780.7936 1039.94 81.0194 786.8204 1039.94 84.0204 806.9459 1020 89.39231 800 1020 90 793.0541 1020 89.39231 813.6808 1020 87.58771 820 1020 84.64102 825.7115 1020 80.64178 830.6418 1020 75.7115 834.641 1020 70 837.5877 1020 63.6808 839.3923 1020 56.94593 840 1020 50 839.3923 1020 43.05407 837.5877 1020 36.31919 834.641 1020 30 830.6418 1020 24.2885 825.7115 1020 19.35822 820 1020 15.35898 813.6808 1020 12.4123 806.9459 1020 10.60769 800 1020 10 793.0541 1020 10.60769 786.3192 1020 12.4123 780 1020 15.35898 774.2885 1020 19.35822 769.3582 1020 24.2885 765.359 1020 30 762.4123 1020 36.31919 760.6077 1020 43.05407 760 1020 50 760.6077 1020 56.94593 762.4123 1020 63.6808 765.359 1020 70 769.3582 1020 75.7115 774.2885 1020 80.64178 780 1020 84.64102 786.3192 1020 87.58771 807.8217 1020 99.38442 800 1020 100 792.1783 1020 99.38442 815.4509 1020 97.55283 822.6995 1020 94.55033 829.3893 1020 90.45085 835.3554 1020 85.35534 840.4509 1020 79.38926 844.5504 1020 72.69953 847.5528 1020 65.45085 849.3844 1020 57.82172 850 1020 50 849.3844 1020 42.17827 847.5528 1020 34.54915 844.5504 1020 27.30047 840.4509 1020 20.61074 835.3554 1020 14.64466 829.3893 1020 9.549151 822.6995 1020 5.449674 815.4509 1020 2.447174 807.8217 1020 0.615583 800 1020 0 792.1783 1020 0.615583 784.5491 1020 2.447174 777.3005 1020 5.449674 770.6107 1020 9.549151 764.6447 1020 14.64466 759.5491 1020 20.61074 755.4497 1020 27.30047 752.4472 1020 34.54915 750.6156 1020 42.17827 750 1020 50 750.6156 1020 57.82172 752.4472 1020 65.45085 755.4497 1020 72.69953 759.5491 1020 79.38926 764.6447 1020 85.35534 770.6107 1020 90.45085 777.3005 1020 94.55033 784.5491 1020 97.55283 825 1025 120 825 1075 120 775 1025 120 775 1075 120 80 1015 105 75 1025 105 20 1015 105 25 1025 105 25 1075 105 80 1085 105 75 1075 105 20 1085 105 53.35153 1082.069 50 53.35153 1082.394 50 80 1082.069 50 80 1085 50 20 1085 50 46.64847 1082.394 50 20 1082.069 50 46.64847 1082.069 50 46.64847 1017.931 50 46.64847 1017.606 50 20 1017.931 50 20 1015 50 53.35153 1017.606 50 80 1015 50 80 1017.931 50 53.35153 1017.931 50 20 1082.069 102.4143 20 1017.931 102.4143 46.76267 1082.069 50.86744 47.09749 1082.069 51.67576 47.63011 1082.069 52.36989 48.32423 1082.069 52.90251 49.13256 1082.069 53.23733 50 1082.069 53.35153 80 1082.069 102.4143 50.86744 1082.069 53.23733 51.67576 1082.069 52.90251 52.36989 1082.069 52.36989 52.90251 1082.069 51.67576 53.23733 1082.069 50.86744 80 1017.931 102.4143 53.23733 1017.931 50.86744 52.90251 1017.931 51.67576 52.36989 1017.931 52.36989 51.67576 1017.931 52.90251 50.86744 1017.931 53.23733 50 1017.931 53.35153 49.13256 1017.931 53.23733 48.32423 1017.931 52.90251 47.63011 1017.931 52.36989 47.09749 1017.931 51.67576 46.76267 1017.931 50.86744 53.23733 1082.394 49.13256 53.23733 1079.705 49.13256 52.90251 1082.394 48.32423 52.90251 1079.705 48.32423 52.36989 1082.394 47.63011 52.36989 1079.705 47.63011 51.67576 1082.394 47.09749 51.67576 1079.705 47.09749 50.86744 1082.394 46.76267 50.86744 1079.705 46.76267 50 1082.394 46.64847 50 1079.705 46.64847 49.13256 1082.394 46.76267 49.13256 1079.705 46.76267 48.32423 1082.394 47.09749 48.32423 1079.705 47.09749 47.63011 1082.394 47.63011 47.63011 1079.705 47.63011 47.09749 1082.394 48.32423 47.09749 1079.705 48.32423 46.76267 1082.394 49.13256 46.76267 1079.705 49.13256 46.64847 1079.705 50 46.76267 1079.705 50.86744 47.09749 1079.705 51.67576 47.63011 1079.705 52.36989 48.32423 1079.705 52.90251 49.13256 1079.705 53.23733 50 1079.705 53.35153 50.86744 1079.705 53.23733 51.67576 1079.705 52.90251 52.36989 1079.705 52.36989 52.90251 1079.705 51.67576 53.23733 1079.705 50.86744 53.35153 1079.705 50 49.13256 1020.295 53.23733 50 1020.295 53.35153 50.86744 1020.295 53.23733 51.67576 1020.295 52.90251 52.36989 1020.295 52.36989 52.90251 1020.295 51.67576 53.23733 1020.295 50.86744 53.35153 1020.295 50 53.23733 1020.295 49.13256 53.23733 1017.606 49.13256 52.90251 1020.295 48.32423 52.90251 1017.606 48.32423 52.36989 1020.295 47.63011 52.36989 1017.606 47.63011 51.67576 1020.295 47.09749 51.67576 1017.606 47.09749 50.86744 1020.295 46.76267 50.86744 1017.606 46.76267 50 1020.295 46.64847 50 1017.606 46.64847 49.13256 1020.295 46.76267 49.13256 1017.606 46.76267 48.32423 1020.295 47.09749 48.32423 1017.606 47.09749 47.63011 1020.295 47.63011 47.63011 1017.606 47.63011 47.09749 1020.295 48.32423 47.09749 1017.606 48.32423 46.76267 1020.295 49.13256 46.76267 1017.606 49.13256 48.32423 1020.295 52.90251 47.63011 1020.295 52.36989 47.09749 1020.295 51.67576 46.76267 1020.295 50.86744 46.64847 1020.295 50 42.17827 1080 99.38442 50 1080 100 50 1080 90 57.82172 1080 99.38442 56.94593 1080 89.39231 65.45085 1080 97.55283 63.6808 1080 87.58771 72.69953 1080 94.55033 70 1080 84.64102 79.38926 1080 90.45085 75.7115 1080 80.64178 85.35534 1080 85.35534 80.64178 1080 75.7115 90.45085 1080 79.38926 84.64102 1080 70 94.55033 1080 72.69953 87.58771 1080 63.6808 97.55283 1080 65.45085 89.39231 1080 56.94593 99.38442 1080 57.82172 90 1080 50 100 1080 50 99.38442 1080 42.17827 89.39231 1080 43.05407 97.55283 1080 34.54915 87.58771 1080 36.31919 94.55033 1080 27.30047 84.64102 1080 30 90.45085 1080 20.61074 80.64178 1080 24.2885 85.35534 1080 14.64466 75.7115 1080 19.35822 79.38926 1080 9.549151 70 1080 15.35898 72.69953 1080 5.449674 63.6808 1080 12.4123 65.45085 1080 2.447174 56.94593 1080 10.60769 57.82172 1080 0.615583 50 1080 10 50 1080 0 42.17827 1080 0.615583 43.05407 1080 10.60769 34.54915 1080 2.447174 36.31919 1080 12.4123 27.30047 1080 5.449674 30 1080 15.35898 20.61074 1080 9.549151 24.2885 1080 19.35822 14.64466 1080 14.64466 19.35822 1080 24.2885 9.549151 1080 20.61074 15.35898 1080 30 5.449674 1080 27.30047 12.4123 1080 36.31919 2.447174 1080 34.54915 10.60769 1080 43.05407 0.615583 1080 42.17827 10 1080 50 0 1080 50 0.615583 1080 57.82172 10.60769 1080 56.94593 2.447174 1080 65.45085 12.4123 1080 63.6808 5.449674 1080 72.69953 15.35898 1080 70 9.549151 1080 79.38926 19.35822 1080 75.7115 14.64466 1080 85.35534 24.2885 1080 80.64178 20.61074 1080 90.45085 30 1080 84.64102 27.30047 1080 94.55033 36.31919 1080 87.58771 34.54915 1080 97.55283 43.05407 1080 89.39231 50 1060.06 86.48409 56.70393 1060.06 85.86288 63.17957 1060.06 84.0204 69.2064 1060.06 81.0194 74.57917 1060.06 76.96207 79.11493 1060.06 71.98657 82.65922 1060.06 66.26236 85.09133 1060.06 59.98434 86.32846 1060.06 53.36632 86.32846 1060.06 46.63367 85.09133 1060.06 40.01565 82.65922 1060.06 33.73764 79.11493 1060.06 28.01343 74.57917 1060.06 23.03794 69.2064 1060.06 18.98061 63.17957 1060.06 15.9796 56.70393 1060.06 14.13712 50 1060.06 13.51591 43.29607 1060.06 14.13712 36.82043 1060.06 15.9796 30.7936 1060.06 18.98061 25.42083 1060.06 23.03794 20.88507 1060.06 28.01343 17.34079 1060.06 33.73764 14.90867 1060.06 40.01565 13.67155 1060.06 46.63367 13.67155 1060.06 53.36632 14.90867 1060.06 59.98434 17.34079 1060.06 66.26236 20.88507 1060.06 71.98657 25.42083 1060.06 76.96207 30.7936 1060.06 81.0194 36.82043 1060.06 84.0204 43.29607 1060.06 85.86288 50 1060.06 66.49953 54.27039 1060.06 65.93733 58.24976 1060.06 64.28901 61.66693 1060.06 61.66693 64.28901 1060.06 58.24976 65.93733 1060.06 54.27039 66.49953 1060.06 50 65.93733 1060.06 45.72961 64.28901 1060.06 41.75024 61.66693 1060.06 38.33307 58.24976 1060.06 35.71099 54.27039 1060.06 34.06268 50 1060.06 33.50047 45.72961 1060.06 34.06268 41.75024 1060.06 35.71099 38.33307 1060.06 38.33307 35.71099 1060.06 41.75024 34.06268 1060.06 45.72961 33.50047 1060.06 50 34.06268 1060.06 54.27039 35.71099 1060.06 58.24976 38.33307 1060.06 61.66693 41.75024 1060.06 64.28901 45.72961 1060.06 65.93733 53.37385 1079.705 62.59138 50 1079.705 63.03556 46.62615 1079.705 62.59138 43.48222 1079.705 61.28912 40.78247 1079.705 59.21753 38.71088 1079.705 56.51778 37.40861 1079.705 53.37385 36.96444 1079.705 50 37.40861 1079.705 46.62615 38.71088 1079.705 43.48222 40.78247 1079.705 40.78247 43.48222 1079.705 38.71088 46.62615 1079.705 37.40861 50 1079.705 36.96444 53.37385 1079.705 37.40861 56.51778 1079.705 38.71088 59.21753 1079.705 40.78247 61.28912 1079.705 43.48222 62.59138 1079.705 46.62615 63.03556 1079.705 50 62.59138 1079.705 53.37385 61.28912 1079.705 56.51778 59.21753 1079.705 59.21753 56.51778 1079.705 61.28912 50 1020.295 63.03556 53.37385 1020.295 62.59138 56.51778 1020.295 61.28912 59.21753 1020.295 59.21753 61.28912 1020.295 56.51778 62.59138 1020.295 53.37385 63.03556 1020.295 50 62.59138 1020.295 46.62615 61.28912 1020.295 43.48222 59.21753 1020.295 40.78247 56.51778 1020.295 38.71088 53.37385 1020.295 37.40861 50 1020.295 36.96444 46.62615 1020.295 37.40861 43.48222 1020.295 38.71088 40.78247 1020.295 40.78247 38.71088 1020.295 43.48222 37.40861 1020.295 46.62615 36.96444 1020.295 50 37.40861 1020.295 53.37385 38.71088 1020.295 56.51778 40.78247 1020.295 59.21753 43.48222 1020.295 61.28912 46.62615 1020.295 62.59138 54.27039 1039.94 65.93733 50 1039.94 66.49953 45.72961 1039.94 65.93733 41.75024 1039.94 64.28901 38.33307 1039.94 61.66693 35.71099 1039.94 58.24976 34.06268 1039.94 54.27039 33.50047 1039.94 50 34.06268 1039.94 45.72961 35.71099 1039.94 41.75024 38.33307 1039.94 38.33307 41.75024 1039.94 35.71099 45.72961 1039.94 34.06268 50 1039.94 33.50047 54.27039 1039.94 34.06268 58.24976 1039.94 35.71099 61.66693 1039.94 38.33307 64.28901 1039.94 41.75024 65.93733 1039.94 45.72961 66.49953 1039.94 50 65.93733 1039.94 54.27039 64.28901 1039.94 58.24976 61.66693 1039.94 61.66693 58.24976 1039.94 64.28901 56.70393 1039.94 85.86288 50 1039.94 86.48409 43.29607 1039.94 85.86288 63.17957 1039.94 84.0204 69.2064 1039.94 81.0194 74.57917 1039.94 76.96207 79.11493 1039.94 71.98657 82.65922 1039.94 66.26236 85.09133 1039.94 59.98434 86.32846 1039.94 53.36632 86.32846 1039.94 46.63367 85.09133 1039.94 40.01565 82.65922 1039.94 33.73764 79.11493 1039.94 28.01343 74.57917 1039.94 23.03794 69.2064 1039.94 18.98061 63.17957 1039.94 15.9796 56.70393 1039.94 14.13712 50 1039.94 13.51591 43.29607 1039.94 14.13712 36.82043 1039.94 15.9796 30.7936 1039.94 18.98061 25.42083 1039.94 23.03794 20.88507 1039.94 28.01343 17.34079 1039.94 33.73764 14.90867 1039.94 40.01565 13.67155 1039.94 46.63367 13.67155 1039.94 53.36632 14.90867 1039.94 59.98434 17.34079 1039.94 66.26236 20.88507 1039.94 71.98657 25.42083 1039.94 76.96207 30.7936 1039.94 81.0194 36.82043 1039.94 84.0204 56.94593 1020 89.39231 50 1020 90 43.05407 1020 89.39231 63.6808 1020 87.58771 70 1020 84.64102 75.7115 1020 80.64178 80.64178 1020 75.7115 84.64102 1020 70 87.58771 1020 63.6808 89.39231 1020 56.94593 90 1020 50 89.39231 1020 43.05407 87.58771 1020 36.31919 84.64102 1020 30 80.64178 1020 24.2885 75.7115 1020 19.35822 70 1020 15.35898 63.6808 1020 12.4123 56.94593 1020 10.60769 50 1020 10 43.05407 1020 10.60769 36.31919 1020 12.4123 30 1020 15.35898 24.2885 1020 19.35822 19.35822 1020 24.2885 15.35898 1020 30 12.4123 1020 36.31919 10.60769 1020 43.05407 10 1020 50 10.60769 1020 56.94593 12.4123 1020 63.6808 15.35898 1020 70 19.35822 1020 75.7115 24.2885 1020 80.64178 30 1020 84.64102 36.31919 1020 87.58771 57.82172 1020 99.38442 50 1020 100 42.17827 1020 99.38442 65.45085 1020 97.55283 72.69953 1020 94.55033 79.38926 1020 90.45085 85.35534 1020 85.35534 90.45085 1020 79.38926 94.55033 1020 72.69953 97.55283 1020 65.45085 99.38442 1020 57.82172 100 1020 50 99.38442 1020 42.17827 97.55283 1020 34.54915 94.55033 1020 27.30047 90.45085 1020 20.61074 85.35534 1020 14.64466 79.38926 1020 9.549151 72.69953 1020 5.449674 65.45085 1020 2.447174 57.82172 1020 0.615583 50 1020 0 42.17827 1020 0.615583 34.54915 1020 2.447174 27.30047 1020 5.449674 20.61074 1020 9.549151 14.64466 1020 14.64466 9.549151 1020 20.61074 5.449674 1020 27.30047 2.447174 1020 34.54915 0.615583 1020 42.17827 0 1020 50 0.615583 1020 57.82172 2.447174 1020 65.45085 5.449674 1020 72.69953 9.549151 1020 79.38926 14.64466 1020 85.35534 20.61074 1020 90.45085 27.30047 1020 94.55033 34.54915 1020 97.55283 75 1025 120 75 1075 120 25 1025 120 25 1075 120</float_array>
          <technique_common>
            <accessor source="#YukKutusu-mesh-positions-array" count="1800" stride="3">
              <param name="X" type="float"/>
              <param name="Y" type="float"/>
              <param name="Z" type="float"/>
            </accessor>
          </technique_common>
        </source>
        <source id="YukKutusu-mesh-normals">
          <float_array id="YukKutusu-mesh-normals-array" count="6504">1 0 0 0 1 0 0 0 -1 0 -1 0 0 0 1 -1 0 0 3.90703e-7 0 -1 -1.95352e-7 0 -1 0 -1 -1.9661e-6 0 -1 1.95883e-5 0 -1 -4.31516e-6 0 -1 6.63641e-6 0 -1 6.63645e-6 0 -1 -4.31515e-6 0 -1 -5.25305e-6 0 -1 1.95883e-5 0 -1 -2.47537e-7 0 1 -2.64039e-6 0 1 -4.91526e-7 0 1 8.51666e-7 0 1 -5.39394e-7 0 1 1.24433e-7 0 1 1.24433e-7 0 1 -5.39395e-7 0 1 -5.83673e-7 0 1 8.51665e-7 0 1 -1.52648e-6 1 1.51442e-6 0 0.9914451 0 -0.1305249 0.991445 0 -0.1305258 0.9238787 0 -0.3826857 0.793354 0 -0.6087607 0.6087627 0 -0.7933524 0.6087602 0 -0.7933543 0.3826833 0 -0.9238796 0.1305235 0 -0.9914453 0.1305307 0 -0.9914444 -0.1305298 0 -0.9914445 -0.1305243 0 -0.9914451 -0.3826833 0 -0.9238796 -0.6087586 0 -0.7933556 -0.6087642 0 -0.7933512 -0.793354 0 -0.6087607 -0.9238787 0 -0.3826857 -0.991445 0 -0.1305258 -0.9914449 0 -0.1305264 -0.9914449 0 0.1305264 -0.9238798 0 0.3826828 -0.9238792 0 0.3826843 -0.7933549 0 0.6087595 -0.7933522 0 0.608763 -0.6087636 0 0.7933518 -0.6087607 0 0.7933539 -0.3826796 0 0.9238811 -0.3826859 0 0.9238786 -0.1305264 0 0.9914449 0.1305264 0 0.9914449 0.3826859 0 0.9238786 0.3826796 0 0.9238811 0.6087589 0 0.7933554 0.6087654 0 0.7933503 0.7933522 0 0.608763 0.7933549 0 0.6087595 0.9238798 0 0.3826828 0.9238792 0 0.3826843 0.9914449 0 0.1305264 0.9914449 0 -0.1305264 -0.9914451 0 -0.1305249 -0.1305192 0 0.9914458 -0.1305338 0 0.9914439 0.1305337 0 0.9914439 0.1305193 0 0.9914458 0.3826865 0 0.9238782 0.3826802 0 0.9238809 0.6087598 0 0.7933547 0.6087645 0 0.7933511 0.7933527 0 0.6087625 0.9238788 0 0.3826854 0.9914449 0 0.130526 0.9914449 0 0.1305262 0.9914449 0 -0.130526 0.991445 0 -0.1305254 0.9238789 0 -0.3826853 0.9238789 0 -0.3826849 0.7933536 0 -0.6087611 0.6087635 0 -0.7933518 0.6087594 0 -0.7933549 0.3826836 0 -0.9238796 0.3826839 0 -0.9238795 0.1305239 0 -0.9914453 0.1305301 0 -0.9914444 -0.1305302 0 -0.9914444 -0.1305238 0 -0.9914452 -0.3826836 0 -0.9238796 -0.3826839 0 -0.9238795 -0.6087594 0 -0.7933549 -0.6087635 0 -0.7933518 -0.7933536 0 -0.6087611 -0.9238789 0 -0.3826853 -0.9238789 0 -0.3826849 -0.991445 0 -0.1305254 -0.9914446 0 -0.1305282 -0.3826865 0 0.9238782 -0.3826802 0 0.9238809 -0.6087598 0 0.7933547 -0.6087645 0 0.7933511 -0.7933554 0 0.6087589 -0.9238788 0 0.3826854 -0.9914449 0 0.1305262 -0.9914449 0 0.130526 -0.9914449 0 -0.130526 0.9914446 0 -0.1305282 0 1 -1.57412e-6 0 1 8.64845e-7 0 1 -7.8998e-7 0 1 8.6225e-7 0 1 -7.89979e-7 0 1 8.62897e-7 0 1 -1.72969e-6 0 1 3.93529e-7 0 1 1.73622e-6 0 1 -1.56832e-6 0 1 3.49088e-6 0 1 -1.75574e-6 0 1 1.75574e-6 0 1 -3.49088e-6 0 1 1.56832e-6 0 1 -3.93529e-7 0 1 1.72969e-6 0 1 7.89979e-7 0 1 7.89979e-7 0 1 1.57412e-6 0.0858398 0.1730071 -0.9811729 -0.0858398 0.1730071 -0.9811729 -0.0908516 0.1746436 -0.9804314 -0.2549815 0.1715341 -0.9516095 -0.2693867 0.1761558 -0.9467841 -0.4164482 0.170244 -0.8930778 -0.438664 0.1774649 -0.8809541 -0.5653122 0.1691376 -0.8073504 -0.5929473 0.1785727 -0.7851913 -0.6970314 0.1682131 -0.6970306 -0.7270088 0.1794787 -0.6627561 -0.8075829 0.1674752 -0.5654752 -0.8363016 0.1801827 -0.5178166 -0.8935924 0.166921 -0.4166895 -0.9171245 0.180686 -0.355296 -0.9524348 0.16655 -0.2552039 -0.9667397 0.180988 -0.1807148 -0.982312 0.1663653 -0.08594101 -0.9834668 0.1810886 0 -0.9823119 0.1663656 0.08594119 -0.9667397 0.180988 0.1807148 -0.9524348 0.16655 0.2552039 -0.9171247 0.1806854 0.3552957 -0.8935924 0.166921 0.4166895 -0.8363014 0.1801827 0.5178167 -0.8075829 0.1674748 0.5654752 -0.7270088 0.1794787 0.6627561 -0.6970308 0.1682133 0.6970312 -0.5929482 0.1785729 0.7851905 -0.5653125 0.1691375 0.8073502 -0.4386633 0.1774647 0.8809545 -0.416449 0.1702437 0.8930775 -0.2693838 0.1761558 0.9467849 -0.2549827 0.171534 0.9516091 -0.09085053 0.1746439 0.9804314 -0.08584129 0.1730072 0.9811727 0.08584129 0.1730071 0.9811727 0.09085053 0.1746437 0.9804315 0.2549827 0.1715342 0.9516091 0.2693838 0.1761558 0.9467849 0.416449 0.1702437 0.8930775 0.4386634 0.177465 0.8809544 0.5653123 0.1691371 0.8073504 0.5929482 0.1785724 0.7851906 0.6970309 0.1682141 0.6970309 0.7270088 0.1794784 0.6627562 0.8075827 0.1674751 0.5654752 0.8363017 0.1801827 0.5178164 0.8935926 0.1669209 0.4166889 0.9171247 0.1806855 0.3552957 0.9524346 0.1665511 0.2552039 0.9667397 0.1809875 0.1807155 0.9823118 0.1663662 0.08594095 0.9834669 0.1810879 0 0.9823119 0.1663659 -0.08594083 0.9667395 0.1809875 -0.1807157 0.9524346 0.1665511 -0.2552039 0.9171246 0.1806857 -0.355296 0.8935926 0.1669207 -0.4166889 0.8363017 0.1801825 -0.5178165 0.8075827 0.167475 -0.5654752 0.7270088 0.1794784 -0.6627562 0.6970316 0.1682137 -0.6970303 0.5929471 0.1785726 -0.7851915 0.565312 0.169137 -0.8073506 0.438664 0.1774649 -0.8809541 0.4164482 0.170244 -0.8930778 0.2693867 0.1761558 -0.9467841 0.2549815 0.1715341 -0.9516095 0.09085166 0.1746438 -0.9804313 0 1 4.57143e-7 0 1 -4.54322e-7 0 1 4.56782e-7 0 1 -1.40826e-6 0 1 4.57007e-7 0 1 -9.0998e-7 0 1 5.70079e-7 0 1 -5.70079e-7 0 1 9.0998e-7 0 1 -4.57007e-7 0 1 2.81653e-6 0 1 -4.56782e-7 0 1 4.54322e-7 0 1 -4.57143e-7 0 1 -4.57143e-7 0 1 -4.56782e-7 0 1 6.85511e-7 0 1 -1.41434e-6 0 1 1.81996e-6 0 1 -1.59622e-6 0 1 1.59622e-6 0 1 -1.81996e-6 0 1 -6.85512e-7 0 1 4.56782e-7 0 1 4.57143e-7 0.1285737 0.1722065 0.9766339 0.1285787 0.1722069 0.9766332 -0.1285765 0.1722065 0.9766336 -0.1285751 0.1722069 0.9766337 -0.3769697 0.1722067 0.9100763 -0.3769657 0.1722069 0.9100779 -0.5996674 0.1722065 0.7815011 -0.599667 0.1722065 0.7815014 -0.7815008 0.1722066 0.5996678 -0.7815021 0.172207 0.5996659 -0.9100776 0.1722072 0.376966 -0.9100772 0.1722064 0.3769675 -0.9766334 0.1722072 0.1285765 -0.9766336 0.1722064 0.1285765 -0.9766335 0.1722069 -0.1285769 -0.9766334 0.1722071 -0.1285763 -0.9100777 0.1722066 -0.3769662 -0.9100774 0.1722067 -0.3769671 -0.7815009 0.1722069 -0.5996677 -0.781502 0.1722068 -0.5996662 -0.5996674 0.1722065 -0.7815011 -0.599667 0.1722068 -0.7815014 -0.3769649 0.1722068 -0.9100783 -0.3769673 0.1722072 -0.9100771 -0.1285765 0.1722061 -0.9766336 -0.1285787 0.1722074 -0.9766331 0.1285765 0.1722065 -0.9766336 0.1285786 0.1722064 -0.9766333 0.3769648 0.1722071 -0.9100782 0.3769671 0.1722071 -0.9100772 0.5996674 0.1722068 -0.781501 0.5996671 0.1722063 -0.7815015 0.7815012 0.1722066 -0.5996674 0.781502 0.1722068 -0.5996662 0.910077 0.1722065 -0.3769679 0.9100774 0.1722065 -0.3769668 0.9766334 0.1722078 -0.1285753 0.9766336 0.1722066 -0.1285756 0.9766337 0.172207 0.1285749 0.9766334 0.1722073 0.1285759 0.910077 0.1722065 0.3769679 0.9100772 0.1722068 0.3769675 0.7815012 0.1722066 0.5996672 0.781502 0.1722068 0.5996662 0.5996676 0.1722058 0.7815012 0.599667 0.1722068 0.7815014 0.3769673 0.1722072 0.9100771 0.3769689 0.1722068 0.9100766 0 1 9.34047e-7 0 1 3.63295e-6 0 1 -7.26586e-6 0 1 9.34045e-7 0 1 -7.2658e-6 0 1 9.34046e-7 0 1 -1.86809e-6 0 1 1.45316e-5 0 1 -4.67023e-7 0 1 4.67023e-7 0 1 -1.45316e-5 0 1 1.86809e-6 0 1 -9.34046e-7 0 1 -9.34045e-7 0 1 7.26586e-6 0 1 -1.86809e-6 0 1 7.2658e-6 0 1 -9.34045e-7 0 1 1.86809e-6 0 1 4.67023e-7 0 1 -4.67023e-7 0 1 1.45316e-5 0 1 -1.86809e-6 0 1 9.34045e-7 0 1 -2.09942e-5 0 1 -1.62592e-6 0 1 1.51475e-5 0 1 -4.63795e-6 0 1 -2.41772e-5 0 1 1.28219e-5 0 1 5.25376e-5 0 -1 4.24506e-7 0 -1 1.45776e-6 0 -1 -3.25185e-6 0 -1 1.42008e-6 0 -1 -4.63795e-6 0 -1 3.02215e-6 0 -1 -1.69971e-6 0 -1 6.5672e-6 0 -1 2.33512e-7 0 -1 -4.5411e-7 0 -1 4.67023e-7 0 -1 -1.81646e-6 0 -1 2.27057e-7 0 -1 -5.67642e-7 0 -1 7.37934e-7 0 -1 -9.34046e-7 0 -1 9.34046e-7 0 -1 -7.37934e-7 0 -1 5.67642e-7 0 -1 -2.27057e-7 0 -1 -4.67023e-7 0 -1 1.81646e-6 0 -1 -2.33511e-7 0 -1 4.5411e-7 0 -1 0 0 -1 -4.54119e-7 0 -1 4.54108e-7 0 -1 -4.67024e-7 0 -1 1.81646e-6 0 -1 5.67644e-7 0 -1 -7.37933e-7 0 -1 9.34046e-7 0 -1 -9.34046e-7 0 -1 7.37933e-7 0 -1 -5.67644e-7 0 -1 4.67023e-7 0 -1 -1.81646e-6 0 -1 2.33512e-7 0 -1 -4.54108e-7 0 -1 0 0.1285752 -0.1722068 0.9766337 0.1285764 -0.1722065 0.9766336 -0.1285787 -0.1722067 0.9766333 -0.1285736 -0.1722066 0.9766339 -0.3769689 -0.1722071 0.9100764 -0.3769673 -0.1722065 0.9100773 -0.5996672 -0.1722068 0.7815012 -0.5996673 -0.1722061 0.7815012 -0.781502 -0.1722068 0.5996662 -0.7815007 -0.1722065 0.599668 -0.9100772 -0.1722072 0.3769674 -0.9100776 -0.1722066 0.3769665 -0.9766336 -0.1722069 0.1285761 -0.9766335 -0.1722066 0.1285766 -0.9766336 -0.1722064 -0.1285759 -0.9766333 -0.1722075 -0.128577 -0.9100779 -0.1722058 -0.3769663 -0.9100776 -0.1722069 -0.3769664 -0.781502 -0.1722069 -0.5996662 -0.7815007 -0.1722065 -0.599668 -0.5996673 -0.1722066 -0.7815012 -0.5996673 -0.1722066 -0.7815012 -0.3769675 -0.172207 -0.9100772 -0.3769647 -0.172207 -0.9100782 -0.1285787 -0.1722063 -0.9766333 -0.1285764 -0.1722069 -0.9766336 0.1285787 -0.1722067 -0.9766333 0.1285765 -0.1722062 -0.9766337 0.3769674 -0.1722072 -0.9100771 0.3769648 -0.1722072 -0.9100782 0.5996672 -0.1722064 -0.7815012 0.5996673 -0.1722064 -0.7815012 0.781502 -0.1722064 -0.5996663 0.7815011 -0.1722066 -0.5996674 0.9100776 -0.1722061 -0.3769668 0.9100773 -0.1722063 -0.3769675 0.9766334 -0.1722077 -0.1285763 0.9766336 -0.172207 -0.1285749 0.9766336 -0.1722066 0.1285759 0.9766337 -0.1722072 0.1285751 0.9100772 -0.1722072 0.3769673 0.910077 -0.1722065 0.376968 0.781502 -0.1722069 0.5996662 0.781501 -0.1722066 0.5996676 0.5996673 -0.1722064 0.7815012 0.5996673 -0.1722064 0.7815012 0.3769659 -0.1722073 0.9100777 0.3769696 -0.1722066 0.9100763 0 -1 3.52216e-7 0 -1 1.76033e-7 0 -1 3.53584e-7 0 -1 0 0 -1 0 0 -1 -3.53585e-7 0 -1 -1.76033e-7 0 -1 -3.52216e-7 0 -1 -3.52217e-7 0 -1 5.28097e-7 0 -1 -9.14015e-7 0 -1 -3.53585e-7 0 -1 9.12126e-7 0 -1 0 0 -1 0 0 -1 -9.12126e-7 0 -1 9.0998e-7 0 -1 3.53585e-7 0 -1 -5.28097e-7 0 -1 -2.28234e-7 0 -1 3.52217e-7 -0.0908516 -0.1746439 -0.9804313 -0.0858398 -0.1730071 -0.9811729 0.0858398 -0.1730071 -0.9811729 -0.2549815 -0.1715341 -0.9516095 -0.2693867 -0.1761558 -0.9467841 -0.4164482 -0.1702441 -0.8930778 -0.438664 -0.1774649 -0.8809541 -0.5653121 -0.1691373 -0.8073505 -0.5929473 -0.1785727 -0.7851913 -0.6970316 -0.1682133 -0.6970304 -0.7270087 -0.1794787 -0.6627563 -0.8075827 -0.167475 -0.5654752 -0.8363016 -0.1801823 -0.5178166 -0.8935924 -0.1669212 -0.4166895 -0.9171246 -0.1806856 -0.3552959 -0.9524348 -0.16655 -0.2552039 -0.9667395 -0.1809884 -0.180715 -0.982312 -0.1663653 -0.08594083 -0.9834668 -0.1810886 0 -0.9823119 -0.1663656 0.08594095 -0.9667395 -0.1809884 0.180715 -0.9524348 -0.16655 0.2552039 -0.9171248 -0.1806854 0.3552956 -0.8935923 -0.1669214 0.4166894 -0.8363016 -0.1801827 0.5178166 -0.8075829 -0.1674748 0.5654752 -0.7270087 -0.1794787 0.6627563 -0.697031 -0.1682133 0.6970309 -0.5929483 -0.1785729 0.7851904 -0.5653125 -0.1691373 0.8073503 -0.4386633 -0.1774647 0.8809545 -0.416449 -0.1702437 0.8930776 -0.2693839 -0.1761558 0.9467849 -0.2549827 -0.171534 0.9516092 -0.09085053 -0.1746438 0.9804314 -0.08584129 -0.1730073 0.9811727 0.08584129 -0.173007 0.9811727 0.09085053 -0.1746437 0.9804314 0.2549827 -0.1715342 0.9516091 0.2693839 -0.1761558 0.9467849 0.416449 -0.1702437 0.8930775 0.4386634 -0.177465 0.8809543 0.5653123 -0.1691371 0.8073504 0.5929481 -0.1785724 0.7851907 0.697031 -0.1682141 0.6970308 0.7270087 -0.1794784 0.6627563 0.8075827 -0.1674751 0.5654752 0.8363017 -0.1801826 0.5178163 0.8935926 -0.1669209 0.4166889 0.9171247 -0.1806855 0.3552957 0.9524346 -0.1665511 0.255204 0.9667397 -0.1809875 0.1807153 0.9823118 -0.1663662 0.08594107 0.9834669 -0.1810879 0 0.9823119 -0.1663659 -0.08594089 0.9667397 -0.1809875 -0.1807153 0.9524346 -0.1665511 -0.255204 0.9171245 -0.1806858 -0.355296 0.8935927 -0.1669207 -0.4166889 0.8363018 -0.1801825 -0.5178163 0.8075829 -0.167475 -0.5654753 0.7270087 -0.1794784 -0.6627563 0.6970317 -0.1682137 -0.6970301 0.592947 -0.1785726 -0.7851915 0.5653121 -0.169137 -0.8073506 0.4386641 -0.1774649 -0.880954 0.4164482 -0.170244 -0.8930779 0.2693867 -0.1761558 -0.9467841 0.2549815 -0.1715342 -0.9516095 0.0908516 -0.1746438 -0.9804313 0 -1 3.93529e-7 0 -1 -2.16211e-7 0 -1 3.94501e-7 0 -1 -2.15563e-7 0 -1 -2.15724e-7 0 -1 3.24317e-7 0 -1 -2.17027e-7 0 -1 3.9208e-7 0 -1 -7.63631e-7 0 -1 3.90164e-7 0 -1 -3.90164e-7 0 -1 7.63631e-7 0 -1 -3.9208e-7 0 -1 2.17027e-7 0 -1 -3.24317e-7 0 -1 2.15724e-7 0 -1 -1.97495e-7 0 -1 2.15562e-7 0 -1 -1.97495e-7 0 -1 -1.97251e-7 0 -1 2.16211e-7 0 -1 -3.93529e-7 0.07845818 0 0.9969174 0.07846027 0 0.9969173 -0.07846027 0 0.9969173 -0.07845818 0 0.9969174 -0.2334454 0 0.9723699 -0.2334454 0 0.97237 -0.3826825 0 0.92388 -0.3826843 0 0.9238793 -0.5224988 0 0.85264 -0.5224974 0 0.8526409 -0.6494491 0 0.7604051 -0.6494479 0 0.7604062 -0.7604063 0 0.6494478 -0.7604063 0 0.6494478 -0.8526405 0 0.5224981 -0.8526394 0 0.5224999 -0.9238797 0 0.3826832 -0.9238796 0 0.3826835 -0.9723699 0 0.2334454 -0.97237 0 0.2334453 -0.9969174 0 0.07845902 -0.9969174 0 0.07845908 -0.9969174 0 -0.07845908 -0.9969174 0 -0.07845902 -0.9723699 0 -0.2334454 -0.97237 0 -0.2334453 -0.9238796 0 -0.3826836 -0.9238796 0 -0.3826833 -0.8526402 0 -0.5224986 -0.8526403 0 -0.5224986 -0.7604058 0 -0.6494483 -0.760406 0 -0.649448 -0.6494482 0 -0.7604059 -0.649448 0 -0.760406 -0.5224986 0 -0.8526402 -0.5224987 0 -0.8526401 -0.3826835 0 -0.9238796 -0.3826835 0 -0.9238796 -0.2334454 0 -0.97237 -0.2334453 0 -0.97237 -0.07845908 0 -0.9969174 -0.07845908 0 -0.9969174 0.07845908 0 -0.9969174 0.07845908 0 -0.9969174 0.2334454 0 -0.9723699 0.2334453 0 -0.97237 0.3826836 0 -0.9238796 0.5224988 0 -0.85264 0.5224987 0 -0.8526401 0.6494478 0 -0.7604063 0.6494479 0 -0.7604061 0.760406 0 -0.6494482 0.7604057 0 -0.6494485 0.8526405 0 -0.5224981 0.9238795 0 -0.3826836 0.9238795 0 -0.3826839 0.97237 0 -0.2334451 0.9969174 0 -0.07845932 0.9969174 0 -0.07845938 0.9969174 0 0.07845938 0.9969174 0 0.07845932 0.97237 0 0.2334451 0.9238795 0 0.3826839 0.9238796 0 0.3826835 0.8526396 0 0.5224995 0.8526408 0 0.5224977 0.7604061 0 0.6494479 0.6494476 0 0.7604063 0.6494489 0 0.7604054 0.5224975 0 0.8526409 0.5224989 0 0.85264 0.3826843 0 0.9238792 0.3826826 0 0.9238799 0.2334454 0 0.9723699 0.2334454 0 0.97237 3.90703e-7 0 -1 -1.95352e-7 0 -1 0 -1 3.57472e-7 0 -1 4.68423e-6 0 -1 -1.23282e-6 0 -1 1.99109e-6 0 -1 1.99094e-6 0 -1 -1.23305e-6 0 -1 4.08565e-6 0 -1 5.77588e-6 0 1 4.91524e-7 0 1 -1.91628e-6 0 1 -4.97735e-7 0 1 -4.97772e-7 0 1 -1.45916e-7 0 1 4.74447e-7 1 -1.21154e-5 0 0.991446 0 -0.1305183 0.9914454 0 -0.1305218 0.9238958 0 -0.3826441 0.7933353 0 -0.6087852 0.7933337 0 -0.6087872 0.60878 0 -0.7933392 0.6087759 0 -0.7933424 0.3826742 0 -0.9238834 0.1305251 0 -0.9914451 0.1305315 0 -0.9914442 -0.1305315 0 -0.9914442 -0.1305251 0 -0.9914451 -0.3826742 0 -0.9238834 -0.6087759 0 -0.7933424 -0.60878 0 -0.7933392 -0.7933353 0 -0.6087852 -0.7933337 0 -0.6087872 -0.9238958 0 -0.3826441 -0.9914454 0 -0.1305218 -0.9914455 0 -0.1305219 -0.9914455 0 0.1305219 -0.9238962 0 0.3826434 -0.9238968 0 0.3826418 -0.7933353 0 0.608785 -0.7933325 0 0.6087886 -0.6087796 0 0.7933395 -0.6087768 0 0.7933416 -0.3826718 0 0.9238845 -0.3826755 0 0.9238829 -0.1305274 0 0.9914447 0.1305274 0 0.9914447 0.3826781 0 0.9238818 0.3826692 0 0.9238855 0.608775 0 0.7933431 0.6087814 0 0.7933381 0.7933325 0 0.6087886 0.7933353 0 0.608785 0.9238962 0 0.3826434 0.9238968 0 0.3826418 0.9914455 0 0.1305219 0.9914455 0 -0.1305219 -0.991446 0 -0.1305183 -0.1305204 0 0.9914456 -0.1305349 0 0.9914438 0.1305349 0 0.9914438 0.1305204 0 0.9914456 0.3826774 0 0.9238821 0.3826711 0 0.9238847 0.6087768 0 0.7933416 0.6087818 0 0.7933377 0.7933335 0 0.6087874 0.7933363 0 0.6087839 0.9238958 0 0.3826444 0.9914456 0 0.1305217 0.9914456 0 -0.1305217 0.9914456 0 -0.1305212 0.9238958 0 -0.3826445 0.7933345 0 -0.6087862 0.7933349 0 -0.6087857 0.6087803 0 -0.793339 0.6087766 0 -0.7933418 0.3826748 0 -0.9238833 0.1305249 0 -0.9914451 0.1305313 0 -0.9914443 -0.1305313 0 -0.9914443 -0.1305249 0 -0.9914451 -0.3826748 0 -0.9238833 -0.6087762 0 -0.793342 -0.6087808 0 -0.7933387 -0.7933345 0 -0.6087862 -0.7933349 0 -0.6087857 -0.9238958 0 -0.3826445 -0.9914456 0 -0.1305212 -0.9914455 0 -0.1305216 -0.3826774 0 0.9238821 -0.3826711 0 0.9238847 -0.6087772 0 0.7933413 -0.6087814 0 0.7933381 -0.7933335 0 0.6087874 -0.7933363 0 0.6087839 -0.9238958 0 0.3826444 -0.9914456 0 0.1305217 -0.9914456 0 -0.1305217 0.9914455 0 -0.1305216 0.08583986 0.1730046 -0.9811733 -0.08583986 0.1730063 -0.981173 -0.09085184 0.174645 -0.9804311 -0.254982 0.1715346 -0.9516092 -0.2693865 0.1761539 -0.9467844 -0.4164471 0.1702438 -0.8930784 -0.4386624 0.1774644 -0.880955 -0.5653132 0.1691353 -0.8073502 -0.5929494 0.1785715 -0.78519 -0.6970303 0.1682094 -0.6970325 -0.7270078 0.1794816 -0.6627564 -0.807585 0.1674735 -0.5654724 -0.8363003 0.1801807 -0.5178194 -0.8935913 0.1669208 -0.416692 -0.9171265 0.1806868 -0.3552903 -0.952434 0.1665507 -0.255207 -0.9667391 0.180991 -0.1807147 -0.9823117 0.1663687 -0.08593755 -0.9834664 0.1810913 0 -0.9823116 0.166369 0.08593767 -0.9667391 0.180991 0.1807147 -0.952434 0.1665507 0.255207 -0.9171261 0.1806901 0.3552899 -0.8935913 0.1669208 0.416692 -0.8363002 0.1801806 0.5178196 -0.807585 0.1674735 0.5654724 -0.7270087 0.1794764 0.6627569 -0.6970289 0.1682163 0.6970323 -0.5929507 0.1785705 0.7851892 -0.5653135 0.1691353 0.80735 -0.4386618 0.1774641 0.8809553 -0.4164478 0.1702437 0.8930781 -0.2693836 0.1761541 0.9467853 -0.2549833 0.1715345 0.951609 -0.09085071 0.174645 0.9804312 -0.08584135 0.1730067 0.9811728 0.08584135 0.1730058 0.981173 0.09085071 0.174645 0.9804312 0.2549833 0.1715345 0.951609 0.2693836 0.1761541 0.9467853 0.4164478 0.1702437 0.8930781 0.4386616 0.1774645 0.8809553 0.5653135 0.1691353 0.80735 0.5929505 0.1785714 0.7851891 0.6970297 0.1682096 0.6970332 0.7270088 0.1794747 0.6627572 0.807585 0.1674735 0.5654724 0.8363003 0.1801807 0.5178194 0.8935913 0.1669208 0.416692 0.9171267 0.1806867 0.35529 0.952434 0.1665507 0.255207 0.9667391 0.180991 0.1807147 0.9823116 0.166369 0.08593767 0.9834664 0.1810913 0 0.9823117 0.1663687 -0.08593755 0.9667391 0.180991 -0.1807147 0.952434 0.1665507 -0.255207 0.9171265 0.1806868 -0.3552905 0.8935923 0.1669141 -0.4166924 0.8362999 0.1801824 -0.5178194 0.807585 0.1674735 -0.5654724 0.7270087 0.1794764 -0.6627569 0.6970303 0.1682094 -0.6970325 0.5929495 0.1785707 -0.7851901 0.5653132 0.1691353 -0.8073502 0.4386625 0.1774635 -0.8809552 0.4164471 0.1702438 -0.8930784 0.2693864 0.1761556 -0.9467841 0.254982 0.1715346 -0.9516092 0.09085184 0.174645 -0.9804311 0 1 4.57148e-7 0 1 5.70081e-7 0 1 -5.70081e-7 0 1 -1.41736e-6 0 1 -4.5714e-7 0 1 -4.57149e-7 0 1 1.41739e-6 0.1285738 0.1722124 0.9766328 0.1285792 0.1722016 0.976634 -0.1285767 0.1722068 0.9766334 -0.1285755 0.1722087 0.9766333 -0.3769697 0.1722064 0.9100763 -0.3769661 0.1722155 0.9100762 -0.5996663 0.1722047 0.7815024 -0.5996646 0.172211 0.7815023 -0.7815033 0.1722014 0.5996661 -0.7815011 0.172208 0.599667 -0.9100766 0.1722093 0.3769677 -0.9100795 0.1722014 0.376964 -0.9766348 0.1722011 0.1285738 -0.9766333 0.1722007 0.1285865 -0.9766349 0.1722011 -0.1285731 -0.976633 0.172201 -0.1285876 -0.9100763 0.1722121 -0.3769672 -0.9100799 0.1722011 -0.3769634 -0.7815024 0.1722069 -0.5996655 -0.7815011 0.172208 -0.599667 -0.5996651 0.1722171 -0.7815006 -0.5996652 0.172204 -0.7815034 -0.3769649 0.1722068 -0.9100782 -0.3769685 0.1722014 -0.9100777 -0.1285766 0.1722123 -0.9766325 -0.128579 0.1722086 -0.9766328 0.1285767 0.1722068 -0.9766334 0.128579 0.1722086 -0.9766328 0.3769652 0.1722012 -0.9100791 0.3769678 0.1722118 -0.910076 0.5996657 0.1722102 -0.7815016 0.5996646 0.172211 -0.7815023 0.7815033 0.1722014 -0.5996661 0.7815011 0.172208 -0.599667 0.9100766 0.1722093 -0.3769677 0.9100799 0.1722011 -0.3769634 0.9766339 0.1722068 -0.1285739 0.9766333 0.1722007 -0.1285865 0.976635 0.1722009 0.128573 0.9766319 0.172208 0.1285874 0.9100772 0.1722065 0.3769676 0.9100795 0.1722014 0.376964 0.7815017 0.1722124 0.5996649 0.7815031 0.172194 0.5996685 0.5996656 0.1722116 0.7815013 0.5996659 0.172197 0.7815044 0.3769667 0.1722176 0.9100754 0.37697 0.1722013 0.9100771 0 1 9.34063e-7 0 1 3.63296e-6 0 1 -1.81627e-6 0 1 9.34056e-7 0 1 -9.34063e-7 0 1 -1.8681e-6 0 1 1.45315e-5 0 1 2.33509e-7 0 1 -2.33509e-7 0 1 -1.45315e-5 0 1 1.8681e-6 0 1 -9.34056e-7 0 1 -1.86813e-6 0 1 -9.3407e-7 0 1 9.34077e-7 0 1 1.86807e-6 0 1 -1.86807e-6 0 1 -9.34077e-7 0 1 9.3407e-7 0 1 -2.17349e-5 0 1 1.16624e-5 0 1 -5.69054e-6 0 1 -9.27575e-6 0 1 3.41915e-5 0 1 -2.71961e-5 0 1 -2.62688e-5 0 -1 -1.69804e-7 0 -1 -1.82224e-6 0 -1 4.73341e-7 0 -1 -7.55543e-7 0 -1 -2.33516e-7 0 -1 9.08186e-7 0 -1 4.54123e-7 0 -1 -2.27045e-6 0 -1 2.38411e-6 0 -1 1.02176e-6 0 -1 -9.34035e-7 0 -1 9.34035e-7 0 -1 -1.02176e-6 0 -1 -2.38411e-6 0 -1 2.27045e-6 0 -1 -4.67031e-7 0 -1 -4.54123e-7 0 -1 -9.08186e-7 0 -1 2.33516e-7 0 -1 9.08239e-7 0 -1 -9.08133e-7 0 -1 -4.54149e-7 0 -1 2.27018e-6 0 -1 -2.38425e-6 0 -1 2.38425e-6 0 -1 -2.27018e-6 0 -1 4.67031e-7 0 -1 4.54149e-7 0 -1 9.08133e-7 0.1285755 -0.1722087 0.9766333 0.1285766 -0.1722061 0.9766336 -0.1285792 -0.1722016 0.9766341 -0.1285737 -0.1722116 0.976633 -0.3769701 -0.1722013 0.9100771 -0.3769665 -0.1722176 0.9100756 -0.5996665 -0.1721935 0.7815048 -0.5996655 -0.1722116 0.7815015 -0.7815012 -0.172208 0.5996668 -0.781503 -0.1722014 0.5996663 -0.9100795 -0.1722014 0.3769641 -0.910077 -0.1722065 0.376968 -0.9766319 -0.172208 0.1285871 -0.9766349 -0.1722009 0.1285733 -0.9766331 -0.1722007 -0.1285871 -0.9766339 -0.1722068 -0.1285735 -0.9100797 -0.1722043 -0.3769626 -0.910077 -0.1722065 -0.376968 -0.7815011 -0.172208 -0.599667 -0.781503 -0.1722014 -0.5996663 -0.5996648 -0.1722093 -0.7815026 -0.5996655 -0.1722116 -0.7815015 -0.3769678 -0.1722118 -0.910076 -0.3769651 -0.1722012 -0.9100791 -0.128579 -0.1722086 -0.9766328 -0.1285765 -0.1722123 -0.9766325 0.1285792 -0.1722016 -0.9766341 0.1285765 -0.1722123 -0.9766325 0.3769686 -0.1722014 -0.9100777 0.3769646 -0.1722095 -0.9100778 0.5996642 -0.1722145 -0.7815018 0.5996655 -0.1722116 -0.7815015 0.7815022 -0.172201 -0.5996675 0.7815023 -0.1722069 -0.5996657 0.9100787 -0.1722081 -0.376963 0.9766318 -0.1722083 -0.1285873 0.9766349 -0.1722009 -0.1285733 0.9766331 -0.1722007 0.1285871 0.976634 -0.1722066 0.1285733 0.910079 -0.1722049 0.3769638 0.7815011 -0.172208 0.599667 0.781503 -0.1722014 0.5996663 0.5996648 -0.1722093 0.7815026 0.5996661 -0.1722061 0.7815023 0.3769661 -0.1722155 0.9100762 0.3769696 -0.1722064 0.9100763 0 -1 3.52218e-7 0 -1 7.08693e-7 0 -1 -5.28106e-7 0 -1 3.53585e-7 0 -1 0 0 -1 0 0 -1 5.28095e-7 0 -1 -7.08681e-7 0 -1 -3.52215e-7 0 -1 -3.52219e-7 0 -1 5.28104e-7 0 -1 -3.53581e-7 0 -1 3.53581e-7 0 -1 -5.28098e-7 0 -1 7.08697e-7 -0.09085178 -0.1746449 -0.9804311 -0.08583986 -0.1730063 -0.9811729 0.08583986 -0.1730063 -0.9811729 -0.254982 -0.1715346 -0.9516092 -0.2693864 -0.1761556 -0.9467841 -0.4164471 -0.1702446 -0.8930782 -0.4386623 -0.1774644 -0.8809551 -0.5653133 -0.1691362 -0.80735 -0.5929495 -0.1785716 -0.7851899 -0.6970303 -0.1682111 -0.6970322 -0.7270082 -0.1794781 -0.6627569 -0.8075849 -0.1674752 -0.5654723 -0.8362998 -0.1801841 -0.5178189 -0.8935912 -0.1669208 -0.4166922 -0.9171261 -0.1806904 -0.3552899 -0.9524334 -0.166554 -0.2552068 -0.9667384 -0.1809945 -0.1807148 -0.9823123 -0.1663654 -0.08593761 -0.9834664 -0.1810913 0 -0.9823122 -0.1663656 0.08593773 -0.9667384 -0.1809945 0.1807148 -0.9524334 -0.166554 0.2552068 -0.9171262 -0.1806902 0.3552895 -0.8935912 -0.1669208 0.4166922 -0.8363008 -0.1801772 0.5178195 -0.807585 -0.1674735 0.5654724 -0.7270082 -0.1794781 0.6627569 -0.6970294 -0.168213 0.6970326 -0.5929507 -0.1785714 0.785189 -0.5653136 -0.1691353 0.8073499 -0.4386616 -0.1774644 0.8809554 -0.4164479 -0.1702437 0.893078 -0.2693836 -0.1761541 0.9467853 -0.2549833 -0.1715345 0.951609 -0.09085071 -0.1746445 0.9804313 -0.08584135 -0.173008 0.9811726 0.08584141 -0.1730046 0.9811731 0.09085065 -0.1746462 0.980431 0.2549833 -0.1715345 0.951609 0.2693837 -0.1761523 0.9467856 0.4164478 -0.170245 0.8930778 0.4386616 -0.1774644 0.8809554 0.5653136 -0.1691361 0.8073498 0.5929507 -0.1785714 0.785189 0.6970296 -0.1682113 0.6970329 0.7270087 -0.1794747 0.6627573 0.8075849 -0.1674752 0.5654723 0.8362998 -0.1801841 0.5178189 0.8935914 -0.1669191 0.4166923 0.9171274 -0.1806833 0.35529 0.9524334 -0.166554 0.2552068 0.9667397 -0.1809875 0.180715 0.9823116 -0.166369 0.08593767 0.9834664 -0.1810913 0 0.9823117 -0.1663687 -0.08593755 0.9667397 -0.1809875 -0.180715 0.9524334 -0.166554 -0.2552068 0.9171261 -0.1806904 -0.3552899 0.8935917 -0.1669175 -0.4166924 0.8362998 -0.1801841 -0.5178189 0.8075846 -0.1674768 -0.5654721 0.7270087 -0.1794747 -0.6627573 0.6970301 -0.1682128 -0.697032 0.5929495 -0.1785716 -0.7851899 0.5653133 -0.1691353 -0.8073501 0.4386623 -0.1774644 -0.8809551 0.4164472 -0.1702438 -0.8930783 0.2693864 -0.1761556 -0.9467841 0.254982 -0.1715346 -0.9516092 0.09085178 -0.1746454 -0.9804311 0.0784583 0 0.9969175 0.07846033 0 0.9969173 -0.07846033 0 0.9969173 -0.0784583 0 0.9969175 -0.2334448 0 0.9723702 -0.3826832 0 0.9238796 -0.382685 0 0.9238789 -0.5224977 0 0.8526408 -0.5224962 0 0.8526417 -0.6494498 0 0.7604046 -0.6494486 0 0.7604056 -0.7604057 0 0.6494485 -0.8526399 0 0.5224991 -0.8526387 0 0.5225009 -0.9238823 0 0.3826768 -0.9238822 0 0.3826772 -0.9723696 0 0.2334469 -0.9969172 0 0.07846122 -0.9969173 0 0.07846134 -0.9969173 0 -0.07846134 -0.9969172 0 -0.07846122 -0.9723696 0 -0.2334469 -0.9238822 0 -0.3826772 -0.9238822 0 -0.382677 -0.8526396 0 -0.5224996 -0.7604052 0 -0.649449 -0.7604055 0 -0.6494488 -0.6494489 0 -0.7604053 -0.6494488 0 -0.7604054 -0.5224975 0 -0.8526409 -0.3826842 0 -0.9238792 -0.2334446 0 -0.9723702 -0.2334446 0 -0.9723702 -0.07845914 0 -0.9969174 0.07845914 0 -0.9969174 0.2334446 0 -0.9723702 0.2334446 0 -0.9723702 0.3826842 0 -0.9238792 0.5224975 0 -0.8526409 0.6494488 0 -0.7604054 0.6494489 0 -0.7604053 0.7604055 0 -0.6494488 0.7604052 0 -0.649449 0.8526396 0 -0.5224996 0.9238822 0 -0.382677 0.9238822 0 -0.3826772 0.9723696 0 -0.2334469 0.9969172 0 -0.07846122 0.9969173 0 -0.07846134 0.9969173 0 0.07846134 0.9969172 0 0.07846122 0.9723696 0 0.2334469 0.9238822 0 0.3826772 0.9238823 0 0.3826768 0.8526387 0 0.5225009 0.8526399 0 0.5224991 0.7604057 0 0.6494485 0.6494486 0 0.7604056 0.6494498 0 0.7604046 0.5224962 0 0.8526417 0.5224977 0 0.8526408 0.382685 0 0.9238789 0.3826832 0 0.9238796 0.2334448 0 0.9723702 0 -1 1.17251e-4 0 -1 -1.02201e-4 0 -1 5.91753e-5 0 -1 1.59287e-5 0 -1 1.59275e-5 0 -1 5.91864e-5 0 -1 -6.53705e-5 0 -1 1.83026e-4 0 -1 -3.63055e-5 0 1 -4.57564e-5 0 1 1.97589e-4 0 1 -2.98831e-4 0 1 1.72627e-5 0 1 -2.92005e-5 0 1 -2.92026e-5 0 1 1.72595e-5 0 1 -2.24127e-4 0 1 2.70641e-5 1 -1.21152e-5 0 0.9914437 0 -0.1305353 0.9914467 0 -0.1305124 0.9238952 0 -0.3826459 0.9238971 0 -0.3826413 0.7933508 0 -0.6087649 0.7933006 0 -0.6088302 0.608794 0 -0.7933284 0.6087608 0 -0.7933539 0.3826837 0 -0.9238795 0.3826581 0 -0.9238901 0.1305344 0 -0.9914439 0.1305273 0 -0.9914448 -0.1305407 0 -0.991443 -0.1305209 0 -0.9914456 -0.3826948 0 -0.9238749 -0.382647 0 -0.9238946 -0.6087858 0 -0.7933346 -0.6087689 0 -0.7933476 -0.7933508 0 -0.6087649 -0.7933006 0 -0.6088302 -0.9238971 0 -0.3826413 -0.9238952 0 -0.3826459 -0.9914467 0 -0.1305124 -0.9914442 0 -0.1305312 -0.9914462 0 0.1305167 -0.9914442 0 0.1305312 -0.9239097 0 0.3826108 -0.9238888 0 0.3826612 -0.7933537 0 0.608761 -0.7932994 0 0.6088318 -0.608786 0 0.7933346 -0.6087574 0 0.7933564 -0.3826801 0 0.9238809 -0.3826655 0 0.923887 -0.1305354 0 0.9914437 0.1305427 0 0.9914427 0.1305202 0 0.9914457 0.3826864 0 0.9238784 0.3826591 0 0.9238896 0.608786 0 0.7933346 0.6087574 0 0.7933564 0.7933564 0 0.6087574 0.7932967 0 0.6088353 0.9239097 0 0.3826108 0.9238888 0 0.3826612 0.9914462 0 0.1305167 0.9914442 0 0.1305312 0.9914442 0 -0.1305312 -0.9914437 0 -0.1305353 -0.1305347 0 0.9914438 0.1305347 0 0.9914438 0.3826844 0 0.9238792 0.3826509 0 0.923893 0.608776 0 0.7933421 0.6087853 0 0.7933351 0.7933389 0 0.6087804 0.7933416 0 0.6087768 0.9238964 0 0.3826429 0.9238952 0 0.3826455 0.9914451 0 0.1305245 0.991446 0 0.1305173 0.9914451 0 -0.1305245 0.9914461 0 -0.1305167 0.9238989 0 -0.3826367 0.9238916 0 -0.3826543 0.7933305 0 -0.6087913 0.7933353 0 -0.608785 0.6087981 0 -0.7933252 0.6087689 0 -0.7933476 0.3826764 0 -0.9238825 0.3826636 0 -0.9238877 0.1305276 0 -0.9914447 -0.1305341 0 -0.9914439 -0.3826819 0 -0.9238801 -0.3826581 0 -0.9238901 -0.608794 0 -0.7933284 -0.6087731 0 -0.7933444 -0.7933353 0 -0.608785 -0.7933305 0 -0.6087913 -0.9239009 0 -0.3826321 -0.9238897 0 -0.3826588 -0.9914461 0 -0.1305167 -0.9914407 0 -0.1305578 -0.3826635 0 0.9238878 -0.608776 0 0.7933421 -0.6087853 0 0.7933351 -0.7933389 0 0.6087804 -0.7933416 0 0.6087768 -0.9238964 0 0.3826429 -0.9238952 0 0.3826455 -0.991446 0 0.1305173 -0.9914451 0 0.1305245 -0.9914451 0 -0.1305245 0.9914407 0 -0.1305578 0 1 1.39638e-5 0 1 -1.38899e-5 0 1 -1.25927e-5 0 1 1.38378e-5 0 1 1.26397e-5 0 1 -1.3796e-5 0 1 -1.26239e-5 0 1 1.38376e-5 0 1 -1.25464e-5 0 1 1.25464e-5 0 1 1.26239e-5 0 1 -1.26397e-5 0 1 1.25929e-5 0 1 -1.39639e-5 0 1 1.38899e-5 0 1 1.25926e-5 0 1 -1.38378e-5 0 1 -1.26396e-5 0 1 1.3796e-5 0 1 -1.38376e-5 0 1 1.25466e-5 0 1 -1.25466e-5 0 1 1.26396e-5 0.08583986 0.1730045 -0.9811733 -0.0858398 0.1730062 -0.981173 -0.09085196 0.1746453 -0.980431 -0.2549827 0.1715351 -0.9516089 -0.2693843 0.1761536 -0.9467851 -0.4164487 0.1702445 -0.8930776 -0.4386599 0.1774641 -0.8809564 -0.5653129 0.1691352 -0.8073505 -0.5929491 0.178572 -0.7851902 -0.6970305 0.1682099 -0.6970322 -0.7270064 0.1794817 -0.6627579 -0.8075844 0.1674737 -0.5654732 -0.8363002 0.1801815 -0.5178191 -0.8935907 0.166921 -0.4166932 -0.9171283 0.1806872 -0.3552858 -0.9524343 0.1665514 -0.2552052 -0.9667382 0.1809912 -0.1807193 -0.9823115 0.1663693 -0.08593785 -0.9834663 0.1810916 0 -0.9823115 0.1663693 0.08593785 -0.9667388 0.1809915 0.180716 -0.9524345 0.1665511 0.2552047 -0.9171275 0.1806908 0.3552858 -0.8935905 0.1669211 0.4166935 -0.8363023 0.1801815 0.5178157 -0.8075842 0.1674739 0.5654737 -0.7270067 0.1794762 0.6627591 -0.6970291 0.1682167 0.6970321 -0.5929504 0.1785709 0.7851894 -0.5653126 0.1691352 0.8073507 -0.4386585 0.1774631 0.8809572 -0.4164487 0.1702445 0.8930776 -0.2693822 0.1761537 0.9467858 -0.2549834 0.1715351 0.9516088 -0.09085083 0.1746457 0.980431 -0.08584111 0.1730066 0.9811729 0.08584111 0.1730058 0.981173 0.09085065 0.1746453 0.9804311 0.2549834 0.1715351 0.9516088 0.2693822 0.1761537 0.9467858 0.4164487 0.1702445 0.8930776 0.4386599 0.1774641 0.8809564 0.5653126 0.1691352 0.8073507 0.5929503 0.1785718 0.7851893 0.6970299 0.16821 0.6970329 0.7270078 0.1794747 0.6627582 0.8075842 0.1674739 0.5654737 0.8363007 0.1801812 0.5178183 0.8935905 0.1669211 0.4166935 0.9171282 0.1806873 0.3552861 0.9524345 0.1665511 0.2552047 0.9667382 0.1809914 0.1807195 0.9823115 0.1663693 0.08593785 0.9834663 0.1810916 0 0.9823115 0.1663693 -0.08593785 0.9667388 0.1809913 -0.1807159 0.9524343 0.1665514 -0.2552052 0.9171283 0.1806872 -0.3552858 0.8935917 0.1669143 -0.4166936 0.8363015 0.1801835 -0.5178163 0.8075844 0.1674737 -0.5654732 0.7270063 0.1794763 -0.6627595 0.6970305 0.1682099 -0.6970322 0.5929492 0.1785711 -0.7851902 0.5653129 0.1691352 -0.8073505 0.4386585 0.1774626 -0.8809573 0.4164487 0.1702445 -0.8930776 0.2693842 0.1761553 -0.9467848 0.2549827 0.1715351 -0.9516089 0.0908522 0.1746456 -0.9804309 0 1 7.26926e-6 0 1 -7.30845e-6 0 1 2.25327e-5 0 1 -1.82802e-5 0 1 4.52591e-5 0 1 5.47277e-6 0 1 -5.47277e-6 0 1 -4.52586e-5 0 1 1.82802e-5 0 1 7.30855e-6 0 1 -7.26932e-6 0 1 -7.26921e-6 0 1 7.30853e-6 0 1 -2.25322e-5 0 1 -4.52581e-5 0 1 4.52581e-5 0 1 -1.82803e-5 0 1 -7.30847e-6 0 1 7.26916e-6 0.1285741 0.1722128 0.9766327 0.1285789 0.1722012 0.9766342 -0.1285763 0.1722063 0.9766336 -0.1285761 0.1722095 0.9766331 -0.3769717 0.1722072 0.9100754 -0.3769642 0.1722146 0.9100771 -0.5996719 0.1722064 0.7814977 -0.5996596 0.1722095 0.7815065 -0.7815085 0.1722032 0.5996588 -0.781498 0.1722072 0.5996713 -0.9100788 0.1722097 0.3769623 -0.9100768 0.1722002 0.3769713 -0.9766354 0.1722017 0.1285686 -0.9766324 0.1722005 0.1285928 -0.9766348 0.1722011 -0.1285738 -0.9766333 0.172201 -0.1285859 -0.9100764 0.1722121 -0.376967 -0.910079 0.1722009 -0.3769657 -0.7815051 0.1722075 -0.5996618 -0.7814973 0.1722075 -0.5996721 -0.5996666 0.1722176 -0.7814992 -0.5996637 0.1722036 -0.7815046 -0.3769649 0.1722067 -0.9100783 -0.3769666 0.1722005 -0.9100787 -0.1285769 0.1722128 -0.9766324 -0.1285769 0.1722082 -0.9766332 0.1285763 0.1722063 -0.9766336 0.1285778 0.1722094 -0.9766328 0.3769671 0.1722021 -0.9100782 0.3769659 0.172211 -0.910077 0.5996714 0.1722118 -0.781497 0.5996596 0.1722095 -0.7815065 0.7815096 0.1722028 -0.5996575 0.7814973 0.1722075 -0.5996721 0.9100788 0.1722097 -0.3769623 0.9100765 0.1722005 -0.3769719 0.9766345 0.1722069 -0.1285683 0.9766324 0.1722005 -0.1285928 0.976635 0.1722009 0.1285737 0.9766318 0.1722086 0.1285862 0.9100773 0.1722065 0.3769673 0.9100793 0.1722007 0.3769651 0.7815043 0.172213 0.5996613 0.7814985 0.1721938 0.5996745 0.5996672 0.1722121 0.7815001 0.5996644 0.1721966 0.7815056 0.3769665 0.1722176 0.9100755 0.3769682 0.1722005 0.9100781 0 1 7.4725e-6 0 1 2.90636e-5 0 1 1.45301e-5 0 1 2.9063e-5 0 1 -1.49443e-5 0 1 -1.49449e-5 0 1 -1.4945e-5 0 1 2.32504e-4 0 1 -1.49448e-5 0 1 1.49448e-5 0 1 -2.32504e-4 0 1 1.4945e-5 0 1 1.49449e-5 0 1 1.49443e-5 0 1 -2.90596e-5 0 1 1.49451e-5 0 1 1.49452e-5 0 1 -2.32531e-4 0 1 1.49446e-5 0 1 -1.49446e-5 0 1 2.32518e-4 0 1 -1.49452e-5 0 1 -1.49451e-5 0 1 -1.17063e-4 0 1 2.42351e-4 0 1 -1.11309e-4 0 1 -2.05149e-4 0 1 4.35137e-4 0 1 -2.1015e-4 0 -1 -1.67951e-4 0 -1 7.06384e-5 0 -1 -1.16624e-5 0 -1 3.02938e-5 0 -1 4.83547e-5 0 -1 -2.73532e-4 0 -1 3.26353e-4 0 -1 -1.4945e-5 0 -1 2.9062e-5 0 -1 2.90639e-5 0 -1 1.45309e-5 0 -1 5.81269e-5 0 -1 6.90256e-5 0 -1 5.97782e-5 0 -1 -6.90256e-5 0 -1 -5.81269e-5 0 -1 -1.45309e-5 0 -1 2.989e-5 0 -1 -2.90639e-5 0 -1 -2.9062e-5 0 -1 1.12088e-5 0 -1 4.35955e-5 0 -1 -2.90603e-5 0 -1 -2.90655e-5 0 -1 -1.45292e-5 0 -1 -5.81302e-5 0 -1 -5.97782e-5 0 -1 5.81302e-5 0 -1 1.45292e-5 0 -1 -2.989e-5 0 -1 2.90655e-5 0 -1 2.90603e-5 0 -1 -1.12088e-5 0.1285725 -0.1722095 0.9766335 0.1285763 -0.1722056 0.9766337 -0.1285753 -0.1722012 0.9766346 -0.1285734 -0.1722112 0.9766331 -0.3769707 -0.1722016 0.9100769 -0.3769685 -0.1722185 0.9100745 -0.5996619 -0.1721943 0.7815081 -0.5996659 -0.1722117 0.7815011 -0.7815012 -0.1722087 0.5996667 -0.7815058 -0.1722026 0.5996624 -0.9100799 -0.1722015 0.3769633 -0.9100768 -0.172207 0.3769683 -0.9766318 -0.1722092 0.1285867 -0.9766346 -0.1722013 0.1285755 -0.9766332 -0.1722013 -0.1285862 -0.9766336 -0.1722073 -0.1285756 -0.9100778 -0.172205 -0.3769667 -0.9100787 -0.1722074 -0.3769634 -0.7815034 -0.1722092 -0.5996637 -0.7815032 -0.1722021 -0.5996661 -0.5996586 -0.172208 -0.7815076 -0.5996676 -0.1722126 -0.7814996 -0.3769668 -0.1722123 -0.9100763 -0.376962 -0.1722004 -0.9100806 -0.1285796 -0.1722093 -0.9766326 -0.1285762 -0.1722118 -0.9766326 0.1285789 -0.1722012 -0.9766342 0.1285762 -0.1722118 -0.9766326 0.3769676 -0.1722018 -0.9100781 0.3769654 -0.1722105 -0.9100773 0.5996631 -0.1722147 -0.7815026 0.599665 -0.1722118 -0.7815019 0.7815023 -0.1722018 -0.5996674 0.781505 -0.1722081 -0.5996618 0.9100784 -0.1722087 -0.3769634 0.9100768 -0.172207 -0.3769683 0.9766318 -0.1722086 -0.1285862 0.9766345 -0.1722015 -0.1285756 0.9766332 -0.1722013 0.1285862 0.9766335 -0.1722075 0.1285759 0.9100781 -0.1722047 0.3769661 0.9100787 -0.1722074 0.3769634 0.7815034 -0.1722092 0.5996637 0.7815032 -0.1722021 0.5996661 0.5996598 -0.1722078 0.7815068 0.5996655 -0.1722075 0.7815023 0.3769698 -0.1722155 0.9100746 0.3769654 -0.1722056 0.9100782 0 -1 1.46069e-5 0 -1 -2.26782e-5 0 -1 2.92338e-5 0 -1 -5.65736e-6 0 -1 -7.05036e-6 0 -1 7.05036e-6 0 -1 5.65736e-6 0 -1 1.46242e-5 0 -1 -1.46171e-5 0 -1 2.26778e-5 0 -1 -7.30343e-6 0 -1 3.65711e-6 0 -1 1.1295e-5 0 -1 -1.46066e-5 0 -1 -2.92342e-5 0 -1 5.65729e-6 0 -1 -5.65729e-6 0 -1 -1.46244e-5 0 -1 1.46169e-5 0 -1 -2.26783e-5 0 -1 7.30343e-6 0 -1 -3.65716e-6 0 -1 -1.12948e-5 -0.0908522 -0.1746456 -0.9804309 -0.0858398 -0.1730062 -0.981173 0.0858398 -0.1730062 -0.981173 -0.2549827 -0.1715351 -0.9516089 -0.269386 -0.1761565 -0.9467841 -0.4164486 -0.1702453 -0.8930774 -0.4386612 -0.1774647 -0.8809556 -0.5653128 -0.169136 -0.8073503 -0.5929524 -0.178573 -0.7851874 -0.6970303 -0.1682115 -0.697032 -0.7270061 -0.1794781 -0.6627593 -0.8075842 -0.1674754 -0.5654731 -0.8362981 -0.1801846 -0.5178214 -0.8935907 -0.166921 -0.4166932 -0.9171276 -0.1806907 -0.3552855 -0.9524337 -0.1665547 -0.255205 -0.9667379 -0.1809947 -0.1807175 -0.9823121 -0.1663659 -0.08593791 -0.9834663 -0.1810916 0 -0.9823121 -0.1663659 0.08593791 -0.9667379 -0.1809949 0.1807177 -0.9524339 -0.1665545 0.2552046 -0.9171275 -0.1806908 0.3552858 -0.8935905 -0.1669211 0.4166935 -0.8362998 -0.1801774 0.5178213 -0.807585 -0.167474 0.5654725 -0.7270065 -0.1794779 0.6627589 -0.6970295 -0.1682134 0.6970325 -0.5929536 -0.1785728 0.7851864 -0.5653141 -0.1691357 0.8073495 -0.4386612 -0.1774647 0.8809556 -0.4164487 -0.1702445 0.8930776 -0.269384 -0.1761549 0.946785 -0.254983 -0.1715348 0.9516089 -0.09085088 -0.1746453 0.9804312 -0.08584105 -0.1730079 0.9811726 0.08584111 -0.1730045 0.9811731 0.09085083 -0.174647 0.9804309 0.2549834 -0.1715351 0.9516088 0.2693841 -0.1761532 0.9467853 0.4164485 -0.1702457 0.8930773 0.4386612 -0.1774647 0.8809556 0.5653125 -0.1691361 0.8073505 0.5929536 -0.1785728 0.7851864 0.6970297 -0.1682117 0.6970327 0.727007 -0.1794745 0.6627593 0.8075839 -0.1674755 0.5654734 0.8362987 -0.1801843 0.5178206 0.8935908 -0.1669195 0.4166936 0.9171288 -0.1806839 0.3552863 0.9524339 -0.1665545 0.2552046 0.9667391 -0.180988 0.1807179 0.9823115 -0.1663693 0.08593785 0.9834663 -0.1810916 0 0.9823115 -0.1663693 -0.08593785 0.9667392 -0.1809878 -0.1807177 0.9524337 -0.1665547 -0.255205 0.9171276 -0.1806907 -0.3552855 0.8935912 -0.1669176 -0.4166934 0.8362981 -0.1801846 -0.5178214 0.8075848 -0.1674773 -0.5654717 0.7270065 -0.1794746 -0.6627597 0.6970301 -0.1682132 -0.6970319 0.5929524 -0.178573 -0.7851874 0.5653144 -0.1691356 -0.8073492 0.4386612 -0.1774647 -0.8809556 0.4164487 -0.1702445 -0.8930776 0.269386 -0.1761565 -0.9467841 0.2549824 -0.1715349 -0.951609 0.0908522 -0.1746461 -0.9804309 0 -1 -1.38377e-5 0 -1 1.37961e-5 0 -1 -6.90322e-6 0 -1 2.52477e-5 0 -1 -6.91879e-6 0 -1 -6.94493e-6 0 -1 2.5093e-5 0 -1 -2.79271e-5 0 -1 2.79271e-5 0 -1 -2.50928e-5 0 -1 6.94493e-6 0 -1 6.91879e-6 0 -1 -1.26239e-5 0 -1 6.90312e-6 0 -1 -1.37962e-5 0 -1 6.31983e-6 0 -1 6.31194e-6 0 -1 1.38377e-5 0 -1 -6.29644e-6 0 -1 6.27329e-6 0 -1 1.39636e-5 0 -1 1.3964e-5 0 -1 1.38378e-5 0 -1 -1.37961e-5 0 -1 6.90322e-6 0 -1 -2.52477e-5 0 -1 -2.50931e-5 0 -1 2.50932e-5 0 -1 1.26239e-5 0 -1 -6.31983e-6 0 -1 -6.31194e-6 0 -1 6.29636e-6 0 -1 -6.27321e-6 0 -1 -1.39637e-5 0.0784583 0 0.9969175 0.07846039 0 0.9969173 -0.07846039 0 0.9969173 -0.0784583 0 0.9969175 -0.3826836 0 0.9238795 -0.3826846 0 0.923879 -0.5224984 0 0.8526404 -0.5224959 0 0.8526419 -0.7604064 0 0.6494476 -0.7604054 0 0.6494488 -0.8526394 0 0.5224999 -0.8526392 0 0.5225002 -0.8526391 0 -0.5225003 -0.85264 0 -0.5224988 -0.7604059 0 -0.6494481 -0.7604053 0 -0.6494491 -0.5224981 0 -0.8526405 -0.5224972 0 -0.8526411 -0.3826846 0 -0.9238791 -0.3826839 0 -0.9238795 -0.0784592 0 -0.9969174 0.0784592 0 -0.9969174 0.3826846 0 -0.9238791 0.3826839 0 -0.9238795 0.5224981 0 -0.8526405 0.5224972 0 -0.8526411 0.7604063 0 -0.6494479 0.760405 0 -0.6494493 0.8526391 0 -0.5225003 0.85264 0 -0.5224988 0.8526383 0 0.5225017 0.8526404 0 0.5224984 0.7604064 0 0.6494476 0.7604054 0 0.6494488 0.5224969 0 0.8526413 0.5224974 0 0.8526409 0.3826854 0 0.9238788 0.3826829 0 0.9238799 0 -1 1.68985e-4 0 -1 -1.11532e-4 0 -1 1.2264e-4 0 -1 -4.43845e-5 0 -1 7.96369e-5 0 -1 7.96374e-5 0 -1 -4.43844e-5 0 -1 -3.73551e-5 0 -1 1.2264e-4 0 -1 -1.83026e-4 0 -1 1.13537e-4 0 1 1.14391e-4 0 1 -2.98841e-4 0 1 2.4658e-5 0 1 -3.1855e-5 0 1 -3.18548e-5 0 1 2.46581e-5 0 1 -2.52147e-4 0 1 1.83026e-4 0 1 2.50837e-5 1 1.51439e-6 0 0.9914458 0 -0.1305187 0.923886 0 -0.3826681 0.9238696 0 -0.3827078 0.7933757 0 -0.6087322 0.7933257 0 -0.6087976 0.6087357 0 -0.7933731 -0.3826653 0 -0.923887 -0.6087439 0 -0.7933668 -0.7933757 0 -0.6087322 -0.7933257 0 -0.6087976 -0.9238878 0 -0.3826634 -0.9238676 0 -0.3827123 -0.9914458 0 -0.1305187 -0.9914453 0 0.130524 -0.923868 0 0.3827115 -0.7933822 0 0.6087239 -0.7933279 0 0.6087946 -0.608729 0 0.7933783 -0.3827009 0 0.9238723 -0.1305278 0 0.9914447 0.130535 0 0.9914437 0.3827072 0 0.9238697 0.608729 0 0.7933783 0.793385 0 0.6087203 0.7933253 0 0.6087982 0.923868 0 0.3827115 0.9914453 0 0.130524 -0.1305198 0 0.9914457 0.130527 0 0.9914448 0.3826927 0 0.9238758 0.6087476 0 0.7933641 0.6087568 0 0.793357 0.7933673 0 0.6087432 0.9238755 0 0.3826933 0.9238849 0 0.3826707 0.9914454 0 -0.130523 0.9238806 0 -0.3826811 0.9238825 0 -0.3826764 0.7933556 0 -0.6087586 0.7933604 0 -0.6087524 0.608748 0 -0.7933637 0.3826948 0 -0.9238749 0.3826819 0 -0.9238801 0.1305209 0 -0.9914456 -0.1305273 0 -0.9914448 -0.3827003 0 -0.9238725 -0.3826764 0 -0.9238825 -0.7933604 0 -0.6087524 -0.7933556 0 -0.6087586 -0.9238825 0 -0.3826764 -0.9238806 0 -0.3826811 -0.9914454 0 -0.130523 -0.3827052 0 0.9238705 -0.6087476 0 0.7933641 -0.6087568 0 0.793357 -0.7933701 0 0.6087396 -0.923886 0 0.3826681 -0.9238744 0 0.3826959 0 1 -6.98177e-6 0 1 -2.50931e-5 0 1 1.38898e-5 0 1 -1.25929e-5 0 1 1.38375e-5 0 1 1.26241e-5 0 1 -6.90317e-6 0 1 1.26397e-5 0 1 -1.38064e-5 0 1 -1.26241e-5 0 1 1.25929e-5 0 1 -1.56832e-5 0 1 -3.12131e-6 0 1 3.12131e-6 0 1 1.56832e-5 0 1 -1.25929e-5 0 1 1.2624e-5 0 1 -2.76751e-5 0 1 2.50931e-5 0 1 6.98177e-6 0 1 2.50931e-5 0 1 -1.38898e-5 0 1 -1.25929e-5 0 1 1.26397e-5 0 1 -1.38064e-5 0 1 1.2624e-5 0 1 -1.38375e-5 0 1 -6.29646e-6 0 1 6.27327e-6 0 1 2.79271e-5 0 1 -1.24853e-5 0 1 1.24853e-5 0 1 -2.79271e-5 0 1 -6.27327e-6 0 1 6.29647e-6 0 1 -1.26241e-5 0 1 2.76127e-5 0 1 -1.26397e-5 0 1 1.25929e-5 0.0858404 0.1730082 -0.9811726 -0.0858404 0.1730083 -0.9811726 -0.09085196 0.1746443 -0.9804313 -0.2549811 0.1715339 -0.9516097 -0.269386 0.1761565 -0.9467841 -0.4164487 0.1702442 -0.8930776 -0.438663 0.1774652 -0.8809546 -0.5653126 0.1691377 -0.80735 -0.5929448 0.1785725 -0.7851933 -0.6970301 0.1682132 -0.6970319 -0.7270112 0.1794797 -0.6627532 -0.8075873 0.1674765 -0.5654683 -0.8363 0.1801832 -0.5178189 -0.9171248 0.1806861 -0.3552952 -0.9524344 0.1665505 -0.2552052 -0.9667394 0.1809883 -0.180716 -0.9823121 0.1663659 -0.08593875 -0.9834668 0.181089 0 -0.9823121 0.1663659 0.08593875 -0.9667393 0.1809884 0.1807161 -0.9524346 0.1665502 0.2552047 -0.9171259 0.180686 0.3552924 -0.836299 0.1801826 0.5178208 -0.807587 0.1674762 0.5654687 -0.7270099 0.1794792 0.6627548 -0.6970295 0.1682134 0.6970325 -0.5929467 0.178573 0.7851917 -0.5653123 0.1691377 0.8073502 -0.438664 0.1774653 0.880954 -0.4164487 0.170244 0.8930776 -0.269384 0.1761564 0.9467847 -0.2549816 0.1715337 0.9516094 -0.09085088 0.174645 0.9804312 -0.08584165 0.1730084 0.9811725 0.08584165 0.1730083 0.9811725 0.09085065 0.1746444 0.9804314 0.2549816 0.171534 0.9516094 0.269384 0.1761564 0.9467847 0.4164487 0.1702439 0.8930776 0.4386636 0.1774655 0.8809542 0.5653123 0.1691373 0.8073503 0.5929459 0.1785723 0.7851924 0.6970294 0.1682141 0.6970323 0.7270116 0.1794793 0.6627528 0.8075839 0.1674758 0.5654734 0.8363021 0.1801832 0.5178156 0.8935931 0.1669214 0.4166878 0.9171236 0.1806856 0.3552986 0.9524344 0.1665514 0.2552047 0.9667394 0.180988 0.1807162 0.9823119 0.1663666 0.08593958 0.9834669 0.1810882 0 0.9823119 0.1663666 -0.08593958 0.9667395 0.1809878 -0.180716 0.9524342 0.1665517 -0.2552051 0.9171237 0.1806855 -0.3552983 0.8935933 0.1669211 -0.4166874 0.8363016 0.1801833 -0.5178164 0.8075842 0.1674757 -0.5654731 0.7270095 0.179479 -0.6627553 0.6970301 0.1682137 -0.6970318 0.5929456 0.1785727 -0.7851926 0.5653127 0.1691372 -0.8073502 0.438664 0.1774656 -0.880954 0.4164487 0.1702442 -0.8930776 0.269386 0.1761565 -0.9467841 0.2549811 0.1715339 -0.9516097 0.0908522 0.1746449 -0.9804311 0 1 -5.6476e-6 0 1 -2.26783e-5 0 1 -7.30851e-6 0 1 7.31212e-6 0 1 7.27984e-6 0 1 5.47276e-6 0 1 -5.47276e-6 0 1 -7.27984e-6 0 1 -7.31211e-6 0 1 7.30852e-6 0 1 -7.26916e-6 0 1 5.6476e-6 0 1 -7.26916e-6 0 1 2.26783e-5 0 1 7.30852e-6 0 1 -7.31212e-6 0 1 1.09198e-5 0 1 -2.00668e-5 0 1 2.00668e-5 0 1 -1.09198e-5 0 1 -4.52589e-5 0 1 7.31212e-6 0 1 -7.30851e-6 0 1 7.26917e-6 0.128575 0.1722083 0.9766335 0.1285778 0.1722058 0.9766335 -0.1285778 0.1722082 0.976633 -0.1285743 0.1722059 0.976634 -0.3769677 0.1722058 0.9100772 -0.3769648 0.1722065 0.9100784 -0.5996719 0.1722077 0.7814975 -0.5996668 0.1722065 0.7815016 -0.7815023 0.1722076 0.5996655 -0.7815015 0.1722069 0.5996668 -0.9100791 0.1722074 0.3769624 -0.9100772 0.1722056 0.3769679 -0.9766329 0.1722077 0.1285796 -0.9766339 0.1722064 0.1285741 -0.9766331 0.1722068 -0.1285793 -0.9766337 0.1722072 -0.1285743 -0.9100782 0.1722067 -0.3769648 -0.9100756 0.1722064 -0.3769715 -0.7815031 0.1722074 -0.5996646 -0.7814975 0.1722062 -0.5996723 -0.5996691 0.1722069 -0.7814997 -0.5996668 0.1722067 -0.7815016 -0.3769662 0.1722068 -0.9100777 -0.1285778 0.1722078 -0.9766331 -0.128576 0.1722062 -0.9766336 0.1285778 0.1722082 -0.976633 0.1285761 0.1722054 -0.9766339 0.3769629 0.1722062 -0.9100792 0.3769662 0.1722066 -0.9100777 0.5996718 0.172208 -0.7814975 0.5996668 0.1722062 -0.7815016 0.7815035 0.1722071 -0.5996642 0.7814975 0.1722062 -0.5996723 0.9100793 0.1722069 -0.3769624 0.9100744 0.1722059 -0.3769746 0.9766344 0.172208 -0.1285683 0.9766329 0.1722065 -0.1285812 0.9766339 0.1722071 0.1285735 0.9766335 0.172208 0.1285747 0.9100763 0.1722064 0.3769697 0.9100759 0.1722059 0.3769709 0.7815032 0.1722071 0.5996646 0.7814968 0.1722064 0.5996731 0.5996692 0.1722062 0.7814998 0.5996668 0.1722067 0.7815016 0.3769672 0.1722072 0.9100772 0.3769678 0.1722063 0.9100771 0 1 3.73619e-6 0 1 1.45318e-5 0 1 -1.49447e-5 0 1 1.49447e-5 0 1 -2.98895e-5 0 1 2.32506e-4 0 1 -7.47236e-6 0 1 -2.32506e-4 0 1 9.34046e-6 0 1 -9.34046e-6 0 1 7.47236e-6 0 1 2.98895e-5 0 1 -1.49447e-5 0 1 1.49447e-5 0 1 1.49448e-5 0 1 -1.49447e-5 0 1 2.98894e-5 0 1 -2.32507e-4 0 1 7.47235e-6 0 1 -9.34046e-6 0 1 9.34046e-6 0 1 -2.32505e-4 0 1 -7.47235e-6 0 1 2.32507e-4 0 1 -2.98894e-5 0 1 1.49447e-5 0 1 -1.49448e-5 0 1 -1.73878e-4 0 1 9.10517e-5 0 1 -2.4236e-4 0 1 1.48414e-4 0 1 -1.36766e-4 0 -1 -1.67953e-4 0 -1 7.87884e-5 0 -1 -1.04959e-4 0 -1 -9.08848e-5 0 -1 1.93417e-4 0 -1 -4.20301e-4 0 -1 -1.49448e-5 0 -1 4.35945e-5 0 -1 4.35951e-5 0 -1 -1.45316e-5 0 -1 9.44555e-5 0 -1 7.26581e-5 0 -1 -7.26581e-5 0 -1 -9.44555e-5 0 -1 1.45316e-5 0 -1 2.98894e-5 0 -1 -4.35951e-5 0 -1 7.47236e-6 0 -1 -4.35945e-5 0 -1 1.12086e-5 0 -1 4.35954e-5 0 -1 -4.35944e-5 0 -1 -4.35949e-5 0 -1 -9.44559e-5 0 -1 -7.2658e-5 0 -1 7.2658e-5 0 -1 9.44559e-5 0 -1 -2.98894e-5 0 -1 4.35949e-5 0 -1 -7.47239e-6 0 -1 4.35944e-5 0 -1 -1.12086e-5 0.1285726 -0.1722082 0.9766337 0.1285763 -0.1722064 0.9766336 -0.1285752 -0.1722069 0.9766336 -0.1285735 -0.1722065 0.9766339 -0.3769678 -0.1722065 0.9100771 -0.3769692 -0.1722074 0.9100763 -0.5996622 -0.1722074 0.7815048 -0.5996692 -0.1722066 0.7814998 -0.7815009 -0.1722074 0.5996673 -0.7815023 -0.1722075 0.5996655 -0.9100789 -0.1722075 0.3769629 -0.9100777 -0.1722072 0.3769658 -0.9766337 -0.1722082 0.1285726 -0.9766328 -0.172207 0.1285809 -0.9766332 -0.1722069 -0.128579 -0.9766334 -0.172208 -0.1285756 -0.9100775 -0.1722068 -0.3769666 -0.9100796 -0.1722079 -0.3769609 -0.7815035 -0.172208 -0.5996639 -0.7814997 -0.1722069 -0.5996691 -0.5996589 -0.1722047 -0.781508 -0.5996735 -0.1722088 -0.7814959 -0.3769672 -0.1722077 -0.9100772 -0.3769617 -0.1722063 -0.9100797 -0.1285797 -0.1722076 -0.9766329 -0.1285763 -0.1722068 -0.9766335 0.1285787 -0.1722068 -0.9766332 0.1285763 -0.1722061 -0.9766337 0.3769647 -0.1722068 -0.9100783 0.3769655 -0.1722083 -0.9100776 0.5996657 -0.1722064 -0.7815025 0.5996682 -0.1722071 -0.7815003 0.781501 -0.1722069 -0.5996674 0.7815023 -0.1722075 -0.5996655 0.9100775 -0.1722068 -0.3769666 0.9100777 -0.1722072 -0.3769658 0.9766338 -0.172208 -0.1285721 0.9766331 -0.1722077 -0.1285783 0.976634 -0.1722073 0.1285719 0.976633 -0.1722081 0.1285786 0.9100777 -0.1722073 0.3769659 0.7815035 -0.172208 0.5996639 0.7814997 -0.1722069 0.5996691 0.5996601 -0.1722044 0.7815072 0.5996708 -0.1722091 0.781498 0.3769702 -0.1722077 0.9100758 0.3769654 -0.172206 0.9100782 0 -1 1.12952e-5 0 -1 -1.70087e-5 0 -1 2.9234e-5 0 -1 -5.63305e-6 0 -1 -2.92485e-5 0 -1 3.96014e-5 0 -1 -2.91881e-5 0 -1 3.5252e-5 0 -1 -3.5252e-5 0 -1 2.91881e-5 0 -1 -3.96015e-5 0 -1 1.46242e-5 0 -1 5.63305e-6 0 -1 -1.46171e-5 0 -1 1.70087e-5 0 -1 -1.45383e-5 0 -1 3.65714e-6 0 -1 -1.12952e-5 0 -1 -1.12952e-5 0 -1 1.70087e-5 0 -1 -2.92341e-5 0 -1 5.63304e-6 0 -1 2.92485e-5 0 -1 -4.24302e-5 0 -1 2.9188e-5 0 -1 -3.24318e-5 0 -1 3.24318e-5 0 -1 -2.9188e-5 0 -1 4.24302e-5 0 -1 -1.46243e-5 0 -1 -5.63304e-6 0 -1 1.4617e-5 0 -1 -1.70087e-5 0 -1 1.45383e-5 0 -1 -3.65714e-6 0 -1 1.12952e-5 -0.09085154 -0.1746438 -0.9804314 -0.2549828 -0.171535 -0.951609 -0.4164487 -0.1702443 -0.8930776 -0.4386612 -0.1774644 -0.8809556 -0.5653126 -0.1691375 -0.8073501 -0.5929489 -0.1785737 -0.7851899 -0.6970301 -0.1682133 -0.6970319 -0.7270094 -0.1794793 -0.6627552 -0.8075842 -0.1674757 -0.5654731 -0.8363001 -0.1801828 -0.517819 -0.8935906 -0.1669212 -0.4166932 -0.9171248 -0.1806856 -0.3552952 -0.9524344 -0.1665505 -0.2552052 -0.9667396 -0.1809888 -0.1807142 -0.9823115 -0.1663658 -0.08594477 -0.9834668 -0.181089 0 -0.9823115 -0.1663658 0.08594477 -0.9667396 -0.1809889 0.1807144 -0.9524354 -0.1665503 0.2552015 -0.9171248 -0.1806858 0.3552955 -0.8935917 -0.1669218 0.4166906 -0.8363005 -0.1801829 0.5178182 -0.8075823 -0.1674752 0.5654758 -0.7270099 -0.1794792 0.6627548 -0.6970303 -0.1682136 0.6970316 -0.5929501 -0.178574 0.785189 -0.5653116 -0.1691373 0.807351 -0.4386612 -0.1774642 0.8809556 -0.4164493 -0.1702443 0.8930771 -0.269384 -0.1761564 0.9467847 -0.2549828 -0.1715345 0.951609 -0.09085023 -0.1746437 0.9804314 -0.08584111 -0.1730073 0.9811727 0.08584111 -0.173007 0.9811728 0.09085023 -0.1746436 0.9804316 0.269384 -0.1761564 0.9467847 0.4164487 -0.1702439 0.8930776 0.4386612 -0.1774646 0.8809556 0.5653123 -0.1691374 0.8073503 0.5929467 -0.1785725 0.7851917 0.6970294 -0.1682141 0.6970324 0.7270099 -0.1794789 0.6627548 0.8075839 -0.1674758 0.5654734 0.8363005 -0.1801828 0.5178182 0.8935905 -0.1669209 0.4166935 0.9171248 -0.1806859 0.3552955 0.9524344 -0.1665514 0.2552047 0.9667397 -0.1809881 0.1807144 0.9823114 -0.1663665 0.08594477 0.9834669 -0.1810882 0 0.9823114 -0.1663665 -0.08594477 0.9667398 -0.1809879 -0.1807143 0.952435 -0.1665518 -0.2552019 0.9171249 -0.1806858 -0.3552952 0.893592 -0.1669209 -0.4166903 0.8363001 -0.1801829 -0.517819 0.8075826 -0.1674753 -0.5654754 0.7270095 -0.179479 -0.6627553 0.6970309 -0.168214 -0.6970309 0.5929456 -0.1785727 -0.7851926 0.5653119 -0.169137 -0.8073508 0.4386612 -0.1774644 -0.8809556 0.4164493 -0.1702445 -0.8930771 0.2549822 -0.1715347 -0.9516091 0.09085154 -0.1746436 -0.9804313 0 -1 -1.38375e-5 0 -1 1.38063e-5 0 -1 1.3796e-5 0 -1 2.52481e-5 0 -1 -6.91878e-6 0 -1 -1.04173e-5 0 -1 2.50931e-5 0 -1 3.49088e-6 0 -1 -3.49088e-6 0 -1 -2.5093e-5 0 -1 1.04173e-5 0 -1 6.91878e-6 0 -1 -1.2624e-5 0 -1 -1.3796e-5 0 -1 -1.38064e-5 0 -1 6.31203e-6 0 -1 1.38375e-5 0 -1 -9.4447e-6 0 -1 1.39635e-5 0 -1 1.39635e-5 0 -1 -1.38064e-5 0 -1 -1.3796e-5 0 -1 6.91876e-6 0 -1 1.04173e-5 0 -1 -3.14179e-5 0 -1 2.49705e-5 0 -1 -2.49705e-5 0 -1 3.14179e-5 0 -1 -1.04173e-5 0 -1 -6.91876e-6 0 -1 1.26241e-5 0 -1 1.3796e-5 0 -1 1.38064e-5 0 -1 -6.31202e-6 0 -1 -1.38375e-5 0 -1 9.44469e-6 0 -1 -6.27328e-6 0 -1 -1.39635e-5 0.07845801 0 0.9969175 -0.07846003 0 0.9969173 -0.2334452 0 0.97237 -0.3826829 0 0.9238799 -0.3826839 0 0.9238794 -0.5224993 0 0.8526398 -0.5224969 0 0.8526413 -0.6494488 0 0.7604054 -0.8526404 0 0.5224984 -0.9238797 0 0.382683 -0.9238796 0 0.3826833 -0.9723699 0 0.2334454 -0.9969174 0 0.07845896 -0.9969174 0 0.07845926 -0.9969174 0 -0.0784592 -0.9723699 0 -0.2334454 -0.9238796 0 -0.3826833 -0.9238797 0 -0.3826832 -0.7604063 0 -0.6494479 -0.6494479 0 -0.7604061 -0.5224991 0 -0.8526399 -0.3826832 0 -0.9238797 -0.2334451 0 -0.97237 -0.2334451 0 -0.97237 -0.07845884 0 -0.9969174 0.07845884 0 -0.9969174 0.2334451 0 -0.97237 0.2334451 0 -0.97237 0.3826832 0 -0.9238797 0.5224991 0 -0.8526399 0.6494477 0 -0.7604063 0.6494479 0 -0.7604061 0.7604059 0 -0.6494481 0.852641 0 -0.5224973 0.9238797 0 -0.3826832 0.9238793 0 -0.3826843 0.9723699 0 -0.2334454 0.97237 0 -0.2334449 0.9969174 0 -0.07845944 0.9969174 0 -0.07845926 0.9969174 0 0.07845956 0.9969174 0 0.0784592 0.9723699 0 0.2334454 0.97237 0 0.2334449 0.9238796 0 0.3826833 0.9238794 0 0.3826839 0.8526392 0 0.5225002 0.8526413 0 0.5224969 0.6494476 0 0.7604064 0.6494488 0 0.7604054 0.5224978 0 0.8526408 0.5224993 0 0.8526398 0.3826846 0 0.923879 0.3826821 0 0.9238801 0.2334452 0 0.97237</float_array>
          <technique_common>
            <accessor source="#YukKutusu-mesh-normals-array" count="2168" stride="3">
              <param name="X" type="float"/>
              <param name="Y" type="float"/>
              <param name="Z" type="float"/>
            </accessor>
          </technique_common>
        </source>
        <vertices id="YukKutusu-mesh-vertices">
          <input semantic="POSITION" source="#YukKutusu-mesh-positions"/>
        </vertices>
        <triangles material="Material_001-material" count="3596">
          <input semantic="VERTEX" source="#YukKutusu-mesh-vertices" offset="0"/>
          <input semantic="NORMAL" source="#YukKutusu-mesh-normals" offset="1"/>
          <p>0 0 1 0 2 0 2 0 1 0 3 0 4 1 0 1 5 1 5 1 0 1 2 1 5 2 2 2 6 2 6 2 2 2 3 2 6 3 1 3 7 3 7 3 1 3 8 3 7 3 8 3 9 3 9 3 8 3 10 3 10 3 8 3 11 3 6 3 3 3 1 3 8 2 1 2 12 2 12 2 1 2 0 2 12 2 0 2 13 2 13 2 0 2 14 2 13 2 14 2 15 2 15 2 14 2 16 2 0 2 4 2 14 2 14 2 4 2 17 2 13 2 18 2 12 2 12 2 18 2 19 2 20 4 21 4 22 4 22 4 21 4 23 4 13 5 15 5 24 5 24 5 15 5 25 5 18 3 13 3 26 3 26 3 13 3 24 3 26 2 24 2 27 2 27 2 24 2 25 2 27 1 15 1 28 1 28 1 15 1 16 1 28 1 16 1 29 1 29 1 16 1 30 1 30 1 16 1 31 1 27 1 25 1 15 1 16 0 14 0 31 0 31 0 14 0 32 0 14 3 17 3 32 3 32 3 17 3 33 3 30 2 31 2 33 2 33 2 31 2 32 2 5 5 6 5 4 5 4 5 6 5 7 5 4 5 7 5 29 5 4 5 29 5 17 5 17 5 29 5 30 5 17 5 30 5 33 5 12 1 19 1 34 1 34 1 19 1 35 1 8 5 12 5 11 5 11 5 12 5 34 5 10 2 11 2 35 2 35 2 11 2 34 2 20 0 22 0 36 0 36 0 22 0 37 0 22 3 23 3 37 3 37 3 23 3 38 3 23 5 21 5 38 5 38 5 21 5 39 5 21 1 20 1 39 1 39 1 20 1 36 1 26 0 27 0 18 0 18 0 27 0 28 0 18 0 28 0 9 0 18 0 9 0 19 0 19 0 9 0 10 0 19 0 10 0 35 0 37 4 7 4 36 4 36 4 7 4 9 4 36 4 9 4 39 4 39 4 9 4 38 4 38 4 9 4 28 4 38 4 28 4 29 4 7 4 37 4 29 4 29 4 37 4 38 4 40 4 41 4 42 4 42 4 41 4 43 4 42 4 43 4 44 4 40 4 45 4 41 4 41 4 45 4 46 4 46 4 45 4 47 4 46 4 47 4 44 4 44 4 47 4 42 4 48 2 49 2 50 2 50 2 49 2 51 2 51 2 49 2 52 2 52 2 49 2 53 2 52 2 53 2 54 2 54 2 53 2 55 2 56 2 57 2 58 2 58 6 57 6 59 6 59 2 57 2 60 2 59 2 60 2 61 2 61 7 60 7 62 7 62 2 60 2 63 2 47 5 64 5 42 5 42 5 64 5 65 5 42 5 65 5 59 5 59 5 65 5 58 5 47 5 52 5 64 5 64 5 52 5 54 5 45 1 51 1 47 1 47 1 51 1 52 1 55 3 66 3 54 3 54 8 66 8 67 8 54 9 67 9 68 9 68 3 69 3 54 3 54 3 69 3 64 3 64 10 69 10 70 10 64 11 70 11 71 11 64 3 71 3 72 3 72 12 71 12 73 12 72 13 73 13 74 13 72 3 74 3 50 3 50 14 74 14 75 14 50 15 75 15 76 15 76 3 77 3 50 3 50 16 77 16 48 16 72 2 78 2 64 2 64 2 78 2 65 2 63 17 79 17 62 17 62 18 79 18 80 18 62 19 80 19 81 19 81 1 82 1 62 1 62 1 82 1 78 1 78 20 82 20 83 20 78 21 83 21 84 21 78 1 84 1 65 1 65 22 84 22 85 22 65 23 85 23 86 23 65 1 86 1 58 1 58 24 86 24 87 24 58 25 87 25 88 25 88 1 89 1 58 1 58 26 89 26 56 26 61 3 40 3 59 3 59 3 40 3 42 3 51 27 45 27 72 27 72 0 45 0 40 0 72 0 40 0 78 0 78 0 40 0 61 0 78 0 61 0 62 0 72 0 50 0 51 0 49 28 48 28 90 28 90 29 48 29 91 29 90 30 91 30 92 30 92 30 91 30 93 30 92 31 93 31 94 31 94 31 93 31 95 31 94 32 95 32 96 32 96 33 95 33 97 33 96 34 97 34 98 34 98 34 97 34 99 34 98 35 99 35 100 35 100 36 99 36 101 36 100 37 101 37 102 37 102 38 101 38 103 38 102 39 103 39 104 39 104 39 103 39 105 39 104 40 105 40 106 40 106 41 105 41 107 41 106 42 107 42 108 42 108 42 107 42 109 42 108 43 109 43 110 43 110 43 109 43 111 43 110 44 111 44 55 44 55 45 111 45 112 45 55 46 112 46 66 46 66 46 112 46 113 46 66 47 113 47 67 47 67 48 113 48 114 48 67 49 114 49 68 49 68 50 114 50 115 50 68 51 115 51 69 51 69 52 115 52 116 52 69 53 116 53 70 53 70 54 116 54 117 54 70 55 117 55 71 55 71 55 117 55 118 55 71 56 118 56 73 56 73 56 118 56 119 56 73 57 119 57 74 57 74 58 119 58 120 58 74 59 120 59 75 59 75 60 120 60 121 60 75 61 121 61 76 61 76 62 121 62 122 62 76 63 122 63 77 63 77 64 122 64 123 64 77 65 123 65 48 65 48 65 123 65 124 65 48 66 124 66 91 66 55 67 53 67 110 67 125 68 85 68 126 68 126 69 85 69 84 69 126 70 84 70 127 70 127 71 84 71 83 71 127 72 83 72 128 72 128 73 83 73 82 73 128 74 82 74 129 74 129 75 82 75 81 75 129 76 81 76 130 76 130 62 81 62 80 62 130 77 80 77 131 77 131 63 80 63 79 63 131 78 79 78 132 78 132 79 79 79 63 79 132 80 63 80 133 80 133 81 63 81 134 81 133 82 134 82 135 82 135 83 134 83 136 83 135 84 136 84 137 84 137 84 136 84 138 84 137 85 138 85 139 85 139 86 138 86 140 86 139 87 140 87 141 87 141 88 140 88 142 88 141 89 142 89 143 89 143 90 142 90 144 90 143 91 144 91 145 91 145 92 144 92 146 92 145 93 146 93 147 93 147 94 146 94 148 94 147 95 148 95 149 95 149 96 148 96 150 96 149 97 150 97 151 97 151 97 150 97 152 97 151 98 152 98 153 98 153 99 152 99 154 99 153 100 154 100 56 100 56 101 154 101 57 101 85 102 125 102 86 102 86 103 125 103 155 103 86 104 155 104 87 104 87 105 155 105 156 105 87 50 156 50 88 50 88 106 156 106 157 106 88 107 157 107 89 107 89 47 157 47 158 47 89 108 158 108 56 108 56 109 158 109 159 109 56 110 159 110 153 110 63 111 60 111 134 111 160 1 161 1 162 1 162 1 161 1 163 1 162 1 163 1 164 1 164 1 163 1 165 1 164 1 165 1 166 1 166 1 165 1 167 1 166 1 167 1 168 1 168 1 167 1 169 1 168 1 169 1 170 1 170 1 169 1 171 1 170 1 171 1 172 1 172 1 171 1 173 1 172 1 173 1 174 1 174 1 173 1 175 1 174 1 175 1 176 1 176 1 175 1 177 1 176 1 177 1 178 1 178 1 177 1 179 1 178 1 179 1 180 1 180 1 179 1 181 1 180 1 181 1 182 1 180 1 182 1 183 1 183 1 182 1 184 1 183 1 184 1 185 1 185 1 184 1 186 1 185 1 186 1 187 1 187 1 186 1 188 1 187 1 188 1 189 1 189 1 188 1 190 1 189 1 190 1 191 1 191 1 190 1 192 1 191 1 192 1 193 1 193 1 192 1 194 1 193 1 194 1 195 1 195 1 194 1 196 1 195 1 196 1 197 1 197 1 196 1 198 1 197 1 198 1 199 1 199 1 198 1 200 1 199 1 200 1 201 1 199 1 201 1 202 1 202 1 201 1 203 1 202 1 203 1 204 1 204 112 203 112 205 112 204 113 205 113 206 113 206 1 205 1 207 1 206 1 207 1 208 1 208 114 207 114 209 114 208 115 209 115 210 115 210 116 209 116 211 116 210 117 211 117 212 117 212 1 211 1 213 1 212 118 213 118 214 118 214 119 213 119 215 119 214 120 215 120 216 120 216 121 215 121 217 121 216 122 217 122 218 122 218 123 217 123 219 123 218 124 219 124 220 124 218 125 220 125 221 125 221 126 220 126 222 126 221 1 222 1 223 1 223 127 222 127 224 127 223 128 224 128 225 128 225 1 224 1 226 1 225 1 226 1 227 1 227 129 226 129 228 129 227 1 228 1 229 1 229 130 228 130 230 130 229 1 230 1 231 1 231 1 230 1 232 1 231 1 232 1 233 1 233 131 232 131 234 131 233 1 234 1 235 1 235 1 234 1 160 1 235 1 160 1 162 1 235 132 162 132 236 132 236 133 162 133 164 133 236 134 164 134 237 134 237 135 164 135 166 135 237 136 166 136 238 136 238 137 166 137 168 137 238 138 168 138 239 138 239 139 168 139 170 139 239 140 170 140 240 140 240 141 170 141 172 141 240 142 172 142 241 142 241 143 172 143 174 143 241 144 174 144 242 144 242 145 174 145 176 145 242 146 176 146 243 146 243 147 176 147 178 147 243 148 178 148 244 148 244 149 178 149 180 149 244 150 180 150 245 150 245 151 180 151 183 151 245 152 183 152 246 152 246 153 183 153 185 153 246 154 185 154 247 154 247 155 185 155 187 155 247 156 187 156 248 156 248 157 187 157 189 157 248 158 189 158 249 158 249 159 189 159 191 159 249 160 191 160 250 160 250 161 191 161 193 161 250 162 193 162 251 162 251 163 193 163 195 163 251 164 195 164 252 164 252 165 195 165 197 165 252 166 197 166 253 166 253 167 197 167 199 167 253 168 199 168 202 168 253 169 202 169 254 169 254 170 202 170 204 170 254 171 204 171 255 171 255 172 204 172 206 172 255 173 206 173 256 173 256 174 206 174 208 174 256 175 208 175 257 175 257 176 208 176 210 176 257 177 210 177 258 177 258 178 210 178 212 178 258 179 212 179 259 179 259 180 212 180 214 180 259 181 214 181 260 181 260 182 214 182 216 182 260 183 216 183 261 183 261 184 216 184 218 184 261 185 218 185 262 185 262 186 218 186 221 186 262 187 221 187 263 187 263 188 221 188 223 188 263 189 223 189 264 189 264 190 223 190 225 190 264 191 225 191 265 191 265 192 225 192 227 192 265 193 227 193 266 193 266 194 227 194 229 194 266 195 229 195 267 195 267 196 229 196 231 196 267 197 231 197 268 197 268 198 231 198 233 198 268 199 233 199 269 199 269 200 233 200 235 200 269 201 235 201 236 201 269 1 236 1 270 1 270 1 236 1 237 1 270 1 237 1 271 1 271 202 237 202 238 202 271 1 238 1 272 1 272 1 238 1 239 1 272 203 239 203 240 203 272 1 240 1 273 1 273 204 240 204 241 204 273 205 241 205 274 205 274 206 241 206 242 206 274 1 242 1 275 1 275 207 242 207 243 207 275 208 243 208 244 208 275 1 244 1 276 1 276 1 244 1 245 1 276 1 245 1 277 1 277 209 245 209 246 209 277 210 246 210 247 210 277 1 247 1 278 1 278 211 247 211 248 211 278 212 248 212 279 212 279 213 248 213 249 213 279 1 249 1 280 1 280 214 249 214 250 214 280 1 250 1 251 1 280 1 251 1 281 1 281 215 251 215 252 215 281 1 252 1 282 1 282 1 252 1 253 1 282 1 253 1 254 1 282 1 254 1 283 1 283 216 254 216 255 216 283 1 255 1 284 1 284 1 255 1 256 1 284 1 256 1 257 1 284 1 257 1 285 1 285 217 257 217 258 217 285 1 258 1 286 1 286 218 258 218 259 218 286 219 259 219 287 219 287 220 259 220 260 220 287 221 260 221 261 221 287 1 261 1 288 1 288 1 261 1 262 1 288 1 262 1 289 1 289 222 262 222 263 222 289 223 263 223 264 223 289 1 264 1 290 1 290 224 264 224 265 224 290 1 265 1 291 1 291 225 265 225 266 225 291 1 266 1 292 1 292 1 266 1 267 1 292 1 267 1 268 1 292 1 268 1 293 1 293 226 268 226 269 226 293 1 269 1 270 1 271 227 294 227 270 227 270 228 294 228 295 228 270 229 295 229 293 229 293 230 295 230 296 230 293 231 296 231 292 231 292 232 296 232 297 232 292 233 297 233 291 233 291 234 297 234 298 234 291 235 298 235 290 235 290 236 298 236 299 236 290 237 299 237 289 237 289 238 299 238 300 238 289 239 300 239 288 239 288 240 300 240 301 240 288 241 301 241 287 241 287 242 301 242 302 242 287 243 302 243 286 243 286 244 302 244 303 244 286 245 303 245 285 245 285 246 303 246 304 246 285 247 304 247 284 247 284 248 304 248 305 248 284 249 305 249 283 249 283 250 305 250 306 250 283 251 306 251 282 251 282 252 306 252 307 252 282 253 307 253 281 253 281 254 307 254 308 254 281 255 308 255 280 255 280 256 308 256 309 256 280 257 309 257 279 257 279 258 309 258 310 258 279 259 310 259 278 259 278 260 310 260 311 260 278 261 311 261 277 261 277 262 311 262 312 262 277 263 312 263 276 263 276 264 312 264 313 264 276 265 313 265 275 265 275 266 313 266 314 266 275 267 314 267 274 267 274 268 314 268 315 268 274 269 315 269 273 269 273 270 315 270 316 270 273 271 316 271 272 271 272 272 316 272 317 272 272 273 317 273 271 273 271 274 317 274 294 274 294 275 119 275 295 275 295 1 119 1 118 1 295 1 118 1 296 1 296 276 118 276 117 276 296 1 117 1 116 1 119 1 294 1 120 1 120 1 294 1 317 1 120 277 317 277 121 277 121 278 317 278 316 278 121 279 316 279 122 279 122 280 316 280 315 280 122 1 315 1 123 1 123 281 315 281 314 281 123 282 314 282 124 282 124 283 314 283 313 283 124 284 313 284 312 284 124 285 312 285 91 285 91 286 312 286 311 286 91 1 311 1 93 1 93 287 311 287 310 287 93 1 310 1 95 1 95 288 310 288 309 288 95 289 309 289 97 289 97 1 309 1 308 1 97 1 308 1 99 1 99 290 308 290 307 290 99 1 307 1 101 1 101 1 307 1 103 1 103 290 307 290 306 290 103 1 306 1 105 1 105 1 306 1 305 1 105 291 305 291 107 291 107 287 305 287 304 287 107 291 304 291 109 291 109 292 304 292 303 292 109 1 303 1 111 1 111 293 303 293 302 293 111 285 302 285 112 285 112 294 302 294 301 294 112 295 301 295 300 295 112 296 300 296 113 296 113 297 300 297 299 297 113 1 299 1 114 1 114 298 299 298 298 298 114 1 298 1 115 1 115 280 298 280 297 280 115 279 297 279 116 279 116 1 297 1 296 1 49 299 90 299 53 299 53 1 90 1 110 1 110 1 90 1 108 1 108 300 90 300 92 300 108 301 92 301 106 301 106 302 92 302 94 302 106 303 94 303 104 303 104 304 94 304 96 304 104 1 96 1 102 1 102 305 96 305 98 305 102 1 98 1 100 1 60 3 57 3 134 3 134 306 57 306 154 306 134 307 154 307 152 307 134 308 152 308 136 308 136 309 152 309 150 309 136 310 150 310 138 310 138 311 150 311 148 311 138 3 148 3 140 3 140 312 148 312 146 312 140 313 146 313 142 313 142 3 146 3 144 3 125 3 126 3 318 3 318 3 126 3 127 3 318 314 127 314 319 314 319 315 127 315 128 315 319 316 128 316 320 316 320 317 128 317 129 317 320 3 129 3 321 3 321 318 129 318 130 318 321 3 130 3 322 3 322 319 130 319 131 319 322 3 131 3 323 3 323 320 131 320 132 320 323 321 132 321 324 321 324 322 132 322 325 322 325 323 132 323 133 323 325 3 133 3 326 3 326 324 133 324 135 324 326 3 135 3 327 3 327 325 135 325 137 325 327 326 137 326 328 326 328 327 137 327 139 327 328 328 139 328 329 328 329 329 139 329 141 329 329 330 141 330 330 330 330 3 141 3 143 3 330 3 143 3 331 3 331 331 143 331 145 331 331 332 145 332 147 332 331 333 147 333 332 333 332 334 147 334 149 334 332 3 149 3 333 3 333 325 149 325 151 325 333 3 151 3 334 3 334 335 151 335 153 335 334 3 153 3 335 3 335 336 153 336 159 336 335 337 159 337 336 337 336 338 159 338 337 338 337 339 159 339 158 339 337 3 158 3 338 3 338 340 158 340 157 340 338 3 157 3 339 3 339 318 157 318 156 318 339 341 156 341 340 341 340 342 156 342 155 342 340 343 155 343 341 343 341 344 155 344 125 344 341 345 125 345 318 345 319 346 342 346 318 346 318 347 342 347 343 347 318 348 343 348 341 348 341 349 343 349 344 349 341 350 344 350 340 350 340 351 344 351 345 351 340 352 345 352 339 352 339 353 345 353 346 353 339 354 346 354 338 354 338 355 346 355 347 355 338 356 347 356 337 356 337 357 347 357 348 357 337 358 348 358 336 358 336 359 348 359 349 359 336 360 349 360 335 360 335 361 349 361 350 361 335 362 350 362 334 362 334 363 350 363 351 363 334 364 351 364 333 364 333 365 351 365 352 365 333 366 352 366 332 366 332 367 352 367 353 367 332 368 353 368 331 368 331 369 353 369 354 369 331 370 354 370 330 370 330 371 354 371 355 371 330 372 355 372 329 372 329 373 355 373 356 373 329 374 356 374 328 374 328 375 356 375 357 375 328 376 357 376 327 376 327 377 357 377 358 377 327 378 358 378 326 378 326 379 358 379 359 379 326 380 359 380 325 380 325 381 359 381 360 381 325 382 360 382 324 382 324 383 360 383 361 383 324 384 361 384 323 384 323 385 361 385 362 385 323 386 362 386 322 386 322 387 362 387 363 387 322 388 363 388 321 388 321 389 363 389 364 389 321 390 364 390 320 390 320 391 364 391 365 391 320 392 365 392 319 392 319 393 365 393 342 393 342 3 366 3 343 3 343 3 366 3 367 3 343 3 367 3 368 3 366 3 342 3 369 3 369 394 342 394 365 394 369 3 365 3 370 3 370 3 365 3 371 3 371 3 365 3 364 3 371 3 364 3 372 3 372 395 364 395 363 395 372 3 363 3 373 3 373 396 363 396 362 396 373 3 362 3 374 3 374 3 362 3 375 3 375 397 362 397 361 397 375 3 361 3 376 3 376 398 361 398 360 398 376 3 360 3 377 3 377 3 360 3 378 3 378 399 360 399 359 399 378 3 359 3 379 3 379 400 359 400 358 400 379 3 358 3 380 3 380 3 358 3 357 3 380 3 357 3 381 3 381 3 357 3 382 3 382 401 357 401 356 401 382 3 356 3 383 3 383 3 356 3 355 3 383 3 355 3 384 3 384 3 355 3 385 3 385 3 355 3 354 3 385 3 354 3 386 3 386 402 354 402 353 402 386 3 353 3 387 3 387 3 353 3 388 3 388 3 353 3 352 3 388 3 352 3 389 3 389 403 352 403 351 403 389 404 351 404 390 404 390 405 351 405 350 405 390 3 350 3 391 3 391 406 350 406 392 406 392 407 350 407 349 407 392 3 349 3 393 3 393 408 349 408 348 408 393 409 348 409 394 409 394 410 348 410 395 410 395 411 348 411 347 411 395 3 347 3 396 3 396 412 347 412 346 412 396 3 346 3 397 3 397 3 346 3 345 3 397 3 345 3 398 3 398 413 345 413 399 413 399 414 345 414 344 414 399 3 344 3 368 3 368 3 344 3 343 3 366 415 400 415 367 415 367 416 400 416 401 416 367 417 401 417 402 417 400 418 366 418 403 418 403 419 366 419 369 419 403 420 369 420 404 420 404 421 369 421 370 421 404 422 370 422 405 422 405 423 370 423 371 423 405 424 371 424 406 424 406 425 371 425 372 425 406 426 372 426 407 426 407 427 372 427 373 427 407 428 373 428 408 428 408 429 373 429 374 429 408 430 374 430 409 430 409 431 374 431 375 431 409 432 375 432 410 432 410 433 375 433 376 433 410 434 376 434 411 434 411 435 376 435 377 435 411 436 377 436 412 436 412 437 377 437 378 437 412 438 378 438 413 438 413 439 378 439 379 439 413 440 379 440 414 440 414 441 379 441 380 441 414 442 380 442 415 442 415 443 380 443 381 443 415 444 381 444 416 444 416 445 381 445 382 445 416 446 382 446 417 446 417 447 382 447 383 447 417 448 383 448 418 448 418 449 383 449 384 449 418 450 384 450 419 450 419 451 384 451 420 451 420 452 384 452 385 452 420 453 385 453 421 453 421 454 385 454 386 454 421 455 386 455 422 455 422 456 386 456 387 456 422 457 387 457 423 457 423 458 387 458 388 458 423 459 388 459 424 459 424 460 388 460 389 460 424 461 389 461 425 461 425 462 389 462 390 462 425 463 390 463 426 463 426 464 390 464 391 464 426 465 391 465 427 465 427 466 391 466 392 466 427 467 392 467 428 467 428 468 392 468 393 468 428 469 393 469 429 469 429 470 393 470 394 470 429 471 394 471 430 471 430 472 394 472 395 472 430 473 395 473 431 473 431 474 395 474 396 474 431 475 396 475 432 475 432 476 396 476 397 476 432 477 397 477 433 477 433 478 397 478 398 478 433 479 398 479 434 479 434 480 398 480 399 480 434 481 399 481 435 481 435 482 399 482 368 482 435 483 368 483 402 483 402 484 368 484 367 484 400 3 436 3 401 3 401 3 436 3 437 3 401 3 437 3 438 3 436 3 400 3 439 3 439 3 400 3 403 3 439 3 403 3 440 3 440 3 403 3 404 3 440 3 404 3 441 3 441 3 404 3 405 3 441 3 405 3 442 3 442 3 405 3 406 3 442 3 406 3 443 3 443 3 406 3 407 3 443 3 407 3 444 3 444 3 407 3 408 3 444 3 408 3 445 3 445 3 408 3 409 3 445 3 409 3 446 3 446 3 409 3 410 3 446 3 410 3 447 3 447 3 410 3 448 3 448 3 410 3 411 3 448 3 411 3 449 3 449 3 411 3 412 3 449 3 412 3 450 3 450 3 412 3 413 3 450 3 413 3 451 3 451 3 413 3 414 3 451 3 414 3 452 3 452 3 414 3 415 3 452 3 415 3 453 3 453 3 415 3 416 3 453 3 416 3 454 3 454 3 416 3 417 3 454 3 417 3 455 3 455 3 417 3 418 3 455 3 418 3 456 3 456 3 418 3 419 3 456 3 419 3 457 3 457 3 419 3 458 3 458 3 419 3 420 3 458 3 420 3 459 3 459 3 420 3 421 3 459 485 421 485 460 485 460 486 421 486 422 486 460 487 422 487 461 487 461 3 422 3 423 3 461 3 423 3 462 3 462 488 423 488 424 488 462 3 424 3 463 3 463 489 424 489 425 489 463 3 425 3 464 3 464 490 425 490 426 490 464 3 426 3 465 3 465 491 426 491 427 491 465 492 427 492 466 492 466 493 427 493 428 493 466 494 428 494 467 494 467 495 428 495 468 495 468 496 428 496 429 496 468 497 429 497 469 497 469 498 429 498 430 498 469 3 430 3 470 3 470 499 430 499 431 499 470 3 431 3 471 3 471 500 431 500 432 500 471 501 432 501 472 501 472 502 432 502 433 502 472 503 433 503 473 503 473 3 433 3 434 3 473 504 434 504 474 504 474 505 434 505 435 505 474 506 435 506 475 506 475 3 435 3 402 3 475 3 402 3 438 3 438 3 402 3 401 3 436 507 163 507 437 507 437 508 163 508 161 508 437 509 161 509 438 509 438 510 161 510 160 510 438 511 160 511 475 511 475 512 160 512 234 512 475 513 234 513 474 513 474 514 234 514 232 514 474 515 232 515 473 515 473 516 232 516 230 516 473 517 230 517 472 517 472 518 230 518 228 518 472 519 228 519 471 519 471 520 228 520 226 520 471 521 226 521 470 521 470 522 226 522 224 522 470 523 224 523 469 523 469 524 224 524 222 524 469 525 222 525 468 525 468 526 222 526 220 526 468 527 220 527 467 527 467 528 220 528 219 528 467 529 219 529 466 529 466 530 219 530 217 530 466 531 217 531 465 531 465 532 217 532 215 532 465 533 215 533 464 533 464 534 215 534 213 534 464 535 213 535 463 535 463 536 213 536 211 536 463 537 211 537 462 537 462 538 211 538 209 538 462 539 209 539 461 539 461 540 209 540 207 540 461 541 207 541 460 541 460 542 207 542 205 542 460 543 205 543 459 543 459 544 205 544 203 544 459 545 203 545 458 545 458 546 203 546 201 546 458 547 201 547 457 547 457 548 201 548 200 548 457 549 200 549 456 549 456 550 200 550 198 550 456 551 198 551 455 551 455 552 198 552 196 552 455 553 196 553 454 553 454 553 196 553 194 553 454 554 194 554 453 554 453 555 194 555 192 555 453 556 192 556 452 556 452 557 192 557 190 557 452 558 190 558 451 558 451 559 190 559 188 559 451 560 188 560 450 560 450 560 188 560 186 560 450 561 186 561 449 561 449 562 186 562 184 562 449 563 184 563 448 563 448 563 184 563 182 563 448 564 182 564 447 564 447 565 182 565 181 565 447 566 181 566 446 566 446 567 181 567 179 567 446 568 179 568 445 568 445 568 179 568 177 568 445 569 177 569 444 569 444 570 177 570 175 570 444 571 175 571 443 571 443 572 175 572 173 572 443 573 173 573 442 573 442 573 173 573 171 573 442 574 171 574 441 574 441 575 171 575 169 575 441 576 169 576 440 576 440 577 169 577 167 577 440 578 167 578 439 578 439 579 167 579 165 579 439 580 165 580 436 580 436 581 165 581 163 581 41 0 46 0 476 0 476 0 46 0 477 0 43 3 41 3 478 3 478 3 41 3 476 3 44 5 43 5 479 5 479 5 43 5 478 5 46 1 44 1 477 1 477 1 44 1 479 1 477 4 479 4 476 4 476 4 479 4 478 4 480 4 481 4 482 4 482 4 481 4 483 4 482 4 483 4 484 4 480 4 485 4 481 4 481 4 485 4 486 4 486 4 485 4 487 4 486 4 487 4 484 4 484 4 487 4 482 4 488 2 489 2 490 2 490 2 489 2 491 2 491 2 489 2 492 2 492 2 489 2 493 2 492 2 493 2 494 2 494 2 493 2 495 2 496 2 497 2 498 2 498 582 497 582 499 582 499 2 497 2 500 2 499 2 500 2 501 2 501 583 500 583 502 583 502 2 500 2 503 2 487 5 504 5 482 5 482 5 504 5 505 5 482 5 505 5 499 5 499 5 505 5 498 5 487 5 492 5 504 5 504 5 492 5 494 5 485 1 491 1 487 1 487 1 491 1 492 1 495 3 506 3 494 3 494 584 506 584 507 584 494 585 507 585 508 585 508 3 509 3 494 3 494 3 509 3 504 3 504 586 509 586 510 586 504 587 510 587 511 587 504 3 511 3 512 3 512 588 511 588 513 588 512 589 513 589 514 589 512 3 514 3 490 3 490 590 514 590 515 590 490 585 515 585 516 585 516 3 517 3 490 3 490 591 517 591 488 591 512 2 518 2 504 2 504 2 518 2 505 2 503 1 519 1 502 1 502 592 519 592 520 592 502 593 520 593 521 593 521 1 522 1 502 1 502 1 522 1 518 1 518 1 522 1 523 1 518 594 523 594 524 594 518 1 524 1 505 1 505 595 524 595 525 595 505 1 525 1 526 1 505 1 526 1 498 1 498 596 526 596 527 596 498 593 527 593 528 593 528 1 529 1 498 1 498 597 529 597 496 597 501 3 480 3 499 3 499 3 480 3 482 3 491 598 485 598 512 598 512 0 485 0 480 0 512 0 480 0 518 0 518 0 480 0 501 0 518 0 501 0 502 0 512 0 490 0 491 0 489 599 488 599 530 599 530 600 488 600 531 600 530 601 531 601 532 601 532 601 531 601 533 601 532 602 533 602 534 602 534 603 533 603 535 603 534 604 535 604 536 604 536 605 535 605 537 605 536 606 537 606 538 606 538 606 537 606 539 606 538 607 539 607 540 607 540 608 539 608 541 608 540 609 541 609 542 609 542 610 541 610 543 610 542 611 543 611 544 611 544 611 543 611 545 611 544 612 545 612 546 612 546 613 545 613 547 613 546 614 547 614 548 614 548 615 547 615 549 615 548 616 549 616 550 616 550 616 549 616 551 616 550 617 551 617 495 617 495 618 551 618 552 618 495 619 552 619 506 619 506 619 552 619 553 619 506 620 553 620 507 620 507 621 553 621 554 621 507 622 554 622 508 622 508 623 554 623 555 623 508 624 555 624 509 624 509 625 555 625 556 625 509 626 556 626 510 626 510 627 556 627 557 627 510 628 557 628 511 628 511 628 557 628 558 628 511 629 558 629 513 629 513 629 558 629 559 629 513 630 559 630 514 630 514 631 559 631 560 631 514 632 560 632 515 632 515 633 560 633 561 633 515 634 561 634 516 634 516 635 561 635 562 635 516 636 562 636 517 636 517 637 562 637 563 637 517 638 563 638 488 638 488 638 563 638 564 638 488 639 564 639 531 639 495 640 493 640 550 640 565 641 525 641 566 641 566 642 525 642 524 642 566 643 524 643 567 643 567 644 524 644 523 644 567 645 523 645 568 645 568 646 523 646 522 646 568 647 522 647 569 647 569 648 522 648 521 648 569 649 521 649 570 649 570 650 521 650 520 650 570 651 520 651 571 651 571 637 520 637 519 637 571 652 519 652 572 652 572 638 519 638 503 638 572 653 503 653 573 653 573 654 503 654 574 654 573 601 574 601 575 601 575 655 574 655 576 655 575 656 576 656 577 656 577 657 576 657 578 657 577 658 578 658 579 658 579 659 578 659 580 659 579 660 580 660 581 660 581 660 580 660 582 660 581 661 582 661 583 661 583 662 582 662 584 662 583 663 584 663 585 663 585 664 584 664 586 664 585 665 586 665 587 665 587 665 586 665 588 665 587 666 588 666 589 666 589 667 588 667 590 667 589 668 590 668 591 668 591 669 590 669 592 669 591 616 592 616 593 616 593 670 592 670 594 670 593 671 594 671 496 671 496 672 594 672 497 672 525 673 565 673 526 673 526 674 565 674 595 674 526 675 595 675 527 675 527 676 595 676 596 676 527 677 596 677 528 677 528 678 596 678 597 678 528 679 597 679 529 679 529 621 597 621 598 621 529 619 598 619 496 619 496 680 598 680 599 680 496 681 599 681 593 681 503 682 500 682 574 682 600 1 601 1 602 1 602 1 601 1 603 1 602 1 603 1 604 1 604 1 603 1 605 1 604 1 605 1 606 1 606 1 605 1 607 1 606 1 607 1 608 1 608 1 607 1 609 1 608 1 609 1 610 1 610 1 609 1 611 1 610 1 611 1 612 1 612 1 611 1 613 1 612 1 613 1 614 1 614 1 613 1 615 1 614 1 615 1 616 1 616 1 615 1 617 1 616 1 617 1 618 1 618 1 617 1 619 1 618 1 619 1 620 1 620 1 619 1 621 1 620 1 621 1 622 1 620 1 622 1 623 1 623 1 622 1 624 1 623 1 624 1 625 1 625 1 624 1 626 1 625 1 626 1 627 1 627 1 626 1 628 1 627 1 628 1 629 1 629 1 628 1 630 1 629 1 630 1 631 1 631 1 630 1 632 1 631 1 632 1 633 1 633 1 632 1 634 1 633 1 634 1 635 1 635 1 634 1 636 1 635 1 636 1 637 1 637 1 636 1 638 1 637 1 638 1 639 1 639 1 638 1 640 1 639 1 640 1 641 1 639 1 641 1 642 1 642 1 641 1 643 1 642 1 643 1 644 1 644 1 643 1 645 1 644 1 645 1 646 1 646 1 645 1 647 1 646 1 647 1 648 1 648 1 647 1 649 1 648 1 649 1 650 1 650 1 649 1 651 1 650 1 651 1 652 1 652 1 651 1 653 1 652 1 653 1 654 1 654 1 653 1 655 1 654 1 655 1 656 1 656 1 655 1 657 1 656 1 657 1 658 1 658 1 657 1 659 1 658 1 659 1 660 1 658 1 660 1 661 1 661 1 660 1 662 1 661 1 662 1 663 1 663 1 662 1 664 1 663 1 664 1 665 1 665 1 664 1 666 1 665 1 666 1 667 1 667 1 666 1 668 1 667 1 668 1 669 1 669 1 668 1 670 1 669 1 670 1 671 1 671 1 670 1 672 1 671 1 672 1 673 1 673 1 672 1 674 1 673 1 674 1 675 1 675 1 674 1 600 1 675 1 600 1 602 1 675 683 602 683 676 683 676 684 602 684 604 684 676 685 604 685 677 685 677 686 604 686 606 686 677 687 606 687 678 687 678 688 606 688 608 688 678 689 608 689 679 689 679 690 608 690 610 690 679 691 610 691 680 691 680 692 610 692 612 692 680 693 612 693 681 693 681 694 612 694 614 694 681 695 614 695 682 695 682 696 614 696 616 696 682 697 616 697 683 697 683 698 616 698 618 698 683 699 618 699 684 699 684 700 618 700 620 700 684 701 620 701 685 701 685 702 620 702 623 702 685 703 623 703 686 703 686 704 623 704 625 704 686 705 625 705 687 705 687 706 625 706 627 706 687 707 627 707 688 707 688 708 627 708 629 708 688 709 629 709 689 709 689 710 629 710 631 710 689 711 631 711 690 711 690 712 631 712 633 712 690 713 633 713 691 713 691 714 633 714 635 714 691 715 635 715 692 715 692 716 635 716 637 716 692 717 637 717 693 717 693 718 637 718 639 718 693 719 639 719 642 719 693 720 642 720 694 720 694 721 642 721 644 721 694 722 644 722 695 722 695 723 644 723 646 723 695 724 646 724 696 724 696 725 646 725 648 725 696 726 648 726 697 726 697 727 648 727 650 727 697 728 650 728 698 728 698 729 650 729 652 729 698 730 652 730 699 730 699 731 652 731 654 731 699 732 654 732 700 732 700 733 654 733 656 733 700 734 656 734 701 734 701 735 656 735 658 735 701 736 658 736 702 736 702 737 658 737 661 737 702 738 661 738 703 738 703 739 661 739 663 739 703 740 663 740 704 740 704 741 663 741 665 741 704 742 665 742 705 742 705 743 665 743 667 743 705 744 667 744 706 744 706 745 667 745 669 745 706 746 669 746 707 746 707 747 669 747 671 747 707 748 671 748 708 748 708 749 671 749 673 749 708 750 673 750 709 750 709 751 673 751 675 751 709 752 675 752 676 752 709 1 676 1 710 1 710 1 676 1 677 1 710 1 677 1 711 1 711 753 677 753 678 753 711 1 678 1 712 1 712 1 678 1 679 1 712 1 679 1 680 1 712 1 680 1 713 1 713 1 680 1 681 1 713 1 681 1 714 1 714 1 681 1 682 1 714 1 682 1 715 1 715 1 682 1 683 1 715 754 683 754 684 754 715 1 684 1 716 1 716 1 684 1 685 1 716 1 685 1 717 1 717 755 685 755 686 755 717 1 686 1 687 1 717 1 687 1 718 1 718 1 687 1 688 1 718 1 688 1 719 1 719 1 688 1 689 1 719 756 689 756 720 756 720 1 689 1 690 1 720 1 690 1 691 1 720 1 691 1 721 1 721 757 691 757 692 757 721 1 692 1 722 1 722 1 692 1 693 1 722 1 693 1 694 1 722 1 694 1 723 1 723 758 694 758 695 758 723 1 695 1 724 1 724 1 695 1 696 1 724 1 696 1 697 1 724 1 697 1 725 1 725 1 697 1 698 1 725 1 698 1 726 1 726 1 698 1 699 1 726 1 699 1 727 1 727 1 699 1 700 1 727 755 700 755 701 755 727 1 701 1 728 1 728 1 701 1 702 1 728 1 702 1 729 1 729 754 702 754 703 754 729 1 703 1 704 1 729 1 704 1 730 1 730 1 704 1 705 1 730 1 705 1 731 1 731 1 705 1 706 1 731 759 706 759 732 759 732 1 706 1 707 1 732 1 707 1 708 1 732 1 708 1 733 1 733 753 708 753 709 753 733 1 709 1 710 1 711 760 734 760 710 760 710 761 734 761 735 761 710 762 735 762 733 762 733 763 735 763 736 763 733 764 736 764 732 764 732 765 736 765 737 765 732 766 737 766 731 766 731 767 737 767 738 767 731 768 738 768 730 768 730 769 738 769 739 769 730 770 739 770 729 770 729 771 739 771 740 771 729 772 740 772 728 772 728 773 740 773 741 773 728 774 741 774 727 774 727 775 741 775 742 775 727 776 742 776 726 776 726 777 742 777 743 777 726 778 743 778 725 778 725 779 743 779 744 779 725 780 744 780 724 780 724 781 744 781 745 781 724 782 745 782 723 782 723 783 745 783 746 783 723 784 746 784 722 784 722 785 746 785 747 785 722 786 747 786 721 786 721 787 747 787 748 787 721 788 748 788 720 788 720 789 748 789 749 789 720 790 749 790 719 790 719 791 749 791 750 791 719 792 750 792 718 792 718 793 750 793 751 793 718 794 751 794 717 794 717 795 751 795 752 795 717 796 752 796 716 796 716 797 752 797 753 797 716 798 753 798 715 798 715 799 753 799 754 799 715 800 754 800 714 800 714 801 754 801 755 801 714 802 755 802 713 802 713 803 755 803 756 803 713 804 756 804 712 804 712 805 756 805 757 805 712 806 757 806 711 806 711 807 757 807 734 807 734 808 559 808 735 808 735 1 559 1 558 1 735 1 558 1 736 1 736 809 558 809 557 809 736 810 557 810 556 810 559 1 734 1 560 1 560 1 734 1 757 1 560 1 757 1 561 1 561 811 757 811 756 811 561 1 756 1 562 1 562 812 756 812 755 812 562 1 755 1 563 1 563 813 755 813 754 813 563 814 754 814 564 814 564 815 754 815 753 815 564 816 753 816 752 816 564 817 752 817 531 817 531 818 752 818 751 818 531 1 751 1 533 1 533 808 751 808 750 808 533 1 750 1 535 1 535 819 750 819 749 819 535 1 749 1 537 1 537 1 749 1 748 1 537 1 748 1 539 1 539 820 748 820 747 820 539 1 747 1 541 1 541 1 747 1 543 1 543 820 747 820 746 820 543 1 746 1 545 1 545 1 746 1 745 1 545 1 745 1 547 1 547 821 745 821 744 821 547 1 744 1 549 1 549 822 744 822 743 822 549 1 743 1 551 1 551 823 743 823 742 823 551 817 742 817 552 817 552 816 742 816 741 816 552 815 741 815 740 815 552 814 740 814 553 814 553 824 740 824 739 824 553 1 739 1 554 1 554 825 739 825 738 825 554 1 738 1 555 1 555 826 738 826 737 826 555 1 737 1 556 1 556 1 737 1 736 1 489 1 530 1 493 1 493 827 530 827 550 827 550 828 530 828 548 828 548 829 530 829 532 829 548 1 532 1 546 1 546 830 532 830 534 830 546 1 534 1 544 1 544 831 534 831 536 831 544 832 536 832 542 832 542 833 536 833 538 833 542 1 538 1 540 1 500 3 497 3 574 3 574 834 497 834 594 834 574 835 594 835 592 835 574 3 592 3 576 3 576 836 592 836 590 836 576 3 590 3 578 3 578 837 590 837 588 837 578 3 588 3 580 3 580 3 588 3 586 3 580 3 586 3 582 3 582 3 586 3 584 3 565 3 566 3 758 3 758 3 566 3 567 3 758 838 567 838 759 838 759 839 567 839 568 839 759 3 568 3 760 3 760 840 568 840 569 840 760 3 569 3 761 3 761 841 569 841 570 841 761 3 570 3 762 3 762 842 570 842 571 842 762 3 571 3 763 3 763 843 571 843 572 843 763 844 572 844 764 844 764 845 572 845 765 845 765 846 572 846 573 846 765 3 573 3 766 3 766 847 573 847 575 847 766 3 575 3 767 3 767 848 575 848 577 848 767 849 577 849 768 849 768 850 577 850 579 850 768 3 579 3 769 3 769 851 579 851 581 851 769 852 581 852 770 852 770 3 581 3 583 3 770 3 583 3 771 3 771 853 583 853 585 853 771 854 585 854 587 854 771 3 587 3 772 3 772 855 587 855 589 855 772 3 589 3 773 3 773 856 589 856 591 856 773 3 591 3 774 3 774 857 591 857 593 857 774 3 593 3 775 3 775 846 593 846 599 846 775 845 599 845 776 845 776 844 599 844 777 844 777 843 599 843 598 843 777 3 598 3 778 3 778 858 598 858 597 858 778 3 597 3 779 3 779 859 597 859 596 859 779 860 596 860 780 860 780 861 596 861 595 861 780 3 595 3 781 3 781 862 595 862 565 862 781 838 565 838 758 838 759 863 782 863 758 863 758 864 782 864 783 864 758 865 783 865 781 865 781 866 783 866 784 866 781 867 784 867 780 867 780 868 784 868 785 868 780 869 785 869 779 869 779 870 785 870 786 870 779 871 786 871 778 871 778 872 786 872 787 872 778 873 787 873 777 873 777 874 787 874 788 874 777 875 788 875 776 875 776 876 788 876 789 876 776 877 789 877 775 877 775 878 789 878 790 878 775 879 790 879 774 879 774 880 790 880 791 880 774 881 791 881 773 881 773 882 791 882 792 882 773 883 792 883 772 883 772 884 792 884 793 884 772 885 793 885 771 885 771 886 793 886 794 886 771 887 794 887 770 887 770 888 794 888 795 888 770 889 795 889 769 889 769 890 795 890 796 890 769 891 796 891 768 891 768 892 796 892 797 892 768 893 797 893 767 893 767 894 797 894 798 894 767 895 798 895 766 895 766 896 798 896 799 896 766 897 799 897 765 897 765 381 799 381 800 381 765 898 800 898 764 898 764 899 800 899 801 899 764 900 801 900 763 900 763 901 801 901 802 901 763 902 802 902 762 902 762 387 802 387 803 387 762 903 803 903 761 903 761 904 803 904 804 904 761 905 804 905 760 905 760 906 804 906 805 906 760 907 805 907 759 907 759 908 805 908 782 908 782 3 806 3 783 3 783 3 806 3 807 3 783 3 807 3 808 3 806 3 782 3 809 3 809 909 782 909 805 909 809 3 805 3 810 3 810 3 805 3 811 3 811 910 805 910 804 910 811 3 804 3 812 3 812 911 804 911 803 911 812 3 803 3 813 3 813 912 803 912 802 912 813 3 802 3 814 3 814 3 802 3 815 3 815 913 802 913 801 913 815 3 801 3 816 3 816 914 801 914 800 914 816 3 800 3 817 3 817 3 800 3 818 3 818 399 800 399 799 399 818 3 799 3 819 3 819 915 799 915 798 915 819 3 798 3 820 3 820 916 798 916 797 916 820 3 797 3 821 3 821 3 797 3 822 3 822 917 797 917 796 917 822 3 796 3 823 3 823 3 796 3 795 3 823 3 795 3 824 3 824 3 795 3 825 3 825 3 795 3 794 3 825 3 794 3 826 3 826 918 794 918 793 918 826 3 793 3 827 3 827 3 793 3 828 3 828 916 793 916 792 916 828 3 792 3 829 3 829 919 792 919 791 919 829 3 791 3 830 3 830 920 791 920 790 920 830 3 790 3 831 3 831 3 790 3 832 3 832 914 790 914 789 914 832 3 789 3 833 3 833 913 789 913 788 913 833 3 788 3 834 3 834 3 788 3 835 3 835 921 788 921 787 921 835 3 787 3 836 3 836 922 787 922 786 922 836 3 786 3 837 3 837 923 786 923 785 923 837 3 785 3 838 3 838 3 785 3 839 3 839 909 785 909 784 909 839 3 784 3 808 3 808 3 784 3 783 3 806 924 840 924 807 924 807 925 840 925 841 925 807 926 841 926 842 926 840 927 806 927 843 927 843 928 806 928 809 928 843 929 809 929 844 929 844 930 809 930 810 930 844 931 810 931 845 931 845 932 810 932 811 932 845 933 811 933 846 933 846 934 811 934 812 934 846 935 812 935 847 935 847 936 812 936 813 936 847 937 813 937 848 937 848 938 813 938 814 938 848 939 814 939 849 939 849 940 814 940 815 940 849 941 815 941 850 941 850 942 815 942 816 942 850 943 816 943 851 943 851 944 816 944 817 944 851 945 817 945 852 945 852 946 817 946 818 946 852 947 818 947 853 947 853 948 818 948 819 948 853 949 819 949 854 949 854 950 819 950 820 950 854 951 820 951 855 951 855 952 820 952 821 952 855 953 821 953 856 953 856 954 821 954 822 954 856 955 822 955 857 955 857 956 822 956 823 956 857 957 823 957 858 957 858 958 823 958 824 958 858 959 824 959 859 959 859 960 824 960 860 960 860 961 824 961 825 961 860 962 825 962 861 962 861 963 825 963 826 963 861 964 826 964 862 964 862 965 826 965 827 965 862 966 827 966 863 966 863 967 827 967 828 967 863 968 828 968 864 968 864 969 828 969 829 969 864 970 829 970 865 970 865 971 829 971 830 971 865 972 830 972 866 972 866 973 830 973 831 973 866 974 831 974 867 974 867 975 831 975 832 975 867 976 832 976 868 976 868 977 832 977 833 977 868 978 833 978 869 978 869 979 833 979 834 979 869 980 834 980 870 980 870 981 834 981 835 981 870 982 835 982 871 982 871 983 835 983 836 983 871 984 836 984 872 984 872 985 836 985 837 985 872 986 837 986 873 986 873 987 837 987 838 987 873 988 838 988 874 988 874 989 838 989 839 989 874 990 839 990 875 990 875 991 839 991 808 991 875 992 808 992 842 992 842 993 808 993 807 993 840 3 876 3 841 3 841 3 876 3 877 3 841 3 877 3 878 3 876 3 840 3 879 3 879 3 840 3 843 3 879 3 843 3 880 3 880 3 843 3 844 3 880 3 844 3 881 3 881 3 844 3 845 3 881 3 845 3 882 3 882 3 845 3 846 3 882 3 846 3 883 3 883 3 846 3 847 3 883 3 847 3 884 3 884 3 847 3 848 3 884 3 848 3 885 3 885 3 848 3 849 3 885 3 849 3 886 3 886 3 849 3 850 3 886 3 850 3 887 3 887 3 850 3 888 3 888 3 850 3 851 3 888 3 851 3 889 3 889 3 851 3 852 3 889 3 852 3 890 3 890 3 852 3 853 3 890 3 853 3 891 3 891 3 853 3 854 3 891 3 854 3 892 3 892 3 854 3 855 3 892 3 855 3 893 3 893 3 855 3 856 3 893 3 856 3 894 3 894 3 856 3 857 3 894 3 857 3 895 3 895 3 857 3 858 3 895 3 858 3 896 3 896 3 858 3 859 3 896 3 859 3 897 3 897 3 859 3 898 3 898 3 859 3 860 3 898 3 860 3 899 3 899 3 860 3 861 3 899 3 861 3 900 3 900 3 861 3 862 3 900 3 862 3 901 3 901 3 862 3 863 3 901 3 863 3 902 3 902 3 863 3 864 3 902 3 864 3 903 3 903 3 864 3 865 3 903 3 865 3 904 3 904 3 865 3 866 3 904 3 866 3 905 3 905 3 866 3 867 3 905 3 867 3 906 3 906 3 867 3 868 3 906 3 868 3 907 3 907 3 868 3 908 3 908 3 868 3 869 3 908 3 869 3 909 3 909 3 869 3 870 3 909 3 870 3 910 3 910 3 870 3 871 3 910 3 871 3 911 3 911 3 871 3 872 3 911 3 872 3 912 3 912 3 872 3 873 3 912 3 873 3 913 3 913 3 873 3 874 3 913 3 874 3 914 3 914 3 874 3 875 3 914 3 875 3 915 3 915 3 875 3 842 3 915 3 842 3 878 3 878 3 842 3 841 3 876 994 603 994 877 994 877 995 603 995 601 995 877 996 601 996 878 996 878 997 601 997 600 997 878 998 600 998 915 998 915 998 600 998 674 998 915 999 674 999 914 999 914 1000 674 1000 672 1000 914 1001 672 1001 913 1001 913 1002 672 1002 670 1002 913 1003 670 1003 912 1003 912 1004 670 1004 668 1004 912 1005 668 1005 911 1005 911 1005 668 1005 666 1005 911 1006 666 1006 910 1006 910 1007 666 1007 664 1007 910 1008 664 1008 909 1008 909 1009 664 1009 662 1009 909 1010 662 1010 908 1010 908 1010 662 1010 660 1010 908 1011 660 1011 907 1011 907 1012 660 1012 659 1012 907 1013 659 1013 906 1013 906 1014 659 1014 657 1014 906 1015 657 1015 905 1015 905 1015 657 1015 655 1015 905 1016 655 1016 904 1016 904 1017 655 1017 653 1017 904 1018 653 1018 903 1018 903 1018 653 1018 651 1018 903 1019 651 1019 902 1019 902 1020 651 1020 649 1020 902 1021 649 1021 901 1021 901 1022 649 1022 647 1022 901 1023 647 1023 900 1023 900 1023 647 1023 645 1023 900 1024 645 1024 899 1024 899 1024 645 1024 643 1024 899 1025 643 1025 898 1025 898 1026 643 1026 641 1026 898 1027 641 1027 897 1027 897 1027 641 1027 640 1027 897 1028 640 1028 896 1028 896 1028 640 1028 638 1028 896 1029 638 1029 895 1029 895 1030 638 1030 636 1030 895 1031 636 1031 894 1031 894 1031 636 1031 634 1031 894 1032 634 1032 893 1032 893 1032 634 1032 632 1032 893 1033 632 1033 892 1033 892 1034 632 1034 630 1034 892 1035 630 1035 891 1035 891 1036 630 1036 628 1036 891 1037 628 1037 890 1037 890 1037 628 1037 626 1037 890 1038 626 1038 889 1038 889 1039 626 1039 624 1039 889 1040 624 1040 888 1040 888 1040 624 1040 622 1040 888 1041 622 1041 887 1041 887 1042 622 1042 621 1042 887 1043 621 1043 886 1043 886 1044 621 1044 619 1044 886 1045 619 1045 885 1045 885 1045 619 1045 617 1045 885 1046 617 1046 884 1046 884 1047 617 1047 615 1047 884 1048 615 1048 883 1048 883 1049 615 1049 613 1049 883 1050 613 1050 882 1050 882 1050 613 1050 611 1050 882 1051 611 1051 881 1051 881 1052 611 1052 609 1052 881 1053 609 1053 880 1053 880 1054 609 1054 607 1054 880 1055 607 1055 879 1055 879 1056 607 1056 605 1056 879 1057 605 1057 876 1057 876 1057 605 1057 603 1057 481 0 486 0 916 0 916 0 486 0 917 0 483 3 481 3 918 3 918 3 481 3 916 3 484 5 483 5 919 5 919 5 483 5 918 5 486 1 484 1 917 1 917 1 484 1 919 1 917 4 919 4 916 4 916 4 919 4 918 4 920 4 921 4 922 4 922 4 921 4 923 4 922 4 923 4 924 4 920 4 925 4 921 4 921 4 925 4 926 4 926 4 925 4 927 4 926 4 927 4 924 4 924 4 927 4 922 4 928 2 929 2 930 2 930 2 929 2 931 2 931 2 929 2 932 2 932 2 929 2 933 2 932 2 933 2 934 2 934 2 933 2 935 2 936 2 937 2 938 2 938 2 937 2 939 2 939 2 937 2 940 2 939 2 940 2 941 2 941 2 940 2 942 2 942 2 940 2 943 2 927 5 944 5 922 5 922 5 944 5 945 5 922 5 945 5 939 5 939 5 945 5 938 5 927 5 932 5 944 5 944 5 932 5 934 5 925 1 931 1 927 1 927 1 931 1 932 1 935 3 946 3 934 3 934 1058 946 1058 947 1058 934 1059 947 1059 948 1059 948 3 949 3 934 3 934 3 949 3 944 3 944 1060 949 1060 950 1060 944 1061 950 1061 951 1061 944 3 951 3 952 3 952 1062 951 1062 953 1062 952 1063 953 1063 954 1063 952 3 954 3 930 3 930 1064 954 1064 955 1064 930 1059 955 1059 956 1059 956 1065 957 1065 930 1065 930 1066 957 1066 928 1066 952 2 958 2 944 2 944 2 958 2 945 2 943 1 959 1 942 1 942 1067 959 1067 960 1067 942 1068 960 1068 961 1068 961 1069 962 1069 942 1069 942 1 962 1 958 1 958 1070 962 1070 963 1070 958 1071 963 1071 964 1071 958 1 964 1 945 1 945 1072 964 1072 965 1072 945 1073 965 1073 966 1073 945 1 966 1 938 1 938 1074 966 1074 967 1074 938 1068 967 1068 968 1068 968 1 969 1 938 1 938 1075 969 1075 936 1075 941 3 920 3 939 3 939 3 920 3 922 3 931 1076 925 1076 952 1076 952 0 925 0 920 0 952 0 920 0 958 0 958 0 920 0 941 0 958 0 941 0 942 0 952 0 930 0 931 0 929 1077 928 1077 970 1077 970 1078 928 1078 971 1078 970 1079 971 1079 972 1079 972 1080 971 1080 973 1080 972 1081 973 1081 974 1081 974 1082 973 1082 975 1082 974 1083 975 1083 976 1083 976 1084 975 1084 977 1084 976 1085 977 1085 978 1085 978 1086 977 1086 979 1086 978 1087 979 1087 980 1087 980 1088 979 1088 981 1088 980 1089 981 1089 982 1089 982 1090 981 1090 983 1090 982 1091 983 1091 984 1091 984 1092 983 1092 985 1092 984 1093 985 1093 986 1093 986 1094 985 1094 987 1094 986 1095 987 1095 988 1095 988 1096 987 1096 989 1096 988 1097 989 1097 990 1097 990 1098 989 1098 991 1098 990 1099 991 1099 935 1099 935 1100 991 1100 992 1100 935 1101 992 1101 946 1101 946 1102 992 1102 993 1102 946 1103 993 1103 947 1103 947 1104 993 1104 994 1104 947 1105 994 1105 948 1105 948 1106 994 1106 995 1106 948 1107 995 1107 949 1107 949 1108 995 1108 996 1108 949 1109 996 1109 950 1109 950 1110 996 1110 997 1110 950 1111 997 1111 951 1111 951 628 997 628 998 628 951 1112 998 1112 953 1112 953 1113 998 1113 999 1113 953 1114 999 1114 954 1114 954 1115 999 1115 1000 1115 954 1116 1000 1116 955 1116 955 1117 1000 1117 1001 1117 955 1118 1001 1118 956 1118 956 1119 1001 1119 1002 1119 956 1120 1002 1120 957 1120 957 1121 1002 1121 1003 1121 957 1122 1003 1122 928 1122 928 1123 1003 1123 1004 1123 928 1124 1004 1124 971 1124 935 1125 933 1125 990 1125 1005 628 965 628 1006 628 1006 1126 965 1126 964 1126 1006 1127 964 1127 1007 1127 1007 629 964 629 963 629 1007 1128 963 1128 1008 1128 1008 1129 963 1129 962 1129 1008 1130 962 1130 1009 1130 1009 1131 962 1131 961 1131 1009 1132 961 1132 1010 1132 1010 1133 961 1133 960 1133 1010 1134 960 1134 1011 1134 1011 1135 960 1135 959 1135 1011 1136 959 1136 1012 1136 1012 1137 959 1137 943 1137 1012 1138 943 1138 1013 1138 1013 1139 943 1139 1014 1139 1013 1140 1014 1140 1015 1140 1015 1141 1014 1141 1016 1141 1015 1142 1016 1142 1017 1142 1017 1143 1016 1143 1018 1143 1017 1144 1018 1144 1019 1144 1019 1145 1018 1145 1020 1145 1019 1146 1020 1146 1021 1146 1021 1147 1020 1147 1022 1147 1021 1148 1022 1148 1023 1148 1023 1088 1022 1088 1024 1088 1023 1149 1024 1149 1025 1149 1025 1090 1024 1090 1026 1090 1025 1150 1026 1150 1027 1150 1027 1151 1026 1151 1028 1151 1027 1152 1028 1152 1029 1152 1029 1153 1028 1153 1030 1153 1029 1154 1030 1154 1031 1154 1031 1155 1030 1155 1032 1155 1031 1156 1032 1156 1033 1156 1033 1157 1032 1157 1034 1157 1033 1158 1034 1158 936 1158 936 1159 1034 1159 937 1159 965 1160 1005 1160 966 1160 966 626 1005 626 1035 626 966 1161 1035 1161 967 1161 967 1162 1035 1162 1036 1162 967 1163 1036 1163 968 1163 968 1164 1036 1164 1037 1164 968 1165 1037 1165 969 1165 969 1166 1037 1166 1038 1166 969 1167 1038 1167 936 1167 936 1168 1038 1168 1039 1168 936 1169 1039 1169 1033 1169 943 1170 940 1170 1014 1170 1040 1 1041 1 1042 1 1042 1 1041 1 1043 1 1042 1171 1043 1171 1044 1171 1044 1 1043 1 1045 1 1044 1172 1045 1172 1046 1172 1046 1173 1045 1173 1047 1173 1046 1174 1047 1174 1048 1174 1048 1 1047 1 1049 1 1048 1 1049 1 1050 1 1050 1175 1049 1175 1051 1175 1050 1176 1051 1176 1052 1176 1052 1 1051 1 1053 1 1052 1 1053 1 1054 1 1054 1177 1053 1177 1055 1177 1054 1178 1055 1178 1056 1178 1056 1 1055 1 1057 1 1056 1 1057 1 1058 1 1058 1179 1057 1179 1059 1179 1058 1 1059 1 1060 1 1060 1 1059 1 1061 1 1060 1 1061 1 1062 1 1060 1 1062 1 1063 1 1063 1180 1062 1180 1064 1180 1063 1 1064 1 1065 1 1065 1 1064 1 1066 1 1065 1 1066 1 1067 1 1067 1181 1066 1181 1068 1181 1067 1 1068 1 1069 1 1069 1 1068 1 1070 1 1069 1 1070 1 1071 1 1071 1182 1070 1182 1072 1182 1071 1 1072 1 1073 1 1073 1 1072 1 1074 1 1073 1 1074 1 1075 1 1075 1183 1074 1183 1076 1183 1075 1 1076 1 1077 1 1077 1 1076 1 1078 1 1077 1 1078 1 1079 1 1079 1 1078 1 1080 1 1079 1 1080 1 1081 1 1079 1184 1081 1184 1082 1184 1082 1 1081 1 1083 1 1082 1185 1083 1185 1084 1185 1084 1186 1083 1186 1085 1186 1084 1187 1085 1187 1086 1187 1086 1 1085 1 1087 1 1086 1 1087 1 1088 1 1088 1188 1087 1188 1089 1188 1088 1189 1089 1189 1090 1189 1090 1 1089 1 1091 1 1090 1 1091 1 1092 1 1092 1181 1091 1181 1093 1181 1092 1190 1093 1190 1094 1190 1094 1 1093 1 1095 1 1094 1 1095 1 1096 1 1096 1191 1095 1191 1097 1191 1096 1 1097 1 1098 1 1098 1 1097 1 1099 1 1098 1 1099 1 1100 1 1098 1 1100 1 1101 1 1101 1192 1100 1192 1102 1192 1101 1 1102 1 1103 1 1103 1 1102 1 1104 1 1103 1 1104 1 1105 1 1105 1177 1104 1177 1106 1177 1105 1 1106 1 1107 1 1107 1 1106 1 1108 1 1107 1 1108 1 1109 1 1109 1193 1108 1193 1110 1193 1109 1 1110 1 1111 1 1111 1 1110 1 1112 1 1111 1 1112 1 1113 1 1113 1173 1112 1173 1114 1173 1113 1 1114 1 1115 1 1115 1 1114 1 1040 1 1115 1 1040 1 1042 1 1115 1194 1042 1194 1116 1194 1116 1195 1042 1195 1044 1195 1116 1196 1044 1196 1117 1196 1117 1197 1044 1197 1046 1197 1117 1198 1046 1198 1118 1198 1118 1199 1046 1199 1048 1199 1118 1200 1048 1200 1119 1200 1119 1201 1048 1201 1050 1201 1119 1202 1050 1202 1120 1202 1120 1203 1050 1203 1052 1203 1120 1204 1052 1204 1121 1204 1121 1205 1052 1205 1054 1205 1121 1206 1054 1206 1122 1206 1122 1207 1054 1207 1056 1207 1122 1208 1056 1208 1123 1208 1123 1209 1056 1209 1058 1209 1123 1210 1058 1210 1124 1210 1124 1211 1058 1211 1060 1211 1124 1212 1060 1212 1125 1212 1125 1213 1060 1213 1063 1213 1125 1214 1063 1214 1126 1214 1126 1215 1063 1215 1065 1215 1126 1216 1065 1216 1127 1216 1127 1217 1065 1217 1067 1217 1127 1218 1067 1218 1128 1218 1128 1219 1067 1219 1069 1219 1128 1220 1069 1220 1129 1220 1129 1221 1069 1221 1071 1221 1129 1222 1071 1222 1130 1222 1130 1223 1071 1223 1073 1223 1130 1224 1073 1224 1131 1224 1131 1225 1073 1225 1075 1225 1131 1226 1075 1226 1132 1226 1132 1227 1075 1227 1077 1227 1132 1228 1077 1228 1133 1228 1133 1229 1077 1229 1079 1229 1133 1230 1079 1230 1082 1230 1133 1231 1082 1231 1134 1231 1134 1232 1082 1232 1084 1232 1134 1233 1084 1233 1135 1233 1135 1234 1084 1234 1086 1234 1135 1235 1086 1235 1136 1235 1136 1236 1086 1236 1088 1236 1136 1237 1088 1237 1137 1237 1137 1238 1088 1238 1090 1238 1137 1239 1090 1239 1138 1239 1138 1240 1090 1240 1092 1240 1138 1241 1092 1241 1139 1241 1139 1242 1092 1242 1094 1242 1139 1243 1094 1243 1140 1243 1140 1244 1094 1244 1096 1244 1140 1245 1096 1245 1141 1245 1141 1246 1096 1246 1098 1246 1141 1247 1098 1247 1142 1247 1142 1248 1098 1248 1101 1248 1142 1249 1101 1249 1143 1249 1143 1250 1101 1250 1103 1250 1143 1251 1103 1251 1144 1251 1144 1252 1103 1252 1105 1252 1144 1253 1105 1253 1145 1253 1145 1254 1105 1254 1107 1254 1145 1255 1107 1255 1146 1255 1146 1256 1107 1256 1109 1256 1146 1257 1109 1257 1147 1257 1147 1258 1109 1258 1111 1258 1147 1259 1111 1259 1148 1259 1148 1260 1111 1260 1113 1260 1148 1261 1113 1261 1149 1261 1149 1262 1113 1262 1115 1262 1149 1263 1115 1263 1116 1263 1149 1 1116 1 1150 1 1150 1 1116 1 1117 1 1150 1 1117 1 1151 1 1151 1 1117 1 1118 1 1151 1 1118 1 1152 1 1152 1 1118 1 1119 1 1152 1264 1119 1264 1120 1264 1152 1 1120 1 1153 1 1153 1265 1120 1265 1121 1265 1153 1266 1121 1266 1154 1266 1154 1267 1121 1267 1122 1267 1154 1268 1122 1268 1155 1268 1155 1 1122 1 1123 1 1155 1269 1123 1269 1124 1269 1155 1 1124 1 1156 1 1156 1 1124 1 1125 1 1156 1 1125 1 1157 1 1157 1270 1125 1270 1126 1270 1157 1 1126 1 1127 1 1157 1271 1127 1271 1158 1271 1158 1272 1127 1272 1128 1272 1158 1 1128 1 1159 1 1159 1273 1128 1273 1129 1273 1159 1 1129 1 1160 1 1160 1274 1129 1274 1130 1274 1160 1 1130 1 1131 1 1160 1 1131 1 1161 1 1161 1 1131 1 1132 1 1161 1 1132 1 1162 1 1162 1 1132 1 1133 1 1162 1 1133 1 1134 1 1162 1 1134 1 1163 1 1163 1 1134 1 1135 1 1163 1 1135 1 1164 1 1164 1 1135 1 1136 1 1164 1275 1136 1275 1137 1275 1164 1 1137 1 1165 1 1165 1276 1137 1276 1138 1276 1165 1277 1138 1277 1166 1277 1166 1272 1138 1272 1139 1272 1166 1278 1139 1278 1167 1278 1167 1 1139 1 1140 1 1167 1270 1140 1270 1141 1270 1167 1 1141 1 1168 1 1168 1 1141 1 1142 1 1168 1 1142 1 1169 1 1169 1269 1142 1269 1143 1269 1169 1 1143 1 1144 1 1169 1279 1144 1279 1170 1279 1170 1280 1144 1280 1145 1280 1170 1 1145 1 1171 1 1171 1281 1145 1281 1146 1281 1171 1 1146 1 1172 1 1172 1282 1146 1282 1147 1282 1172 1 1147 1 1148 1 1172 1 1148 1 1173 1 1173 1 1148 1 1149 1 1173 1 1149 1 1150 1 1151 1283 1174 1283 1150 1283 1150 1284 1174 1284 1175 1284 1150 1285 1175 1285 1173 1285 1173 1286 1175 1286 1176 1286 1173 1287 1176 1287 1172 1287 1172 1288 1176 1288 1177 1288 1172 1289 1177 1289 1171 1289 1171 1290 1177 1290 1178 1290 1171 1291 1178 1291 1170 1291 1170 1292 1178 1292 1179 1292 1170 1293 1179 1293 1169 1293 1169 1294 1179 1294 1180 1294 1169 1295 1180 1295 1168 1295 1168 1296 1180 1296 1181 1296 1168 1297 1181 1297 1167 1297 1167 1298 1181 1298 1182 1298 1167 1299 1182 1299 1166 1299 1166 1300 1182 1300 1183 1300 1166 1301 1183 1301 1165 1301 1165 1302 1183 1302 1184 1302 1165 1303 1184 1303 1164 1303 1164 1304 1184 1304 1185 1304 1164 1305 1185 1305 1163 1305 1163 1306 1185 1306 1186 1306 1163 1307 1186 1307 1162 1307 1162 1308 1186 1308 1187 1308 1162 1309 1187 1309 1161 1309 1161 1310 1187 1310 1188 1310 1161 1311 1188 1311 1160 1311 1160 1312 1188 1312 1189 1312 1160 1313 1189 1313 1159 1313 1159 1314 1189 1314 1190 1314 1159 1315 1190 1315 1158 1315 1158 1316 1190 1316 1191 1316 1158 1317 1191 1317 1157 1317 1157 1318 1191 1318 1192 1318 1157 1319 1192 1319 1156 1319 1156 1320 1192 1320 1193 1320 1156 1321 1193 1321 1155 1321 1155 1322 1193 1322 1194 1322 1155 1323 1194 1323 1154 1323 1154 1324 1194 1324 1195 1324 1154 1325 1195 1325 1153 1325 1153 1326 1195 1326 1196 1326 1153 1327 1196 1327 1152 1327 1152 1328 1196 1328 1197 1328 1152 1329 1197 1329 1151 1329 1151 1330 1197 1330 1174 1330 1174 1331 999 1331 1175 1331 1175 1 999 1 998 1 1175 1 998 1 1176 1 1176 1332 998 1332 997 1332 1176 1333 997 1333 996 1333 999 1334 1174 1334 1000 1334 1000 1335 1174 1335 1197 1335 1000 1 1197 1 1001 1 1001 1336 1197 1336 1196 1336 1001 1 1196 1 1002 1 1002 1337 1196 1337 1195 1337 1002 1338 1195 1338 1003 1338 1003 1339 1195 1339 1194 1339 1003 1 1194 1 1004 1 1004 1 1194 1 1193 1 1004 1 1193 1 1192 1 1004 1 1192 1 971 1 971 1340 1192 1340 1191 1340 971 1341 1191 1341 973 1341 973 1342 1191 1342 1190 1342 973 1 1190 1 975 1 975 1343 1190 1343 1189 1343 975 1 1189 1 977 1 977 1344 1189 1344 1188 1344 977 1 1188 1 979 1 979 1337 1188 1337 1187 1337 979 1 1187 1 981 1 981 1 1187 1 983 1 983 1337 1187 1337 1186 1337 983 1345 1186 1345 985 1345 985 1344 1186 1344 1185 1344 985 1 1185 1 987 1 987 1346 1185 1346 1184 1346 987 1 1184 1 989 1 989 1347 1184 1347 1183 1347 989 1348 1183 1348 991 1348 991 1349 1183 1349 1182 1349 991 1 1182 1 992 1 992 1 1182 1 1181 1 992 1 1181 1 1180 1 992 1 1180 1 993 1 993 1350 1180 1350 1179 1350 993 1351 1179 1351 994 1351 994 1352 1179 1352 1178 1352 994 1 1178 1 995 1 995 1353 1178 1353 1177 1353 995 1 1177 1 996 1 996 1335 1177 1335 1176 1335 929 1 970 1 933 1 933 1 970 1 990 1 990 1 970 1 988 1 988 1354 970 1354 972 1354 988 1355 972 1355 986 1355 986 1356 972 1356 974 1356 986 1 974 1 984 1 984 1357 974 1357 976 1357 984 1358 976 1358 982 1358 982 1359 976 1359 978 1359 982 1 978 1 980 1 940 1360 937 1360 1014 1360 1014 1361 937 1361 1034 1361 1014 1362 1034 1362 1032 1362 1014 3 1032 3 1016 3 1016 1363 1032 1363 1030 1363 1016 3 1030 3 1018 3 1018 1364 1030 1364 1028 1364 1018 1365 1028 1365 1020 1365 1020 1366 1028 1366 1026 1366 1020 3 1026 3 1022 3 1022 3 1026 3 1024 3 1005 3 1006 3 1198 3 1198 3 1006 3 1007 3 1198 1367 1007 1367 1199 1367 1199 1368 1007 1368 1008 1368 1199 3 1008 3 1200 3 1200 1369 1008 1369 1009 1369 1200 3 1009 3 1201 3 1201 1370 1009 1370 1010 1370 1201 3 1010 3 1202 3 1202 1371 1010 1371 1011 1371 1202 3 1011 3 1203 3 1203 1372 1011 1372 1012 1372 1203 3 1012 3 1204 3 1204 1373 1012 1373 1205 1373 1205 1374 1012 1374 1013 1374 1205 3 1013 3 1206 3 1206 1375 1013 1375 1015 1375 1206 3 1015 3 1207 3 1207 1376 1015 1376 1017 1376 1207 1377 1017 1377 1208 1377 1208 1378 1017 1378 1019 1378 1208 3 1019 3 1209 3 1209 1379 1019 1379 1021 1379 1209 1380 1021 1380 1210 1380 1210 3 1021 3 1023 3 1210 3 1023 3 1211 3 1211 1381 1023 1381 1025 1381 1211 1382 1025 1382 1027 1382 1211 3 1027 3 1212 3 1212 1383 1027 1383 1029 1383 1212 3 1029 3 1213 3 1213 1384 1029 1384 1031 1384 1213 3 1031 3 1214 3 1214 1385 1031 1385 1033 1385 1214 3 1033 3 1215 3 1215 1374 1033 1374 1039 1374 1215 3 1039 3 1216 3 1216 1386 1039 1386 1217 1386 1217 1372 1039 1372 1038 1372 1217 3 1038 3 1218 3 1218 1387 1038 1387 1037 1387 1218 3 1037 3 1219 3 1219 1388 1037 1388 1036 1388 1219 1389 1036 1389 1220 1389 1220 1390 1036 1390 1035 1390 1220 3 1035 3 1221 3 1221 1391 1035 1391 1005 1391 1221 1392 1005 1392 1198 1392 1199 1393 1222 1393 1198 1393 1198 1394 1222 1394 1223 1394 1198 1395 1223 1395 1221 1395 1221 1396 1223 1396 1224 1396 1221 1397 1224 1397 1220 1397 1220 1398 1224 1398 1225 1398 1220 1399 1225 1399 1219 1399 1219 1400 1225 1400 1226 1400 1219 1401 1226 1401 1218 1401 1218 1402 1226 1402 1227 1402 1218 1403 1227 1403 1217 1403 1217 1404 1227 1404 1228 1404 1217 1405 1228 1405 1216 1405 1216 1406 1228 1406 1229 1406 1216 1407 1229 1407 1215 1407 1215 1408 1229 1408 1230 1408 1215 1409 1230 1409 1214 1409 1214 1410 1230 1410 1231 1410 1214 1411 1231 1411 1213 1411 1213 1412 1231 1412 1232 1412 1213 1413 1232 1413 1212 1413 1212 1414 1232 1414 1233 1414 1212 1415 1233 1415 1211 1415 1211 1416 1233 1416 1234 1416 1211 1417 1234 1417 1210 1417 1210 1418 1234 1418 1235 1418 1210 1419 1235 1419 1209 1419 1209 1420 1235 1420 1236 1420 1209 1421 1236 1421 1208 1421 1208 1422 1236 1422 1237 1422 1208 1423 1237 1423 1207 1423 1207 1424 1237 1424 1238 1424 1207 1425 1238 1425 1206 1425 1206 1426 1238 1426 1239 1426 1206 1427 1239 1427 1205 1427 1205 1428 1239 1428 1240 1428 1205 1429 1240 1429 1204 1429 1204 1430 1240 1430 1241 1430 1204 1431 1241 1431 1203 1431 1203 1432 1241 1432 1242 1432 1203 1433 1242 1433 1202 1433 1202 1434 1242 1434 1243 1434 1202 1435 1243 1435 1201 1435 1201 1436 1243 1436 1244 1436 1201 1437 1244 1437 1200 1437 1200 1438 1244 1438 1245 1438 1200 1439 1245 1439 1199 1439 1199 1440 1245 1440 1222 1440 1222 3 1246 3 1223 3 1223 3 1246 3 1247 3 1223 3 1247 3 1248 3 1246 3 1222 3 1249 3 1249 3 1222 3 1245 3 1249 1441 1245 1441 1250 1441 1250 3 1245 3 1251 3 1251 1442 1245 1442 1244 1442 1251 1443 1244 1443 1252 1443 1252 3 1244 3 1243 3 1252 3 1243 3 1253 3 1253 1444 1243 1444 1242 1444 1253 3 1242 3 1254 3 1254 3 1242 3 1255 3 1255 1445 1242 1445 1241 1445 1255 3 1241 3 1256 3 1256 1446 1241 1446 1240 1446 1256 3 1240 3 1257 3 1257 3 1240 3 1258 3 1258 1447 1240 1447 1239 1447 1258 1448 1239 1448 1259 1448 1259 3 1239 3 1238 3 1259 1449 1238 1449 1260 1449 1260 1450 1238 1450 1237 1450 1260 3 1237 3 1261 3 1261 1451 1237 1451 1262 1451 1262 3 1237 3 1236 3 1262 1452 1236 1452 1263 1452 1263 1453 1236 1453 1235 1453 1263 3 1235 3 1264 3 1264 3 1235 3 1265 3 1265 1453 1235 1453 1234 1453 1265 3 1234 3 1266 3 1266 3 1234 3 1233 3 1266 1454 1233 1454 1267 1454 1267 3 1233 3 1268 3 1268 1450 1233 1450 1232 1450 1268 1455 1232 1455 1269 1455 1269 3 1232 3 1231 3 1269 3 1231 3 1270 3 1270 1456 1231 1456 1230 1456 1270 3 1230 3 1271 3 1271 3 1230 3 1272 3 1272 1446 1230 1446 1229 1446 1272 3 1229 3 1273 3 1273 1445 1229 1445 1228 1445 1273 3 1228 3 1274 3 1274 3 1228 3 1275 3 1275 1457 1228 1457 1227 1457 1275 1458 1227 1458 1276 1458 1276 3 1227 3 1226 3 1276 1459 1226 1459 1277 1459 1277 1460 1226 1460 1225 1460 1277 3 1225 3 1278 3 1278 1461 1225 1461 1279 1461 1279 3 1225 3 1224 3 1279 1462 1224 1462 1248 1462 1248 1463 1224 1463 1223 1463 1246 1464 1280 1464 1247 1464 1247 1465 1280 1465 1281 1465 1247 1466 1281 1466 1282 1466 1280 1467 1246 1467 1283 1467 1283 1468 1246 1468 1249 1468 1283 1469 1249 1469 1284 1469 1284 1470 1249 1470 1250 1470 1284 1471 1250 1471 1285 1471 1285 1472 1250 1472 1251 1472 1285 1473 1251 1473 1286 1473 1286 1474 1251 1474 1252 1474 1286 1475 1252 1475 1287 1475 1287 1476 1252 1476 1253 1476 1287 1477 1253 1477 1288 1477 1288 1478 1253 1478 1254 1478 1288 1479 1254 1479 1289 1479 1289 1480 1254 1480 1255 1480 1289 1481 1255 1481 1290 1481 1290 1482 1255 1482 1256 1482 1290 1483 1256 1483 1291 1483 1291 1484 1256 1484 1257 1484 1291 1485 1257 1485 1292 1485 1292 1486 1257 1486 1258 1486 1292 1487 1258 1487 1293 1487 1293 1488 1258 1488 1259 1488 1293 1489 1259 1489 1294 1489 1294 1490 1259 1490 1260 1490 1294 1491 1260 1491 1295 1491 1295 1492 1260 1492 1261 1492 1295 1493 1261 1493 1296 1493 1296 1494 1261 1494 1262 1494 1296 1495 1262 1495 1297 1495 1297 1496 1262 1496 1263 1496 1297 1497 1263 1497 1298 1497 1298 1498 1263 1498 1264 1498 1298 1499 1264 1499 1299 1499 1299 1500 1264 1500 1300 1500 1300 1501 1264 1501 1265 1501 1300 1502 1265 1502 1301 1502 1301 1503 1265 1503 1266 1503 1301 1504 1266 1504 1302 1504 1302 1505 1266 1505 1267 1505 1302 1506 1267 1506 1303 1506 1303 1507 1267 1507 1268 1507 1303 1508 1268 1508 1304 1508 1304 1509 1268 1509 1269 1509 1304 1510 1269 1510 1305 1510 1305 1511 1269 1511 1270 1511 1305 1512 1270 1512 1306 1512 1306 1513 1270 1513 1271 1513 1306 1514 1271 1514 1307 1514 1307 1515 1271 1515 1272 1515 1307 1516 1272 1516 1308 1516 1308 1517 1272 1517 1273 1517 1308 1518 1273 1518 1309 1518 1309 1519 1273 1519 1274 1519 1309 1520 1274 1520 1310 1520 1310 1521 1274 1521 1275 1521 1310 1522 1275 1522 1311 1522 1311 1523 1275 1523 1276 1523 1311 1524 1276 1524 1312 1524 1312 1525 1276 1525 1277 1525 1312 1526 1277 1526 1313 1526 1313 1527 1277 1527 1278 1527 1313 1528 1278 1528 1314 1528 1314 1529 1278 1529 1279 1529 1314 1530 1279 1530 1315 1530 1315 1531 1279 1531 1248 1531 1315 1532 1248 1532 1282 1532 1282 1533 1248 1533 1247 1533 1280 3 1316 3 1281 3 1281 3 1316 3 1317 3 1281 3 1317 3 1318 3 1316 3 1280 3 1319 3 1319 3 1280 3 1283 3 1319 3 1283 3 1320 3 1320 1534 1283 1534 1284 1534 1320 3 1284 3 1321 3 1321 3 1284 3 1285 3 1321 3 1285 3 1322 3 1322 1535 1285 1535 1286 1535 1322 3 1286 3 1323 3 1323 1536 1286 1536 1287 1536 1323 1537 1287 1537 1324 1537 1324 1538 1287 1538 1288 1538 1324 3 1288 3 1325 3 1325 1539 1288 1539 1289 1539 1325 1540 1289 1540 1326 1540 1326 1541 1289 1541 1290 1541 1326 3 1290 3 1327 3 1327 3 1290 3 1328 3 1328 1542 1290 1542 1291 1542 1328 1543 1291 1543 1329 1543 1329 1544 1291 1544 1292 1544 1329 3 1292 3 1330 3 1330 1545 1292 1545 1293 1545 1330 1546 1293 1546 1331 1546 1331 1547 1293 1547 1294 1547 1331 3 1294 3 1332 3 1332 1548 1294 1548 1295 1548 1332 1549 1295 1549 1333 1549 1333 3 1295 3 1296 3 1333 1550 1296 1550 1334 1550 1334 1551 1296 1551 1297 1551 1334 1552 1297 1552 1335 1552 1335 3 1297 3 1298 3 1335 1553 1298 1553 1336 1553 1336 1554 1298 1554 1299 1554 1336 3 1299 3 1337 3 1337 3 1299 3 1338 3 1338 1555 1299 1555 1300 1555 1338 3 1300 3 1339 3 1339 3 1300 3 1301 3 1339 3 1301 3 1340 3 1340 1556 1301 1556 1302 1556 1340 3 1302 3 1341 3 1341 3 1302 3 1303 3 1341 3 1303 3 1342 3 1342 1557 1303 1557 1304 1557 1342 3 1304 3 1343 3 1343 1558 1304 1558 1305 1558 1343 1559 1305 1559 1344 1559 1344 1545 1305 1545 1306 1545 1344 3 1306 3 1345 3 1345 1544 1306 1544 1307 1544 1345 1560 1307 1560 1346 1560 1346 1542 1307 1542 1308 1542 1346 3 1308 3 1347 3 1347 3 1308 3 1348 3 1348 1541 1308 1541 1309 1541 1348 1561 1309 1561 1349 1561 1349 1539 1309 1539 1310 1539 1349 3 1310 3 1350 3 1350 1538 1310 1538 1311 1538 1350 1562 1311 1562 1351 1562 1351 1536 1311 1536 1312 1536 1351 3 1312 3 1352 3 1352 1535 1312 1535 1313 1535 1352 1563 1313 1563 1353 1563 1353 3 1313 3 1314 3 1353 1564 1314 1564 1354 1564 1354 1534 1314 1534 1315 1534 1354 1565 1315 1565 1355 1565 1355 3 1315 3 1282 3 1355 1566 1282 1566 1318 1566 1318 1567 1282 1567 1281 1567 1316 1568 1043 1568 1317 1568 1317 1569 1043 1569 1041 1569 1317 1570 1041 1570 1318 1570 1318 1571 1041 1571 1040 1571 1318 998 1040 998 1355 998 1355 998 1040 998 1114 998 1355 1572 1114 1572 1354 1572 1354 1573 1114 1573 1112 1573 1354 1574 1112 1574 1353 1574 1353 1575 1112 1575 1110 1575 1353 1003 1110 1003 1352 1003 1352 1004 1110 1004 1108 1004 1352 1576 1108 1576 1351 1576 1351 1577 1108 1577 1106 1577 1351 1578 1106 1578 1350 1578 1350 1579 1106 1579 1104 1579 1350 1008 1104 1008 1349 1008 1349 1009 1104 1009 1102 1009 1349 1010 1102 1010 1348 1010 1348 1010 1102 1010 1100 1010 1348 1011 1100 1011 1347 1011 1347 1012 1100 1012 1099 1012 1347 1013 1099 1013 1346 1013 1346 1014 1099 1014 1097 1014 1346 1015 1097 1015 1345 1015 1345 1015 1097 1015 1095 1015 1345 1016 1095 1016 1344 1016 1344 1017 1095 1017 1093 1017 1344 1580 1093 1580 1343 1580 1343 1581 1093 1581 1091 1581 1343 1582 1091 1582 1342 1582 1342 1583 1091 1583 1089 1583 1342 1021 1089 1021 1341 1021 1341 1022 1089 1022 1087 1022 1341 1584 1087 1584 1340 1584 1340 1585 1087 1585 1085 1585 1340 1586 1085 1586 1339 1586 1339 1587 1085 1587 1083 1587 1339 1025 1083 1025 1338 1025 1338 1026 1083 1026 1081 1026 1338 1588 1081 1588 1337 1588 1337 1588 1081 1588 1080 1588 1337 1589 1080 1589 1336 1589 1336 1589 1080 1589 1078 1589 1336 1029 1078 1029 1335 1029 1335 1030 1078 1030 1076 1030 1335 1590 1076 1590 1334 1590 1334 1591 1076 1591 1074 1591 1334 1592 1074 1592 1333 1592 1333 1593 1074 1593 1072 1593 1333 1033 1072 1033 1332 1033 1332 1034 1072 1034 1070 1034 1332 1594 1070 1594 1331 1594 1331 1595 1070 1595 1068 1595 1331 1596 1068 1596 1330 1596 1330 1597 1068 1597 1066 1597 1330 1038 1066 1038 1329 1038 1329 1039 1066 1039 1064 1039 1329 1040 1064 1040 1328 1040 1328 1040 1064 1040 1062 1040 1328 1041 1062 1041 1327 1041 1327 1042 1062 1042 1061 1042 1327 1043 1061 1043 1326 1043 1326 1044 1061 1044 1059 1044 1326 1045 1059 1045 1325 1045 1325 1045 1059 1045 1057 1045 1325 1046 1057 1046 1324 1046 1324 1047 1057 1047 1055 1047 1324 1598 1055 1598 1323 1598 1323 1599 1055 1599 1053 1599 1323 1600 1053 1600 1322 1600 1322 1601 1053 1601 1051 1601 1322 1051 1051 1051 1321 1051 1321 1052 1051 1052 1049 1052 1321 1602 1049 1602 1320 1602 1320 1603 1049 1603 1047 1603 1320 1604 1047 1604 1319 1604 1319 1605 1047 1605 1045 1605 1319 1057 1045 1057 1316 1057 1316 1057 1045 1057 1043 1057 921 0 926 0 1356 0 1356 0 926 0 1357 0 923 3 921 3 1358 3 1358 3 921 3 1356 3 924 5 923 5 1359 5 1359 5 923 5 1358 5 926 1 924 1 1357 1 1357 1 924 1 1359 1 1357 4 1359 4 1356 4 1356 4 1359 4 1358 4 1360 4 1361 4 1362 4 1362 4 1361 4 1363 4 1362 4 1363 4 1364 4 1360 4 1365 4 1361 4 1361 4 1365 4 1366 4 1366 4 1365 4 1367 4 1366 4 1367 4 1364 4 1364 4 1367 4 1362 4 1368 2 1369 2 1370 2 1370 2 1369 2 1371 2 1371 2 1369 2 1372 2 1372 2 1369 2 1373 2 1372 2 1373 2 1374 2 1374 2 1373 2 1375 2 1376 2 1377 2 1378 2 1378 2 1377 2 1379 2 1379 2 1377 2 1380 2 1379 2 1380 2 1381 2 1381 2 1380 2 1382 2 1382 2 1380 2 1383 2 1367 5 1384 5 1362 5 1362 5 1384 5 1385 5 1362 5 1385 5 1379 5 1379 5 1385 5 1378 5 1367 5 1372 5 1384 5 1384 5 1372 5 1374 5 1365 1 1371 1 1367 1 1367 1 1371 1 1372 1 1375 1606 1386 1606 1374 1606 1374 1607 1386 1607 1387 1607 1374 1608 1387 1608 1388 1608 1388 3 1389 3 1374 3 1374 3 1389 3 1384 3 1384 1609 1389 1609 1390 1609 1384 1610 1390 1610 1391 1610 1384 3 1391 3 1392 3 1392 1611 1391 1611 1393 1611 1392 1612 1393 1612 1394 1612 1392 3 1394 3 1370 3 1370 1613 1394 1613 1395 1613 1370 1614 1395 1614 1396 1614 1396 1615 1397 1615 1370 1615 1370 1616 1397 1616 1368 1616 1392 2 1398 2 1384 2 1384 2 1398 2 1385 2 1383 1 1399 1 1382 1 1382 1617 1399 1617 1400 1617 1382 1 1400 1 1401 1 1401 1618 1402 1618 1382 1618 1382 1 1402 1 1398 1 1398 1619 1402 1619 1403 1619 1398 1620 1403 1620 1404 1620 1398 1 1404 1 1385 1 1385 1621 1404 1621 1405 1621 1385 1622 1405 1622 1406 1622 1385 1 1406 1 1378 1 1378 1623 1406 1623 1407 1623 1378 1 1407 1 1408 1 1408 1624 1409 1624 1378 1624 1378 1625 1409 1625 1376 1625 1381 3 1360 3 1379 3 1379 3 1360 3 1362 3 1371 1626 1365 1626 1392 1626 1392 0 1365 0 1360 0 1392 0 1360 0 1398 0 1398 0 1360 0 1381 0 1398 0 1381 0 1382 0 1392 0 1370 0 1371 0 1369 1077 1368 1077 1410 1077 1410 1627 1368 1627 1411 1627 1410 1628 1411 1628 1412 1628 1412 1629 1411 1629 1413 1629 1412 1630 1413 1630 1414 1630 1414 1631 1413 1631 1415 1631 1414 1083 1415 1083 1416 1083 1416 1632 1415 1632 1417 1632 1416 1085 1417 1085 1418 1085 1418 1146 1417 1146 1419 1146 1418 1087 1419 1087 1420 1087 1420 1088 1419 1088 1421 1088 1420 1089 1421 1089 1422 1089 1422 1090 1421 1090 1423 1090 1422 1091 1423 1091 1424 1091 1424 1633 1423 1633 1425 1633 1424 1093 1425 1093 1426 1093 1426 1634 1425 1634 1427 1634 1426 1635 1427 1635 1428 1635 1428 1636 1427 1636 1429 1636 1428 1637 1429 1637 1430 1637 1430 1638 1429 1638 1431 1638 1430 1639 1431 1639 1375 1639 1375 1100 1431 1100 1432 1100 1375 1640 1432 1640 1386 1640 1386 1102 1432 1102 1433 1102 1386 1104 1433 1104 1387 1104 1387 1641 1433 1641 1434 1641 1387 1642 1434 1642 1388 1642 1388 1643 1434 1643 1435 1643 1388 1107 1435 1107 1389 1107 1389 1644 1435 1644 1436 1644 1389 1645 1436 1645 1390 1645 1390 1110 1436 1110 1437 1110 1390 1646 1437 1646 1391 1646 1391 628 1437 628 1438 628 1391 1647 1438 1647 1393 1647 1393 1113 1438 1113 1439 1113 1393 1648 1439 1648 1394 1648 1394 1115 1439 1115 1440 1115 1394 1116 1440 1116 1395 1116 1395 1649 1440 1649 1441 1649 1395 1650 1441 1650 1396 1650 1396 1651 1441 1651 1442 1651 1396 1121 1442 1121 1397 1121 1397 1652 1442 1652 1443 1652 1397 1653 1443 1653 1368 1653 1368 1123 1443 1123 1444 1123 1368 1124 1444 1124 1411 1124 1375 1125 1373 1125 1430 1125 1445 1654 1405 1654 1446 1654 1446 1126 1405 1126 1404 1126 1446 1655 1404 1655 1447 1655 1447 629 1404 629 1403 629 1447 1128 1403 1128 1448 1128 1448 1656 1403 1656 1402 1656 1448 1657 1402 1657 1449 1657 1449 1658 1402 1658 1401 1658 1449 1659 1401 1659 1450 1659 1450 1133 1401 1133 1400 1133 1450 1660 1400 1660 1451 1660 1451 1661 1400 1661 1399 1661 1451 1136 1399 1136 1452 1136 1452 1136 1399 1136 1383 1136 1452 1138 1383 1138 1453 1138 1453 1662 1383 1662 1454 1662 1453 1663 1454 1663 1455 1663 1455 1664 1454 1664 1456 1664 1455 1665 1456 1665 1457 1665 1457 1666 1456 1666 1458 1666 1457 1667 1458 1667 1459 1667 1459 1145 1458 1145 1460 1145 1459 1668 1460 1668 1461 1668 1461 1669 1460 1669 1462 1669 1461 1670 1462 1670 1463 1670 1463 1088 1462 1088 1464 1088 1463 1671 1464 1671 1465 1671 1465 1090 1464 1090 1466 1090 1465 1672 1466 1672 1467 1672 1467 1673 1466 1673 1468 1673 1467 1634 1468 1634 1469 1634 1469 1153 1468 1153 1470 1153 1469 1674 1470 1674 1471 1674 1471 1675 1470 1675 1472 1675 1471 1676 1472 1676 1473 1676 1473 1677 1472 1677 1474 1677 1473 1678 1474 1678 1376 1678 1376 1159 1474 1159 1377 1159 1405 1679 1445 1679 1406 1679 1406 626 1445 626 1475 626 1406 1680 1475 1680 1407 1680 1407 1681 1475 1681 1476 1681 1407 1163 1476 1163 1408 1163 1408 1682 1476 1682 1477 1682 1408 1683 1477 1683 1409 1683 1409 1684 1477 1684 1478 1684 1409 1168 1478 1168 1376 1168 1376 1168 1478 1168 1479 1168 1376 1169 1479 1169 1473 1169 1383 1170 1380 1170 1454 1170 1480 1 1481 1 1482 1 1482 1 1481 1 1483 1 1482 1685 1483 1685 1484 1685 1484 1686 1483 1686 1485 1686 1484 1687 1485 1687 1486 1687 1486 1688 1485 1688 1487 1688 1486 1689 1487 1689 1488 1689 1488 1690 1487 1690 1489 1690 1488 1691 1489 1691 1490 1691 1490 1 1489 1 1491 1 1490 1 1491 1 1492 1 1492 1692 1491 1692 1493 1692 1492 1693 1493 1693 1494 1693 1494 1694 1493 1694 1495 1694 1494 1 1495 1 1496 1 1496 1695 1495 1695 1497 1695 1496 1 1497 1 1498 1 1498 1696 1497 1696 1499 1696 1498 1 1499 1 1500 1 1500 1697 1499 1697 1501 1697 1500 1698 1501 1698 1502 1698 1500 1 1502 1 1503 1 1503 1699 1502 1699 1504 1699 1503 1 1504 1 1505 1 1505 1700 1504 1700 1506 1700 1505 1 1506 1 1507 1 1507 1701 1506 1701 1508 1701 1507 1 1508 1 1509 1 1509 1182 1508 1182 1510 1182 1509 1 1510 1 1511 1 1511 1 1510 1 1512 1 1511 1 1512 1 1513 1 1513 1694 1512 1694 1514 1694 1513 1702 1514 1702 1515 1702 1515 1695 1514 1695 1516 1695 1515 1 1516 1 1517 1 1517 1703 1516 1703 1518 1703 1517 1 1518 1 1519 1 1519 1 1518 1 1520 1 1519 1 1520 1 1521 1 1519 1704 1521 1704 1522 1704 1522 1705 1521 1705 1523 1705 1522 1706 1523 1706 1524 1706 1524 1707 1523 1707 1525 1707 1524 1689 1525 1689 1526 1689 1526 1 1525 1 1527 1 1526 1 1527 1 1528 1 1528 1 1527 1 1529 1 1528 1 1529 1 1530 1 1530 1708 1529 1708 1531 1708 1530 1709 1531 1709 1532 1709 1532 1710 1531 1710 1533 1710 1532 1711 1533 1711 1534 1711 1534 1712 1533 1712 1535 1712 1534 1 1535 1 1536 1 1536 1713 1535 1713 1537 1713 1536 1714 1537 1714 1538 1714 1538 1715 1537 1715 1539 1715 1538 1716 1539 1716 1540 1716 1538 1717 1540 1717 1541 1717 1541 1718 1540 1718 1542 1718 1541 1 1542 1 1543 1 1543 1719 1542 1719 1544 1719 1543 1 1544 1 1545 1 1545 1720 1544 1720 1546 1720 1545 1721 1546 1721 1547 1721 1547 1722 1546 1722 1548 1722 1547 1 1548 1 1549 1 1549 1 1548 1 1550 1 1549 1 1550 1 1551 1 1551 1 1550 1 1552 1 1551 1 1552 1 1553 1 1553 1723 1552 1723 1554 1723 1553 1 1554 1 1555 1 1555 1686 1554 1686 1480 1686 1555 1 1480 1 1482 1 1555 1724 1482 1724 1556 1724 1556 1725 1482 1725 1484 1725 1556 1726 1484 1726 1557 1726 1557 1727 1484 1727 1486 1727 1557 1728 1486 1728 1558 1728 1558 1729 1486 1729 1488 1729 1558 1730 1488 1730 1559 1730 1559 1731 1488 1731 1490 1731 1559 1732 1490 1732 1560 1732 1560 1733 1490 1733 1492 1733 1560 1734 1492 1734 1561 1734 1561 1735 1492 1735 1494 1735 1561 1736 1494 1736 1562 1736 1562 1207 1494 1207 1496 1207 1562 1737 1496 1737 1563 1737 1563 1738 1496 1738 1498 1738 1563 1739 1498 1739 1564 1739 1564 1740 1498 1740 1500 1740 1564 1741 1500 1741 1565 1741 1565 1742 1500 1742 1503 1742 1565 1743 1503 1743 1566 1743 1566 1744 1503 1744 1505 1744 1566 1745 1505 1745 1567 1745 1567 1217 1505 1217 1507 1217 1567 1746 1507 1746 1568 1746 1568 1747 1507 1747 1509 1747 1568 1748 1509 1748 1569 1748 1569 1749 1509 1749 1511 1749 1569 1750 1511 1750 1570 1750 1570 1751 1511 1751 1513 1751 1570 1752 1513 1752 1571 1752 1571 1753 1513 1753 1515 1753 1571 1754 1515 1754 1572 1754 1572 1755 1515 1755 1517 1755 1572 1756 1517 1756 1573 1756 1573 1757 1517 1757 1519 1757 1573 1758 1519 1758 1522 1758 1573 1759 1522 1759 1574 1759 1574 1760 1522 1760 1524 1760 1574 1761 1524 1761 1575 1761 1575 1762 1524 1762 1526 1762 1575 1763 1526 1763 1576 1763 1576 1764 1526 1764 1528 1764 1576 1765 1528 1765 1577 1765 1577 1766 1528 1766 1530 1766 1577 1767 1530 1767 1578 1767 1578 1768 1530 1768 1532 1768 1578 1769 1532 1769 1579 1769 1579 1770 1532 1770 1534 1770 1579 1771 1534 1771 1580 1771 1580 1772 1534 1772 1536 1772 1580 1773 1536 1773 1581 1773 1581 1774 1536 1774 1538 1774 1581 1775 1538 1775 1582 1775 1582 1776 1538 1776 1541 1776 1582 1777 1541 1777 1583 1777 1583 1778 1541 1778 1543 1778 1583 1779 1543 1779 1584 1779 1584 1780 1543 1780 1545 1780 1584 1781 1545 1781 1585 1781 1585 1782 1545 1782 1547 1782 1585 1783 1547 1783 1586 1783 1586 1784 1547 1784 1549 1784 1586 1785 1549 1785 1587 1785 1587 1786 1549 1786 1551 1786 1587 1787 1551 1787 1588 1787 1588 1788 1551 1788 1553 1788 1588 1789 1553 1789 1589 1789 1589 1790 1553 1790 1555 1790 1589 1791 1555 1791 1556 1791 1589 1 1556 1 1590 1 1590 1 1556 1 1557 1 1590 1792 1557 1792 1591 1792 1591 1 1557 1 1558 1 1591 1 1558 1 1592 1 1592 1 1558 1 1559 1 1592 1282 1559 1282 1560 1282 1592 1793 1560 1793 1593 1793 1593 1794 1560 1794 1561 1794 1593 1 1561 1 1594 1 1594 1795 1561 1795 1562 1795 1594 1 1562 1 1595 1 1595 1796 1562 1796 1563 1796 1595 1797 1563 1797 1564 1797 1595 1 1564 1 1596 1 1596 1 1564 1 1565 1 1596 1 1565 1 1597 1 1597 1798 1565 1798 1566 1798 1597 1799 1566 1799 1567 1799 1597 1 1567 1 1598 1 1598 1800 1567 1800 1568 1800 1598 1 1568 1 1599 1 1599 1801 1568 1801 1569 1801 1599 1 1569 1 1600 1 1600 1802 1569 1802 1570 1802 1600 1 1570 1 1571 1 1600 1 1571 1 1601 1 1601 1 1571 1 1572 1 1601 1 1572 1 1602 1 1602 1 1572 1 1573 1 1602 1 1573 1 1574 1 1602 1803 1574 1803 1603 1803 1603 1 1574 1 1575 1 1603 1 1575 1 1604 1 1604 1 1575 1 1576 1 1604 1804 1576 1804 1577 1804 1604 1805 1577 1805 1605 1805 1605 1806 1577 1806 1578 1806 1605 1 1578 1 1606 1 1606 1807 1578 1807 1579 1807 1606 1 1579 1 1607 1 1607 1808 1579 1808 1580 1808 1607 1809 1580 1809 1581 1809 1607 1 1581 1 1608 1 1608 1 1581 1 1582 1 1608 1 1582 1 1609 1 1609 1810 1582 1810 1583 1810 1609 1811 1583 1811 1584 1811 1609 1812 1584 1812 1610 1812 1610 1813 1584 1813 1585 1813 1610 1 1585 1 1611 1 1611 1814 1585 1814 1586 1814 1611 1 1586 1 1612 1 1612 1815 1586 1815 1587 1815 1612 1 1587 1 1588 1 1612 1 1588 1 1613 1 1613 1 1588 1 1589 1 1613 1 1589 1 1590 1 1591 1816 1614 1816 1590 1816 1590 1817 1614 1817 1615 1817 1590 1818 1615 1818 1613 1818 1613 1819 1615 1819 1616 1819 1613 1820 1616 1820 1612 1820 1612 1821 1616 1821 1617 1821 1612 1822 1617 1822 1611 1822 1611 1823 1617 1823 1618 1823 1611 1824 1618 1824 1610 1824 1610 1825 1618 1825 1619 1825 1610 1826 1619 1826 1609 1826 1609 1827 1619 1827 1620 1827 1609 1828 1620 1828 1608 1828 1608 1829 1620 1829 1621 1829 1608 1830 1621 1830 1607 1830 1607 1831 1621 1831 1622 1831 1607 1832 1622 1832 1606 1832 1606 1833 1622 1833 1623 1833 1606 1834 1623 1834 1605 1834 1605 1835 1623 1835 1624 1835 1605 1836 1624 1836 1604 1836 1604 1837 1624 1837 1625 1837 1604 1305 1625 1305 1603 1305 1603 1838 1625 1838 1626 1838 1603 1839 1626 1839 1602 1839 1602 1840 1626 1840 1627 1840 1602 1841 1627 1841 1601 1841 1601 1842 1627 1842 1628 1842 1601 1843 1628 1843 1600 1843 1600 1844 1628 1844 1629 1844 1600 1845 1629 1845 1599 1845 1599 1846 1629 1846 1630 1846 1599 1847 1630 1847 1598 1847 1598 1848 1630 1848 1631 1848 1598 1849 1631 1849 1597 1849 1597 1850 1631 1850 1632 1850 1597 1851 1632 1851 1596 1851 1596 1852 1632 1852 1633 1852 1596 1853 1633 1853 1595 1853 1595 1854 1633 1854 1634 1854 1595 1855 1634 1855 1594 1855 1594 1856 1634 1856 1635 1856 1594 1857 1635 1857 1593 1857 1593 1858 1635 1858 1636 1858 1593 1859 1636 1859 1592 1859 1592 1860 1636 1860 1637 1860 1592 1861 1637 1861 1591 1861 1591 1862 1637 1862 1614 1862 1614 1863 1439 1863 1615 1863 1615 1 1439 1 1438 1 1615 1 1438 1 1616 1 1616 1864 1438 1864 1437 1864 1616 1 1437 1 1436 1 1439 1 1614 1 1440 1 1440 1865 1614 1865 1637 1865 1440 1 1637 1 1441 1 1441 1866 1637 1866 1636 1866 1441 1 1636 1 1442 1 1442 1867 1636 1867 1635 1867 1442 1868 1635 1868 1443 1868 1443 1869 1635 1869 1634 1869 1443 1870 1634 1870 1444 1870 1444 1871 1634 1871 1633 1871 1444 1872 1633 1872 1632 1872 1444 1868 1632 1868 1411 1868 1411 1873 1632 1873 1631 1873 1411 1870 1631 1870 1413 1870 1413 1874 1631 1874 1630 1874 1413 1 1630 1 1415 1 1415 1875 1630 1875 1629 1875 1415 1 1629 1 1417 1 1417 1876 1629 1876 1628 1876 1417 1 1628 1 1419 1 1419 1 1628 1 1627 1 1419 1 1627 1 1421 1 1421 1 1627 1 1423 1 1423 1 1627 1 1626 1 1423 1 1626 1 1425 1 1425 1877 1626 1877 1625 1877 1425 1 1625 1 1427 1 1427 1878 1625 1878 1624 1878 1427 1 1624 1 1429 1 1429 1879 1624 1879 1623 1879 1429 1880 1623 1880 1431 1880 1431 1881 1623 1881 1622 1881 1431 1868 1622 1868 1432 1868 1432 1882 1622 1882 1621 1882 1432 1883 1621 1883 1620 1883 1432 1884 1620 1884 1433 1884 1433 1885 1620 1885 1619 1885 1433 1886 1619 1886 1434 1886 1434 1887 1619 1887 1618 1887 1434 1 1618 1 1435 1 1435 1888 1618 1888 1617 1888 1435 1 1617 1 1436 1 1436 1889 1617 1889 1616 1889 1369 1 1410 1 1373 1 1373 1890 1410 1890 1430 1890 1430 1 1410 1 1428 1 1428 1891 1410 1891 1412 1891 1428 1892 1412 1892 1426 1892 1426 1893 1412 1893 1414 1893 1426 1 1414 1 1424 1 1424 1894 1414 1894 1416 1894 1424 1 1416 1 1422 1 1422 1359 1416 1359 1418 1359 1422 1 1418 1 1420 1 1380 1895 1377 1895 1454 1895 1454 1896 1377 1896 1474 1896 1454 1897 1474 1897 1472 1897 1454 3 1472 3 1456 3 1456 1898 1472 1898 1470 1898 1456 3 1470 3 1458 3 1458 1899 1470 1899 1468 1899 1458 3 1468 3 1460 3 1460 3 1468 3 1466 3 1460 1900 1466 1900 1462 1900 1462 3 1466 3 1464 3 1445 3 1446 3 1638 3 1638 3 1446 3 1447 3 1638 1901 1447 1901 1639 1901 1639 1902 1447 1902 1448 1902 1639 3 1448 3 1640 3 1640 1903 1448 1903 1449 1903 1640 3 1449 3 1641 3 1641 1904 1449 1904 1450 1904 1641 3 1450 3 1642 3 1642 1905 1450 1905 1451 1905 1642 3 1451 3 1643 3 1643 1906 1451 1906 1452 1906 1643 3 1452 3 1644 3 1644 3 1452 3 1645 3 1645 1907 1452 1907 1453 1907 1645 3 1453 3 1646 3 1646 1908 1453 1908 1455 1908 1646 3 1455 3 1647 3 1647 1909 1455 1909 1457 1909 1647 1910 1457 1910 1648 1910 1648 1911 1457 1911 1459 1911 1648 1912 1459 1912 1649 1912 1649 1913 1459 1913 1461 1913 1649 1914 1461 1914 1650 1914 1650 3 1461 3 1463 3 1650 3 1463 3 1651 3 1651 1915 1463 1915 1465 1915 1651 1916 1465 1916 1467 1916 1651 3 1467 3 1652 3 1652 1917 1467 1917 1469 1917 1652 3 1469 3 1653 3 1653 1909 1469 1909 1471 1909 1653 3 1471 3 1654 3 1654 1918 1471 1918 1473 1918 1654 3 1473 3 1655 3 1655 1919 1473 1919 1479 1919 1655 3 1479 3 1656 3 1656 3 1479 3 1657 3 1657 1920 1479 1920 1478 1920 1657 3 1478 3 1658 3 1658 1921 1478 1921 1477 1921 1658 3 1477 3 1659 3 1659 1904 1477 1904 1476 1904 1659 1922 1476 1922 1660 1922 1660 1923 1476 1923 1475 1923 1660 1924 1475 1924 1661 1924 1661 1925 1475 1925 1445 1925 1661 1926 1445 1926 1638 1926 1639 1927 1662 1927 1638 1927 1638 1928 1662 1928 1663 1928 1638 1929 1663 1929 1661 1929 1661 1930 1663 1930 1664 1930 1661 1931 1664 1931 1660 1931 1660 1932 1664 1932 1665 1932 1660 1933 1665 1933 1659 1933 1659 1934 1665 1934 1666 1934 1659 1935 1666 1935 1658 1935 1658 1936 1666 1936 1667 1936 1658 1937 1667 1937 1657 1937 1657 1938 1667 1938 1668 1938 1657 1939 1668 1939 1656 1939 1656 1940 1668 1940 1669 1940 1656 1941 1669 1941 1655 1941 1655 1942 1669 1942 1670 1942 1655 1943 1670 1943 1654 1943 1654 1944 1670 1944 1671 1944 1654 1945 1671 1945 1653 1945 1653 1946 1671 1946 1672 1946 1653 1947 1672 1947 1652 1947 1652 1948 1672 1948 1673 1948 1652 1949 1673 1949 1651 1949 1651 1950 1673 1950 1674 1950 1651 1951 1674 1951 1650 1951 1650 1952 1674 1952 1675 1952 1650 1953 1675 1953 1649 1953 1649 1954 1675 1954 1676 1954 1649 1955 1676 1955 1648 1955 1648 1956 1676 1956 1677 1956 1648 1957 1677 1957 1647 1957 1647 1958 1677 1958 1678 1958 1647 1959 1678 1959 1646 1959 1646 1960 1678 1960 1679 1960 1646 1961 1679 1961 1645 1961 1645 1962 1679 1962 1680 1962 1645 1963 1680 1963 1644 1963 1644 1964 1680 1964 1681 1964 1644 1965 1681 1965 1643 1965 1643 1966 1681 1966 1682 1966 1643 1967 1682 1967 1642 1967 1642 1434 1682 1434 1683 1434 1642 1968 1683 1968 1641 1968 1641 1969 1683 1969 1684 1969 1641 1970 1684 1970 1640 1970 1640 1971 1684 1971 1685 1971 1640 1972 1685 1972 1639 1972 1639 1973 1685 1973 1662 1973 1662 1974 1686 1974 1663 1974 1663 3 1686 3 1687 3 1663 3 1687 3 1688 3 1686 3 1662 3 1689 3 1689 3 1662 3 1685 3 1689 3 1685 3 1690 3 1690 3 1685 3 1691 3 1691 1975 1685 1975 1684 1975 1691 1976 1684 1976 1692 1976 1692 1977 1684 1977 1683 1977 1692 1978 1683 1978 1693 1978 1693 1979 1683 1979 1682 1979 1693 3 1682 3 1694 3 1694 1980 1682 1980 1695 1980 1695 1981 1682 1981 1681 1981 1695 3 1681 3 1696 3 1696 1982 1681 1982 1680 1982 1696 1983 1680 1983 1697 1983 1697 3 1680 3 1698 3 1698 1984 1680 1984 1679 1984 1698 1985 1679 1985 1699 1985 1699 1986 1679 1986 1678 1986 1699 1987 1678 1987 1700 1987 1700 1988 1678 1988 1677 1988 1700 1989 1677 1989 1701 1989 1701 3 1677 3 1702 3 1702 3 1677 3 1676 3 1702 1990 1676 1990 1703 1990 1703 1991 1676 1991 1675 1991 1703 3 1675 3 1704 3 1704 3 1675 3 1705 3 1705 1992 1675 1992 1674 1992 1705 3 1674 3 1706 3 1706 3 1674 3 1673 3 1706 3 1673 3 1707 3 1707 3 1673 3 1708 3 1708 1993 1673 1993 1672 1993 1708 1994 1672 1994 1709 1994 1709 1995 1672 1995 1671 1995 1709 1996 1671 1996 1710 1996 1710 1997 1671 1997 1670 1997 1710 3 1670 3 1711 3 1711 1998 1670 1998 1712 1998 1712 1999 1670 1999 1669 1999 1712 3 1669 3 1713 3 1713 2000 1669 2000 1668 2000 1713 2001 1668 2001 1714 2001 1714 3 1668 3 1715 3 1715 2002 1668 2002 1667 2002 1715 2003 1667 2003 1716 2003 1716 2004 1667 2004 1666 2004 1716 2005 1666 2005 1717 2005 1717 2006 1666 2006 1665 2006 1717 2007 1665 2007 1718 2007 1718 3 1665 3 1719 3 1719 3 1665 3 1664 3 1719 2008 1664 2008 1688 2008 1688 2009 1664 2009 1663 2009 1686 2010 1720 2010 1687 2010 1687 416 1720 416 1721 416 1687 417 1721 417 1722 417 1720 2011 1686 2011 1723 2011 1723 1468 1686 1468 1689 1468 1723 2012 1689 2012 1724 2012 1724 2013 1689 2013 1690 2013 1724 2014 1690 2014 1725 2014 1725 2015 1690 2015 1691 2015 1725 2016 1691 2016 1726 2016 1726 2017 1691 2017 1692 2017 1726 2018 1692 2018 1727 2018 1727 2019 1692 2019 1693 2019 1727 2020 1693 2020 1728 2020 1728 2021 1693 2021 1694 2021 1728 2022 1694 2022 1729 2022 1729 2023 1694 2023 1695 2023 1729 2024 1695 2024 1730 2024 1730 2025 1695 2025 1696 2025 1730 2026 1696 2026 1731 2026 1731 2027 1696 2027 1697 2027 1731 2028 1697 2028 1732 2028 1732 2029 1697 2029 1698 2029 1732 2030 1698 2030 1733 2030 1733 2031 1698 2031 1699 2031 1733 2032 1699 2032 1734 2032 1734 2033 1699 2033 1700 2033 1734 2034 1700 2034 1735 2034 1735 2035 1700 2035 1701 2035 1735 2036 1701 2036 1736 2036 1736 2037 1701 2037 1702 2037 1736 2038 1702 2038 1737 2038 1737 2039 1702 2039 1703 2039 1737 2040 1703 2040 1738 2040 1738 2041 1703 2041 1704 2041 1738 2042 1704 2042 1739 2042 1739 2043 1704 2043 1740 2043 1740 2044 1704 2044 1705 2044 1740 1502 1705 1502 1741 1502 1741 2045 1705 2045 1706 2045 1741 2046 1706 2046 1742 2046 1742 2047 1706 2047 1707 2047 1742 2048 1707 2048 1743 2048 1743 2049 1707 2049 1708 2049 1743 2050 1708 2050 1744 2050 1744 2051 1708 2051 1709 2051 1744 2052 1709 2052 1745 2052 1745 2053 1709 2053 1710 2053 1745 2054 1710 2054 1746 2054 1746 2055 1710 2055 1711 2055 1746 2056 1711 2056 1747 2056 1747 2057 1711 2057 1712 2057 1747 2058 1712 2058 1748 2058 1748 2059 1712 2059 1713 2059 1748 2060 1713 2060 1749 2060 1749 2061 1713 2061 1714 2061 1749 2062 1714 2062 1750 2062 1750 2063 1714 2063 1715 2063 1750 2064 1715 2064 1751 2064 1751 2065 1715 2065 1716 2065 1751 2066 1716 2066 1752 2066 1752 2067 1716 2067 1717 2067 1752 2068 1717 2068 1753 2068 1753 2069 1717 2069 1718 2069 1753 2070 1718 2070 1754 2070 1754 2071 1718 2071 1719 2071 1754 2072 1719 2072 1755 2072 1755 1531 1719 1531 1688 1531 1755 2073 1688 2073 1722 2073 1722 2074 1688 2074 1687 2074 1720 3 1756 3 1721 3 1721 3 1756 3 1757 3 1721 3 1757 3 1758 3 1756 3 1720 3 1759 3 1759 3 1720 3 1723 3 1759 3 1723 3 1760 3 1760 2075 1723 2075 1724 2075 1760 3 1724 3 1761 3 1761 2076 1724 2076 1725 2076 1761 3 1725 3 1762 3 1762 2077 1725 2077 1726 2077 1762 3 1726 3 1763 3 1763 3 1726 3 1727 3 1763 2078 1727 2078 1764 2078 1764 2079 1727 2079 1728 2079 1764 3 1728 3 1765 3 1765 2080 1728 2080 1729 2080 1765 2081 1729 2081 1766 2081 1766 2082 1729 2082 1730 2082 1766 3 1730 3 1767 3 1767 3 1730 3 1768 3 1768 2083 1730 2083 1731 2083 1768 2084 1731 2084 1769 2084 1769 2085 1731 2085 1732 2085 1769 3 1732 3 1770 3 1770 2086 1732 2086 1733 2086 1770 2087 1733 2087 1771 2087 1771 3 1733 3 1734 3 1771 3 1734 3 1772 3 1772 2088 1734 2088 1735 2088 1772 3 1735 3 1773 3 1773 2089 1735 2089 1736 2089 1773 2090 1736 2090 1774 2090 1774 2091 1736 2091 1737 2091 1774 2092 1737 2092 1775 2092 1775 3 1737 3 1738 3 1775 1553 1738 1553 1776 1553 1776 2093 1738 2093 1739 2093 1776 3 1739 3 1777 3 1777 3 1739 3 1778 3 1778 2094 1739 2094 1740 2094 1778 3 1740 3 1779 3 1779 3 1740 3 1741 3 1779 3 1741 3 1780 3 1780 2091 1741 2091 1742 2091 1780 3 1742 3 1781 3 1781 2095 1742 2095 1743 2095 1781 3 1743 3 1782 3 1782 2096 1743 2096 1744 2096 1782 3 1744 3 1783 3 1783 3 1744 3 1745 3 1783 3 1745 3 1784 3 1784 2097 1745 2097 1746 2097 1784 3 1746 3 1785 3 1785 2098 1746 2098 1747 2098 1785 3 1747 3 1786 3 1786 2099 1747 2099 1748 2099 1786 2100 1748 2100 1787 2100 1787 2101 1748 2101 1788 2101 1788 2102 1748 2102 1749 2102 1788 3 1749 3 1789 3 1789 2103 1749 2103 1750 2103 1789 3 1750 3 1790 3 1790 2104 1750 2104 1751 2104 1790 2105 1751 2105 1791 2105 1791 3 1751 3 1752 3 1791 3 1752 3 1792 3 1792 2106 1752 2106 1753 2106 1792 3 1753 3 1793 3 1793 2107 1753 2107 1754 2107 1793 2108 1754 2108 1794 2108 1794 2109 1754 2109 1755 2109 1794 2110 1755 2110 1795 2110 1795 3 1755 3 1722 3 1795 2111 1722 2111 1758 2111 1758 2112 1722 2112 1721 2112 1756 2113 1483 2113 1757 2113 1757 1569 1483 1569 1481 1569 1757 2114 1481 2114 1758 2114 1758 1571 1481 1571 1480 1571 1758 2115 1480 2115 1795 2115 1795 2115 1480 2115 1554 2115 1795 2116 1554 2116 1794 2116 1794 2117 1554 2117 1552 2117 1794 2118 1552 2118 1793 2118 1793 2119 1552 2119 1550 2119 1793 2120 1550 2120 1792 2120 1792 1004 1550 1004 1548 1004 1792 1576 1548 1576 1791 1576 1791 1576 1548 1576 1546 1576 1791 2121 1546 2121 1790 2121 1790 1579 1546 1579 1544 1579 1790 2122 1544 2122 1789 2122 1789 2123 1544 2123 1542 2123 1789 2124 1542 2124 1788 2124 1788 2124 1542 2124 1540 2124 1788 2125 1540 2125 1787 2125 1787 2126 1540 2126 1539 2126 1787 530 1539 530 1786 530 1786 2127 1539 2127 1537 2127 1786 2128 1537 2128 1785 2128 1785 2128 1537 2128 1535 2128 1785 2129 1535 2129 1784 2129 1784 2130 1535 2130 1533 2130 1784 1581 1533 1581 1783 1581 1783 1581 1533 1581 1531 1581 1783 1582 1531 1582 1782 1582 1782 2131 1531 2131 1529 2131 1782 2132 1529 2132 1781 2132 1781 1022 1529 1022 1527 1022 1781 2133 1527 2133 1780 2133 1780 1584 1527 1584 1525 1584 1780 1587 1525 1587 1779 1587 1779 2134 1525 2134 1523 2134 1779 2135 1523 2135 1778 2135 1778 2136 1523 2136 1521 2136 1778 2137 1521 2137 1777 2137 1777 1588 1521 1588 1520 1588 1777 2138 1520 2138 1776 2138 1776 1589 1520 1589 1518 1589 1776 2139 1518 2139 1775 2139 1775 2140 1518 2140 1516 2140 1775 1591 1516 1591 1774 1591 1774 2141 1516 2141 1514 2141 1774 2142 1514 2142 1773 2142 1773 2142 1514 2142 1512 2142 1773 2143 1512 2143 1772 2143 1772 2144 1512 2144 1510 2144 1772 1594 1510 1594 1771 1594 1771 2145 1510 2145 1508 2145 1771 1597 1508 1597 1770 1597 1770 2146 1508 2146 1506 2146 1770 2147 1506 2147 1769 2147 1769 2148 1506 2148 1504 2148 1769 2149 1504 2149 1768 2149 1768 2150 1504 2150 1502 2150 1768 2151 1502 2151 1767 2151 1767 2152 1502 2152 1501 2152 1767 2153 1501 2153 1766 2153 1766 2154 1501 2154 1499 2154 1766 2155 1499 2155 1765 2155 1765 2156 1499 2156 1497 2156 1765 2157 1497 2157 1764 2157 1764 2158 1497 2158 1495 2158 1764 2159 1495 2159 1763 2159 1763 2160 1495 2160 1493 2160 1763 1600 1493 1600 1762 1600 1762 1600 1493 1600 1491 1600 1762 2161 1491 2161 1761 2161 1761 2162 1491 2162 1489 2162 1761 2163 1489 2163 1760 2163 1760 2164 1489 2164 1487 2164 1760 2165 1487 2165 1759 2165 1759 2166 1487 2166 1485 2166 1759 2167 1485 2167 1756 2167 1756 2167 1485 2167 1483 2167 1361 0 1366 0 1796 0 1796 0 1366 0 1797 0 1363 3 1361 3 1798 3 1798 3 1361 3 1796 3 1364 5 1363 5 1799 5 1799 5 1363 5 1798 5 1366 1 1364 1 1797 1 1797 1 1364 1 1799 1 1797 4 1799 4 1796 4 1796 4 1799 4 1798 4</p>
        </triangles>
      </mesh>
    </geometry>
  </library_geometries>
  <library_visual_scenes>
    <visual_scene id="Scene" name="Scene">
      <node id="YukKutusu" name="YukKutusu" type="NODE">
        <matrix sid="transform">0.001 0 0 0 0 0.001 0 0 0 0 0.001 0 0 0 0 1</matrix>
        <instance_geometry url="#YukKutusu-mesh" name="YukKutusu">
          <bind_material>
            <technique_common>
              <instance_material symbol="Material_001-material" target="#Material_001-material"/>
            </technique_common>
          </bind_material>
        </instance_geometry>
      </node>
      <node id="Camera" name="Camera" type="NODE">
        <matrix sid="transform">0.6859207 -0.3240135 0.6515582 7.358891 0.7276763 0.3054208 -0.6141704 -6.925791 0 0.8953956 0.4452714 4.958309 0 0 0 1</matrix>
        <instance_camera url="#Camera-camera"/>
      </node>
      <node id="Light" name="Light" type="NODE">
        <matrix sid="transform">-0.2908646 -0.7711008 0.5663932 4.076245 0.9551712 -0.1998834 0.2183912 1.005454 -0.05518906 0.6045247 0.7946723 5.903862 0 0 0 1</matrix>
        <instance_light url="#Light-light"/>
      </node>
    </visual_scene>
  </library_visual_scenes>
  <scene>
    <instance_visual_scene url="#Scene"/>
  </scene>
</COLLADA>
