<?xml version="1.0" encoding="utf-8"?>
<COLLADA xmlns="http://www.collada.org/2005/11/COLLADASchema" version="1.4.1" xmlns:xsi="http://www.w3.org/2001/XMLSchema-instance">
  <asset>
    <contributor>
      <author>Blender User</author>
      <authoring_tool>Blender 2.83.5 commit date:2020-08-19, commit time:06:07, hash:c2b144df395f</authoring_tool>
    </contributor>
    <created>2020-09-29T11:27:29</created>
    <modified>2020-09-29T11:27:29</modified>
    <unit name="meter" meter="1"/>
    <up_axis>Z_UP</up_axis>
  </asset>
  <library_cameras>
    <camera id="Camera-camera" name="Camera">
      <optics>
        <technique_common>
          <perspective>
            <xfov sid="xfov">39.59775</xfov>
            <aspect_ratio>1.777778</aspect_ratio>
            <znear sid="znear">0.1</znear>
            <zfar sid="zfar">100</zfar>
          </perspective>
        </technique_common>
      </optics>
      <extra>
        <technique profile="blender">
          <shiftx sid="shiftx" type="float">0</shiftx>
          <shifty sid="shifty" type="float">0</shifty>
          <dof_distance sid="dof_distance" type="float">10</dof_distance>
        </technique>
      </extra>
    </camera>
  </library_cameras>
  <library_lights>
    <light id="Light-light" name="Light">
      <technique_common>
        <point>
          <color sid="color">1000 1000 1000</color>
          <constant_attenuation>1</constant_attenuation>
          <linear_attenuation>0</linear_attenuation>
          <quadratic_attenuation>0.00111109</quadratic_attenuation>
        </point>
      </technique_common>
      <extra>
        <technique profile="blender">
          <type sid="type" type="int">0</type>
          <flag sid="flag" type="int">0</flag>
          <mode sid="mode" type="int">1</mode>
          <gamma sid="blender_gamma" type="float">1</gamma>
          <red sid="red" type="float">1</red>
          <green sid="green" type="float">1</green>
          <blue sid="blue" type="float">1</blue>
          <shadow_r sid="blender_shadow_r" type="float">0</shadow_r>
          <shadow_g sid="blender_shadow_g" type="float">0</shadow_g>
          <shadow_b sid="blender_shadow_b" type="float">0</shadow_b>
          <energy sid="blender_energy" type="float">1000</energy>
          <dist sid="blender_dist" type="float">29.99998</dist>
          <spotsize sid="spotsize" type="float">75</spotsize>
          <spotblend sid="spotblend" type="float">0.15</spotblend>
          <att1 sid="att1" type="float">0</att1>
          <att2 sid="att2" type="float">1</att2>
          <falloff_type sid="falloff_type" type="int">2</falloff_type>
          <clipsta sid="clipsta" type="float">0.04999995</clipsta>
          <clipend sid="clipend" type="float">30.002</clipend>
          <bias sid="bias" type="float">1</bias>
          <soft sid="soft" type="float">3</soft>
          <bufsize sid="bufsize" type="int">2880</bufsize>
          <samp sid="samp" type="int">3</samp>
          <buffers sid="buffers" type="int">1</buffers>
          <area_shape sid="area_shape" type="int">1</area_shape>
          <area_size sid="area_size" type="float">0.1</area_size>
          <area_sizey sid="area_sizey" type="float">0.1</area_sizey>
          <area_sizez sid="area_sizez" type="float">1</area_sizez>
        </technique>
      </extra>
    </light>
  </library_lights>
  <library_effects>
    <effect id="Material_001-effect">
      <profile_COMMON>
        <newparam sid="ahsap_jpg_001_jpg-surface">
          <surface type="2D">
            <init_from>ahsap_jpg_001_jpg</init_from>
          </surface>
        </newparam>
        <newparam sid="ahsap_jpg_001_jpg-sampler">
          <sampler2D>
            <source>ahsap_jpg_001_jpg-surface</source>
          </sampler2D>
        </newparam>
        <technique sid="common">
          <lambert>
            <emission>
              <color sid="emission">0 0 0 1</color>
            </emission>
            <diffuse>
              <texture texture="ahsap_jpg_001_jpg-sampler" texcoord="UVMap"/>
            </diffuse>
            <reflectivity>
              <float sid="specular">1</float>
            </reflectivity>
            <index_of_refraction>
              <float sid="ior">1.45</float>
            </index_of_refraction>
          </lambert>
        </technique>
      </profile_COMMON>
    </effect>
  </library_effects>
  <library_images>
    <image id="ahsap_jpg_001_jpg" name="ahsap_jpg_001_jpg">
      <init_from>ahsap.jpg.001.jpg</init_from>
    </image>
  </library_images>
  <library_materials>
    <material id="Material_001-material" name="Material.001">
      <instance_effect url="#Material_001-effect"/>
    </material>
  </library_materials>
  <library_geometries>
    <geometry id="YukKutusu-mesh" name="YukKutusu">
      <mesh>
        <source id="YukKutusu-mesh-positions">
          <float_array id="YukKutusu-mesh-positions-array" count="5400">100 100 350 100 0 350 100 100 120 100 0 120 0 100 350 0 100 120 0 0 120 0 0 750 750 0 350 850 0 750 850 0 120 750 0 120 750 100 350 750 1000 350 100 1000 350 750 1100 350 100 1100 350 0 1000 350 850 1000 350 850 100 350 20 20 370 830 20 370 20 1080 370 830 1080 370 750 1000 120 750 1100 120 850 1000 120 850 1100 120 850 1100 750 0 1100 750 0 1100 120 100 1100 120 100 1000 120 0 1000 120 750 100 120 850 100 120 20 20 750 20 1080 750 830 1080 750 830 20 750 80 15 105 75 25 105 20 15 105 25 25 105 25 75 105 80 85 105 75 75 105 20 85 105 53.35153 82.0689 50 53.35153 82.39404 50 80 82.0689 50 80 85 50 20 85 50 46.64847 82.39404 50 20 82.0689 50 46.64847 82.0689 50 46.64847 17.9311 50 46.64847 17.60596 50 20 17.9311 50 20 15 50 53.35153 17.60596 50 80 15 50 80 17.9311 50 53.35153 17.9311 50 20 82.0689 102.4143 20 17.9311 102.4143 46.76267 82.0689 50.86744 47.09749 82.0689 51.67576 47.63011 82.0689 52.36989 48.32423 82.0689 52.90251 49.13256 82.0689 53.23733 50 82.0689 53.35153 80 82.0689 102.4143 50.86744 82.0689 53.23733 51.67576 82.0689 52.90251 52.36989 82.0689 52.36989 52.90251 82.0689 51.67576 53.23733 82.0689 50.86744 80 17.9311 102.4143 53.23733 17.9311 50.86744 52.90251 17.9311 51.67576 52.36989 17.9311 52.36989 51.67576 17.9311 52.90251 50.86744 17.9311 53.23733 50 17.9311 53.35153 49.13256 17.9311 53.23733 48.32423 17.9311 52.90251 47.63011 17.9311 52.36989 47.09749 17.9311 51.67576 46.76267 17.9311 50.86744 53.23733 82.39404 49.13256 53.23733 79.70541 49.13256 52.90251 82.39404 48.32423 52.90251 79.70541 48.32423 52.36989 82.39404 47.63011 52.36989 79.70541 47.63011 51.67576 82.39404 47.09749 51.67576 79.70541 47.09749 50.86744 82.39404 46.76267 50.86744 79.70541 46.76267 50 82.39404 46.64847 50 79.70541 46.64847 49.13256 82.39404 46.76267 49.13256 79.70541 46.76267 48.32423 82.39404 47.09749 48.32423 79.70541 47.09749 47.63011 82.39404 47.63011 47.63011 79.70541 47.63011 47.09749 82.39404 48.32423 47.09749 79.70541 48.32423 46.76267 82.39404 49.13256 46.76267 79.70541 49.13256 46.64847 79.70541 50 46.76267 79.70541 50.86744 47.09749 79.70541 51.67576 47.63011 79.70541 52.36989 48.32423 79.70541 52.90251 49.13256 79.70541 53.23733 50 79.70541 53.35153 50.86744 79.70541 53.23733 51.67576 79.70541 52.90251 52.36989 79.70541 52.36989 52.90251 79.70541 51.67576 53.23733 79.70541 50.86744 53.35153 79.70541 50 49.13256 20.29459 53.23733 50 20.29459 53.35153 50.86744 20.29459 53.23733 51.67576 20.29459 52.90251 52.36989 20.29459 52.36989 52.90251 20.29459 51.67576 53.23733 20.29459 50.86744 53.35153 20.29459 50 53.23733 20.29459 49.13256 53.23733 17.60596 49.13256 52.90251 20.29459 48.32423 52.90251 17.60596 48.32423 52.36989 20.29459 47.63011 52.36989 17.60596 47.63011 51.67576 20.29459 47.09749 51.67576 17.60596 47.09749 50.86744 20.29459 46.76267 50.86744 17.60596 46.76267 50 20.29459 46.64847 50 17.60596 46.64847 49.13256 20.29459 46.76267 49.13256 17.60596 46.76267 48.32423 20.29459 47.09749 48.32423 17.60596 47.09749 47.63011 20.29459 47.63011 47.63011 17.60596 47.63011 47.09749 20.29459 48.32423 47.09749 17.60596 48.32423 46.76267 20.29459 49.13256 46.76267 17.60596 49.13256 48.32423 20.29459 52.90251 47.63011 20.29459 52.36989 47.09749 20.29459 51.67576 46.76267 20.29459 50.86744 46.64847 20.29459 50 42.17827 80 99.38442 50 80 100 50 80 90 57.82172 80 99.38442 56.94593 80 89.39231 65.45085 80 97.55283 63.6808 80 87.58771 72.69953 80 94.55033 70 80 84.64102 79.38926 80 90.45085 75.7115 80 80.64178 85.35534 80 85.35534 80.64178 80 75.7115 90.45085 80 79.38926 84.64102 80 70 94.55033 80 72.69953 87.58771 80 63.6808 97.55283 80 65.45085 89.39231 80 56.94593 99.38442 80 57.82172 90 80 50 100 80 50 99.38442 80 42.17827 89.39231 80 43.05407 97.55283 80 34.54915 87.58771 80 36.31919 94.55033 80 27.30047 84.64102 80 30 90.45085 80 20.61074 80.64178 80 24.2885 85.35534 80 14.64466 75.7115 80 19.35822 79.38926 80 9.549151 70 80 15.35898 72.69953 80 5.449674 63.6808 80 12.4123 65.45085 80 2.447174 56.94593 80 10.60769 57.82172 80 0.615583 50 80 10 50 80 0 42.17827 80 0.615583 43.05407 80 10.60769 34.54915 80 2.447174 36.31919 80 12.4123 27.30047 80 5.449674 30 80 15.35898 20.61074 80 9.549151 24.2885 80 19.35822 14.64466 80 14.64466 19.35822 80 24.2885 9.549151 80 20.61074 15.35898 80 30 5.449674 80 27.30047 12.4123 80 36.31919 2.447174 80 34.54915 10.60769 80 43.05407 0.615583 80 42.17827 10 80 50 0 80 50 0.615583 80 57.82172 10.60769 80 56.94593 2.447174 80 65.45085 12.4123 80 63.6808 5.449674 80 72.69953 15.35898 80 70 9.549151 80 79.38926 19.35822 80 75.7115 14.64466 80 85.35534 24.2885 80 80.64178 20.61074 80 90.45085 30 80 84.64102 27.30047 80 94.55033 36.31919 80 87.58771 34.54915 80 97.55283 43.05407 80 89.39231 50 60.06026 86.48409 56.70393 60.06026 85.86288 63.17957 60.06026 84.0204 69.2064 60.06026 81.0194 74.57917 60.06026 76.96207 79.11493 60.06026 71.98657 82.65922 60.06026 66.26236 85.09133 60.06026 59.98434 86.32846 60.06026 53.36632 86.32846 60.06026 46.63367 85.09133 60.06026 40.01565 82.65922 60.06026 33.73764 79.11493 60.06026 28.01343 74.57917 60.06026 23.03794 69.2064 60.06026 18.98061 63.17957 60.06026 15.9796 56.70393 60.06026 14.13712 50 60.06026 13.51591 43.29607 60.06026 14.13712 36.82043 60.06026 15.9796 30.7936 60.06026 18.98061 25.42083 60.06026 23.03794 20.88507 60.06026 28.01343 17.34079 60.06026 33.73764 14.90867 60.06026 40.01565 13.67155 60.06026 46.63367 13.67155 60.06026 53.36632 14.90867 60.06026 59.98434 17.34079 60.06026 66.26236 20.88507 60.06026 71.98657 25.42083 60.06026 76.96207 30.7936 60.06026 81.0194 36.82043 60.06026 84.0204 43.29607 60.06026 85.86288 50 60.06026 66.49953 54.27039 60.06026 65.93733 58.24976 60.06026 64.28901 61.66693 60.06026 61.66693 64.28901 60.06026 58.24976 65.93733 60.06026 54.27039 66.49953 60.06026 50 65.93733 60.06026 45.72961 64.28901 60.06026 41.75024 61.66693 60.06026 38.33307 58.24976 60.06026 35.71099 54.27039 60.06026 34.06268 50 60.06026 33.50047 45.72961 60.06026 34.06268 41.75024 60.06026 35.71099 38.33307 60.06026 38.33307 35.71099 60.06026 41.75024 34.06268 60.06026 45.72961 33.50047 60.06026 50 34.06268 60.06026 54.27039 35.71099 60.06026 58.24976 38.33307 60.06026 61.66693 41.75024 60.06026 64.28901 45.72961 60.06026 65.93733 53.37385 79.70541 62.59138 50 79.70541 63.03556 46.62615 79.70541 62.59138 43.48222 79.70541 61.28912 40.78247 79.70541 59.21753 38.71088 79.70541 56.51778 37.40861 79.70541 53.37385 36.96444 79.70541 50 37.40861 79.70541 46.62615 38.71088 79.70541 43.48222 40.78247 79.70541 40.78247 43.48222 79.70541 38.71088 46.62615 79.70541 37.40861 50 79.70541 36.96444 53.37385 79.70541 37.40861 56.51778 79.70541 38.71088 59.21753 79.70541 40.78247 61.28912 79.70541 43.48222 62.59138 79.70541 46.62615 63.03556 79.70541 50 62.59138 79.70541 53.37385 61.28912 79.70541 56.51778 59.21753 79.70541 59.21753 56.51778 79.70541 61.28912 50 20.29459 63.03556 53.37385 20.29459 62.59138 56.51778 20.29459 61.28912 59.21753 20.29459 59.21753 61.28912 20.29459 56.51778 62.59138 20.29459 53.37385 63.03556 20.29459 50 62.59138 20.29459 46.62615 61.28912 20.29459 43.48222 59.21753 20.29459 40.78247 56.51778 20.29459 38.71088 53.37385 20.29459 37.40861 50 20.29459 36.96444 46.62615 20.29459 37.40861 43.48222 20.29459 38.71088 40.78247 20.29459 40.78247 38.71088 20.29459 43.48222 37.40861 20.29459 46.62615 36.96444 20.29459 50 37.40861 20.29459 53.37385 38.71088 20.29459 56.51778 40.78247 20.29459 59.21753 43.48222 20.29459 61.28912 46.62615 20.29459 62.59138 54.27039 39.93974 65.93733 50 39.93974 66.49953 45.72961 39.93974 65.93733 41.75024 39.93974 64.28901 38.33307 39.93974 61.66693 35.71099 39.93974 58.24976 34.06268 39.93974 54.27039 33.50047 39.93974 50 34.06268 39.93974 45.72961 35.71099 39.93974 41.75024 38.33307 39.93974 38.33307 41.75024 39.93974 35.71099 45.72961 39.93974 34.06268 50 39.93974 33.50047 54.27039 39.93974 34.06268 58.24976 39.93974 35.71099 61.66693 39.93974 38.33307 64.28901 39.93974 41.75024 65.93733 39.93974 45.72961 66.49953 39.93974 50 65.93733 39.93974 54.27039 64.28901 39.93974 58.24976 61.66693 39.93974 61.66693 58.24976 39.93974 64.28901 56.70393 39.93974 85.86288 50 39.93974 86.48409 43.29607 39.93974 85.86288 63.17957 39.93974 84.0204 69.2064 39.93974 81.0194 74.57917 39.93974 76.96207 79.11493 39.93974 71.98657 82.65922 39.93974 66.26236 85.09133 39.93974 59.98434 86.32846 39.93974 53.36632 86.32846 39.93974 46.63367 85.09133 39.93974 40.01565 82.65922 39.93974 33.73764 79.11493 39.93974 28.01343 74.57917 39.93974 23.03794 69.2064 39.93974 18.98061 63.17957 39.93974 15.9796 56.70393 39.93974 14.13712 50 39.93974 13.51591 43.29607 39.93974 14.13712 36.82043 39.93974 15.9796 30.7936 39.93974 18.98061 25.42083 39.93974 23.03794 20.88507 39.93974 28.01343 17.34079 39.93974 33.73764 14.90867 39.93974 40.01565 13.67155 39.93974 46.63367 13.67155 39.93974 53.36632 14.90867 39.93974 59.98434 17.34079 39.93974 66.26236 20.88507 39.93974 71.98657 25.42083 39.93974 76.96207 30.7936 39.93974 81.0194 36.82043 39.93974 84.0204 56.94593 20 89.39231 50 20 90 43.05407 20 89.39231 63.6808 20 87.58771 70 20 84.64102 75.7115 20 80.64178 80.64178 20 75.7115 84.64102 20 70 87.58771 20 63.6808 89.39231 20 56.94593 90 20 50 89.39231 20 43.05407 87.58771 20 36.31919 84.64102 20 30 80.64178 20 24.2885 75.7115 20 19.35822 70 20 15.35898 63.6808 20 12.4123 56.94593 20 10.60769 50 20 10 43.05407 20 10.60769 36.31919 20 12.4123 30 20 15.35898 24.2885 20 19.35822 19.35822 20 24.2885 15.35898 20 30 12.4123 20 36.31919 10.60769 20 43.05407 10 20 50 10.60769 20 56.94593 12.4123 20 63.6808 15.35898 20 70 19.35822 20 75.7115 24.2885 20 80.64178 30 20 84.64102 36.31919 20 87.58771 57.82172 20 99.38442 50 20 100 42.17827 20 99.38442 65.45085 20 97.55283 72.69953 20 94.55033 79.38926 20 90.45085 85.35534 20 85.35534 90.45085 20 79.38926 94.55033 20 72.69953 97.55283 20 65.45085 99.38442 20 57.82172 100 20 50 99.38442 20 42.17827 97.55283 20 34.54915 94.55033 20 27.30047 90.45085 20 20.61074 85.35534 20 14.64466 79.38926 20 9.549151 72.69953 20 5.449674 65.45085 20 2.447174 57.82172 20 0.615583 50 20 0 42.17827 20 0.615583 34.54915 20 2.447174 27.30047 20 5.449674 20.61074 20 9.549151 14.64466 20 14.64466 9.549151 20 20.61074 5.449674 20 27.30047 2.447174 20 34.54915 0.615583 20 42.17827 0 20 50 0.615583 20 57.82172 2.447174 20 65.45085 5.449674 20 72.69953 9.549151 20 79.38926 14.64466 20 85.35534 20.61074 20 90.45085 27.30047 20 94.55033 34.54915 20 97.55283 75 25 120 75 75 120 25 25 120 25 75 120 830 15 105 825 25 105 770 15 105 775 25 105 775 75 105 830 85 105 825 75 105 770 85 105 803.3515 82.0689 50 803.3515 82.39404 50 830 82.0689 50 830 85 50 770 85 50 796.6485 82.39404 50 770 82.0689 50 796.6485 82.0689 50 796.6485 17.9311 50 796.6485 17.60596 50 770 17.9311 50 770 15 50 803.3515 17.60596 50 830 15 50 830 17.9311 50 803.3515 17.9311 50 770 82.0689 102.4143 770 17.9311 102.4143 796.7627 82.0689 50.86744 797.0975 82.0689 51.67576 797.6301 82.0689 52.36989 798.3242 82.0689 52.90251 799.1326 82.0689 53.23733 800 82.0689 53.35153 830 82.0689 102.4143 800.8674 82.0689 53.23733 801.6758 82.0689 52.90251 802.3699 82.0689 52.36989 802.9025 82.0689 51.67576 803.2373 82.0689 50.86744 830 17.9311 102.4143 803.2373 17.9311 50.86744 802.9025 17.9311 51.67576 802.3699 17.9311 52.36989 801.6758 17.9311 52.90251 800.8674 17.9311 53.23733 800 17.9311 53.35153 799.1326 17.9311 53.23733 798.3242 17.9311 52.90251 797.6301 17.9311 52.36989 797.0975 17.9311 51.67576 796.7627 17.9311 50.86744 803.2373 82.39404 49.13256 803.2373 79.70541 49.13256 802.9025 82.39404 48.32423 802.9025 79.70541 48.32423 802.3699 82.39404 47.63011 802.3699 79.70541 47.63011 801.6758 82.39404 47.09749 801.6758 79.70541 47.09749 800.8674 82.39404 46.76267 800.8674 79.70541 46.76267 800 82.39404 46.64847 800 79.70541 46.64847 799.1326 82.39404 46.76267 799.1326 79.70541 46.76267 798.3242 82.39404 47.09749 798.3242 79.70541 47.09749 797.6301 82.39404 47.63011 797.6301 79.70541 47.63011 797.0975 82.39404 48.32423 797.0975 79.70541 48.32423 796.7627 82.39404 49.13256 796.7627 79.70541 49.13256 796.6485 79.70541 50 796.7627 79.70541 50.86744 797.0975 79.70541 51.67576 797.6301 79.70541 52.36989 798.3242 79.70541 52.90251 799.1326 79.70541 53.23733 800 79.70541 53.35153 800.8674 79.70541 53.23733 801.6758 79.70541 52.90251 802.3699 79.70541 52.36989 802.9025 79.70541 51.67576 803.2373 79.70541 50.86744 803.3515 79.70541 50 799.1326 20.29459 53.23733 800 20.29459 53.35153 800.8674 20.29459 53.23733 801.6758 20.29459 52.90251 802.3699 20.29459 52.36989 802.9025 20.29459 51.67576 803.2373 20.29459 50.86744 803.3515 20.29459 50 803.2373 20.29459 49.13256 803.2373 17.60596 49.13256 802.9025 20.29459 48.32423 802.9025 17.60596 48.32423 802.3699 20.29459 47.63011 802.3699 17.60596 47.63011 801.6758 20.29459 47.09749 801.6758 17.60596 47.09749 800.8674 20.29459 46.76267 800.8674 17.60596 46.76267 800 20.29459 46.64847 800 17.60596 46.64847 799.1326 20.29459 46.76267 799.1326 17.60596 46.76267 798.3242 20.29459 47.09749 798.3242 17.60596 47.09749 797.6301 20.29459 47.63011 797.6301 17.60596 47.63011 797.0975 20.29459 48.32423 797.0975 17.60596 48.32423 796.7627 20.29459 49.13256 796.7627 17.60596 49.13256 798.3242 20.29459 52.90251 797.6301 20.29459 52.36989 797.0975 20.29459 51.67576 796.7627 20.29459 50.86744 796.6485 20.29459 50 792.1783 80 99.38442 800 80 100 800 80 90 807.8217 80 99.38442 806.9459 80 89.39231 815.4509 80 97.55283 813.6808 80 87.58771 822.6995 80 94.55033 820 80 84.64102 829.3893 80 90.45085 825.7115 80 80.64178 835.3554 80 85.35534 830.6418 80 75.7115 840.4509 80 79.38926 834.641 80 70 844.5504 80 72.69953 837.5877 80 63.6808 847.5528 80 65.45085 839.3923 80 56.94593 849.3844 80 57.82172 840 80 50 850 80 50 849.3844 80 42.17827 839.3923 80 43.05407 847.5528 80 34.54915 837.5877 80 36.31919 844.5504 80 27.30047 834.641 80 30 840.4509 80 20.61074 830.6418 80 24.2885 835.3554 80 14.64466 825.7115 80 19.35822 829.3893 80 9.549151 820 80 15.35898 822.6995 80 5.449674 813.6808 80 12.4123 815.4509 80 2.447174 806.9459 80 10.60769 807.8217 80 0.615583 800 80 10 800 80 0 792.1783 80 0.615583 793.0541 80 10.60769 784.5491 80 2.447174 786.3192 80 12.4123 777.3005 80 5.449674 780 80 15.35898 770.6107 80 9.549151 774.2885 80 19.35822 764.6447 80 14.64466 769.3582 80 24.2885 759.5491 80 20.61074 765.359 80 30 755.4497 80 27.30047 762.4123 80 36.31919 752.4472 80 34.54915 760.6077 80 43.05407 750.6156 80 42.17827 760 80 50 750 80 50 750.6156 80 57.82172 760.6077 80 56.94593 752.4472 80 65.45085 762.4123 80 63.6808 755.4497 80 72.69953 765.359 80 70 759.5491 80 79.38926 769.3582 80 75.7115 764.6447 80 85.35534 774.2885 80 80.64178 770.6107 80 90.45085 780 80 84.64102 777.3005 80 94.55033 786.3192 80 87.58771 784.5491 80 97.55283 793.0541 80 89.39231 800 60.06026 86.48409 806.7039 60.06026 85.86288 813.1796 60.06026 84.0204 819.2064 60.06026 81.0194 824.5792 60.06026 76.96207 829.1149 60.06026 71.98657 832.6593 60.06026 66.26236 835.0913 60.06026 59.98434 836.3284 60.06026 53.36632 836.3284 60.06026 46.63367 835.0913 60.06026 40.01565 832.6593 60.06026 33.73764 829.1149 60.06026 28.01343 824.5792 60.06026 23.03794 819.2064 60.06026 18.98061 813.1796 60.06026 15.9796 806.7039 60.06026 14.13712 800 60.06026 13.51591 793.2961 60.06026 14.13712 786.8204 60.06026 15.9796 780.7936 60.06026 18.98061 775.4208 60.06026 23.03794 770.8851 60.06026 28.01343 767.3408 60.06026 33.73764 764.9087 60.06026 40.01565 763.6716 60.06026 46.63367 763.6716 60.06026 53.36632 764.9087 60.06026 59.98434 767.3408 60.06026 66.26236 770.8851 60.06026 71.98657 775.4208 60.06026 76.96207 780.7936 60.06026 81.0194 786.8204 60.06026 84.0204 793.2961 60.06026 85.86288 800 60.06026 66.49953 804.2704 60.06026 65.93733 808.2498 60.06026 64.28901 811.6669 60.06026 61.66693 814.289 60.06026 58.24976 815.9373 60.06026 54.27039 816.4995 60.06026 50 815.9373 60.06026 45.72961 814.289 60.06026 41.75024 811.6669 60.06026 38.33307 808.2498 60.06026 35.71099 804.2704 60.06026 34.06268 800 60.06026 33.50047 795.7296 60.06026 34.06268 791.7503 60.06026 35.71099 788.3331 60.06026 38.33307 785.711 60.06026 41.75024 784.0627 60.06026 45.72961 783.5005 60.06026 50 784.0627 60.06026 54.27039 785.711 60.06026 58.24976 788.3331 60.06026 61.66693 791.7503 60.06026 64.28901 795.7296 60.06026 65.93733 803.3739 79.70541 62.59138 800 79.70541 63.03556 796.6262 79.70541 62.59138 793.4822 79.70541 61.28912 790.7825 79.70541 59.21753 788.7109 79.70541 56.51778 787.4086 79.70541 53.37385 786.9644 79.70541 50 787.4086 79.70541 46.62615 788.7109 79.70541 43.48222 790.7825 79.70541 40.78247 793.4822 79.70541 38.71088 796.6262 79.70541 37.40861 800 79.70541 36.96444 803.3739 79.70541 37.40861 806.5178 79.70541 38.71088 809.2175 79.70541 40.78247 811.2891 79.70541 43.48222 812.5914 79.70541 46.62615 813.0356 79.70541 50 812.5914 79.70541 53.37385 811.2891 79.70541 56.51778 809.2175 79.70541 59.21753 806.5178 79.70541 61.28912 800 20.29459 63.03556 803.3739 20.29459 62.59138 806.5178 20.29459 61.28912 809.2175 20.29459 59.21753 811.2891 20.29459 56.51778 812.5914 20.29459 53.37385 813.0356 20.29459 50 812.5914 20.29459 46.62615 811.2891 20.29459 43.48222 809.2175 20.29459 40.78247 806.5178 20.29459 38.71088 803.3739 20.29459 37.40861 800 20.29459 36.96444 796.6262 20.29459 37.40861 793.4822 20.29459 38.71088 790.7825 20.29459 40.78247 788.7109 20.29459 43.48222 787.4086 20.29459 46.62615 786.9644 20.29459 50 787.4086 20.29459 53.37385 788.7109 20.29459 56.51778 790.7825 20.29459 59.21753 793.4822 20.29459 61.28912 796.6262 20.29459 62.59138 804.2704 39.93974 65.93733 800 39.93974 66.49953 795.7296 39.93974 65.93733 791.7503 39.93974 64.28901 788.3331 39.93974 61.66693 785.711 39.93974 58.24976 784.0627 39.93974 54.27039 783.5005 39.93974 50 784.0627 39.93974 45.72961 785.711 39.93974 41.75024 788.3331 39.93974 38.33307 791.7503 39.93974 35.71099 795.7296 39.93974 34.06268 800 39.93974 33.50047 804.2704 39.93974 34.06268 808.2498 39.93974 35.71099 811.6669 39.93974 38.33307 814.289 39.93974 41.75024 815.9373 39.93974 45.72961 816.4995 39.93974 50 815.9373 39.93974 54.27039 814.289 39.93974 58.24976 811.6669 39.93974 61.66693 808.2498 39.93974 64.28901 806.7039 39.93974 85.86288 800 39.93974 86.48409 793.2961 39.93974 85.86288 813.1796 39.93974 84.0204 819.2064 39.93974 81.0194 824.5792 39.93974 76.96207 829.1149 39.93974 71.98657 832.6593 39.93974 66.26236 835.0913 39.93974 59.98434 836.3284 39.93974 53.36632 836.3284 39.93974 46.63367 835.0913 39.93974 40.01565 832.6593 39.93974 33.73764 829.1149 39.93974 28.01343 824.5792 39.93974 23.03794 819.2064 39.93974 18.98061 813.1796 39.93974 15.9796 806.7039 39.93974 14.13712 800 39.93974 13.51591 793.2961 39.93974 14.13712 786.8204 39.93974 15.9796 780.7936 39.93974 18.98061 775.4208 39.93974 23.03794 770.8851 39.93974 28.01343 767.3408 39.93974 33.73764 764.9087 39.93974 40.01565 763.6716 39.93974 46.63367 763.6716 39.93974 53.36632 764.9087 39.93974 59.98434 767.3408 39.93974 66.26236 770.8851 39.93974 71.98657 775.4208 39.93974 76.96207 780.7936 39.93974 81.0194 786.8204 39.93974 84.0204 806.9459 20 89.39231 800 20 90 793.0541 20 89.39231 813.6808 20 87.58771 820 20 84.64102 825.7115 20 80.64178 830.6418 20 75.7115 834.641 20 70 837.5877 20 63.6808 839.3923 20 56.94593 840 20 50 839.3923 20 43.05407 837.5877 20 36.31919 834.641 20 30 830.6418 20 24.2885 825.7115 20 19.35822 820 20 15.35898 813.6808 20 12.4123 806.9459 20 10.60769 800 20 10 793.0541 20 10.60769 786.3192 20 12.4123 780 20 15.35898 774.2885 20 19.35822 769.3582 20 24.2885 765.359 20 30 762.4123 20 36.31919 760.6077 20 43.05407 760 20 50 760.6077 20 56.94593 762.4123 20 63.6808 765.359 20 70 769.3582 20 75.7115 774.2885 20 80.64178 780 20 84.64102 786.3192 20 87.58771 807.8217 20 99.38442 800 20 100 792.1783 20 99.38442 815.4509 20 97.55283 822.6995 20 94.55033 829.3893 20 90.45085 835.3554 20 85.35534 840.4509 20 79.38926 844.5504 20 72.69953 847.5528 20 65.45085 849.3844 20 57.82172 850 20 50 849.3844 20 42.17827 847.5528 20 34.54915 844.5504 20 27.30047 840.4509 20 20.61074 835.3554 20 14.64466 829.3893 20 9.549151 822.6995 20 5.449674 815.4509 20 2.447174 807.8217 20 0.615583 800 20 0 792.1783 20 0.615583 784.5491 20 2.447174 777.3005 20 5.449674 770.6107 20 9.549151 764.6447 20 14.64466 759.5491 20 20.61074 755.4497 20 27.30047 752.4472 20 34.54915 750.6156 20 42.17827 750 20 50 750.6156 20 57.82172 752.4472 20 65.45085 755.4497 20 72.69953 759.5491 20 79.38926 764.6447 20 85.35534 770.6107 20 90.45085 777.3005 20 94.55033 784.5491 20 97.55283 825 25 120 825 75 120 775 25 120 775 75 120 830 1015 105 825 1025 105 770 1015 105 775 1025 105 775 1075 105 830 1085 105 825 1075 105 770 1085 105 803.3515 1082.069 50 803.3515 1082.394 50 830 1082.069 50 830 1085 50 770 1085 50 796.6485 1082.394 50 770 1082.069 50 796.6485 1082.069 50 796.6485 1017.931 50 796.6485 1017.606 50 770 1017.931 50 770 1015 50 803.3515 1017.606 50 830 1015 50 830 1017.931 50 803.3515 1017.931 50 770 1082.069 102.4143 770 1017.931 102.4143 796.7627 1082.069 50.86744 797.0975 1082.069 51.67576 797.6301 1082.069 52.36989 798.3242 1082.069 52.90251 799.1326 1082.069 53.23733 800 1082.069 53.35153 830 1082.069 102.4143 800.8674 1082.069 53.23733 801.6758 1082.069 52.90251 802.3699 1082.069 52.36989 802.9025 1082.069 51.67576 803.2373 1082.069 50.86744 830 1017.931 102.4143 803.2373 1017.931 50.86744 802.9025 1017.931 51.67576 802.3699 1017.931 52.36989 801.6758 1017.931 52.90251 800.8674 1017.931 53.23733 800 1017.931 53.35153 799.1326 1017.931 53.23733 798.3242 1017.931 52.90251 797.6301 1017.931 52.36989 797.0975 1017.931 51.67576 796.7627 1017.931 50.86744 803.2373 1082.394 49.13256 803.2373 1079.705 49.13256 802.9025 1082.394 48.32423 802.9025 1079.705 48.32423 802.3699 1082.394 47.63011 802.3699 1079.705 47.63011 801.6758 1082.394 47.09749 801.6758 1079.705 47.09749 800.8674 1082.394 46.76267 800.8674 1079.705 46.76267 800 1082.394 46.64847 800 1079.705 46.64847 799.1326 1082.394 46.76267 799.1326 1079.705 46.76267 798.3242 1082.394 47.09749 798.3242 1079.705 47.09749 797.6301 1082.394 47.63011 797.6301 1079.705 47.63011 797.0975 1082.394 48.32423 797.0975 1079.705 48.32423 796.7627 1082.394 49.13256 796.7627 1079.705 49.13256 796.6485 1079.705 50 796.7627 1079.705 50.86744 797.0975 1079.705 51.67576 797.6301 1079.705 52.36989 798.3242 1079.705 52.90251 799.1326 1079.705 53.23733 800 1079.705 53.35153 800.8674 1079.705 53.23733 801.6758 1079.705 52.90251 802.3699 1079.705 52.36989 802.9025 1079.705 51.67576 803.2373 1079.705 50.86744 803.3515 1079.705 50 799.1326 1020.295 53.23733 800 1020.295 53.35153 800.8674 1020.295 53.23733 801.6758 1020.295 52.90251 802.3699 1020.295 52.36989 802.9025 1020.295 51.67576 803.2373 1020.295 50.86744 803.3515 1020.295 50 803.2373 1020.295 49.13256 803.2373 1017.606 49.13256 802.9025 1020.295 48.32423 802.9025 1017.606 48.32423 802.3699 1020.295 47.63011 802.3699 1017.606 47.63011 801.6758 1020.295 47.09749 801.6758 1017.606 47.09749 800.8674 1020.295 46.76267 800.8674 1017.606 46.76267 800 1020.295 46.64847 800 1017.606 46.64847 799.1326 1020.295 46.76267 799.1326 1017.606 46.76267 798.3242 1020.295 47.09749 798.3242 1017.606 47.09749 797.6301 1020.295 47.63011 797.6301 1017.606 47.63011 797.0975 1020.295 48.32423 797.0975 1017.606 48.32423 796.7627 1020.295 49.13256 796.7627 1017.606 49.13256 798.3242 1020.295 52.90251 797.6301 1020.295 52.36989 797.0975 1020.295 51.67576 796.7627 1020.295 50.86744 796.6485 1020.295 50 792.1783 1080 99.38442 800 1080 100 800 1080 90 807.8217 1080 99.38442 806.9459 1080 89.39231 815.4509 1080 97.55283 813.6808 1080 87.58771 822.6995 1080 94.55033 820 1080 84.64102 829.3893 1080 90.45085 825.7115 1080 80.64178 835.3554 1080 85.35534 830.6418 1080 75.7115 840.4509 1080 79.38926 834.641 1080 70 844.5504 1080 72.69953 837.5877 1080 63.6808 847.5528 1080 65.45085 839.3923 1080 56.94593 849.3844 1080 57.82172 840 1080 50 850 1080 50 849.3844 1080 42.17827 839.3923 1080 43.05407 847.5528 1080 34.54915 837.5877 1080 36.31919 844.5504 1080 27.30047 834.641 1080 30 840.4509 1080 20.61074 830.6418 1080 24.2885 835.3554 1080 14.64466 825.7115 1080 19.35822 829.3893 1080 9.549151 820 1080 15.35898 822.6995 1080 5.449674 813.6808 1080 12.4123 815.4509 1080 2.447174 806.9459 1080 10.60769 807.8217 1080 0.615583 800 1080 10 800 1080 0 792.1783 1080 0.615583 793.0541 1080 10.60769 784.5491 1080 2.447174 786.3192 1080 12.4123 777.3005 1080 5.449674 780 1080 15.35898 770.6107 1080 9.549151 774.2885 1080 19.35822 764.6447 1080 14.64466 769.3582 1080 24.2885 759.5491 1080 20.61074 765.359 1080 30 755.4497 1080 27.30047 762.4123 1080 36.31919 752.4472 1080 34.54915 760.6077 1080 43.05407 750.6156 1080 42.17827 760 1080 50 750 1080 50 750.6156 1080 57.82172 760.6077 1080 56.94593 752.4472 1080 65.45085 762.4123 1080 63.6808 755.4497 1080 72.69953 765.359 1080 70 759.5491 1080 79.38926 769.3582 1080 75.7115 764.6447 1080 85.35534 774.2885 1080 80.64178 770.6107 1080 90.45085 780 1080 84.64102 777.3005 1080 94.55033 786.3192 1080 87.58771 784.5491 1080 97.55283 793.0541 1080 89.39231 800 1060.06 86.48409 806.7039 1060.06 85.86288 813.1796 1060.06 84.0204 819.2064 1060.06 81.0194 824.5792 1060.06 76.96207 829.1149 1060.06 71.98657 832.6593 1060.06 66.26236 835.0913 1060.06 59.98434 836.3284 1060.06 53.36632 836.3284 1060.06 46.63367 835.0913 1060.06 40.01565 832.6593 1060.06 33.73764 829.1149 1060.06 28.01343 824.5792 1060.06 23.03794 819.2064 1060.06 18.98061 813.1796 1060.06 15.9796 806.7039 1060.06 14.13712 800 1060.06 13.51591 793.2961 1060.06 14.13712 786.8204 1060.06 15.9796 780.7936 1060.06 18.98061 775.4208 1060.06 23.03794 770.8851 1060.06 28.01343 767.3408 1060.06 33.73764 764.9087 1060.06 40.01565 763.6716 1060.06 46.63367 763.6716 1060.06 53.36632 764.9087 1060.06 59.98434 767.3408 1060.06 66.26236 770.8851 1060.06 71.98657 775.4208 1060.06 76.96207 780.7936 1060.06 81.0194 786.8204 1060.06 84.0204 793.2961 1060.06 85.86288 800 1060.06 66.49953 804.2704 1060.06 65.93733 808.2498 1060.06 64.28901 811.6669 1060.06 61.66693 814.289 1060.06 58.24976 815.9373 1060.06 54.27039 816.4995 1060.06 50 815.9373 1060.06 45.72961 814.289 1060.06 41.75024 811.6669 1060.06 38.33307 808.2498 1060.06 35.71099 804.2704 1060.06 34.06268 800 1060.06 33.50047 795.7296 1060.06 34.06268 791.7503 1060.06 35.71099 788.3331 1060.06 38.33307 785.711 1060.06 41.75024 784.0627 1060.06 45.72961 783.5005 1060.06 50 784.0627 1060.06 54.27039 785.711 1060.06 58.24976 788.3331 1060.06 61.66693 791.7503 1060.06 64.28901 795.7296 1060.06 65.93733 803.3739 1079.705 62.59138 800 1079.705 63.03556 796.6262 1079.705 62.59138 793.4822 1079.705 61.28912 790.7825 1079.705 59.21753 788.7109 1079.705 56.51778 787.4086 1079.705 53.37385 786.9644 1079.705 50 787.4086 1079.705 46.62615 788.7109 1079.705 43.48222 790.7825 1079.705 40.78247 793.4822 1079.705 38.71088 796.6262 1079.705 37.40861 800 1079.705 36.96444 803.3739 1079.705 37.40861 806.5178 1079.705 38.71088 809.2175 1079.705 40.78247 811.2891 1079.705 43.48222 812.5914 1079.705 46.62615 813.0356 1079.705 50 812.5914 1079.705 53.37385 811.2891 1079.705 56.51778 809.2175 1079.705 59.21753 806.5178 1079.705 61.28912 800 1020.295 63.03556 803.3739 1020.295 62.59138 806.5178 1020.295 61.28912 809.2175 1020.295 59.21753 811.2891 1020.295 56.51778 812.5914 1020.295 53.37385 813.0356 1020.295 50 812.5914 1020.295 46.62615 811.2891 1020.295 43.48222 809.2175 1020.295 40.78247 806.5178 1020.295 38.71088 803.3739 1020.295 37.40861 800 1020.295 36.96444 796.6262 1020.295 37.40861 793.4822 1020.295 38.71088 790.7825 1020.295 40.78247 788.7109 1020.295 43.48222 787.4086 1020.295 46.62615 786.9644 1020.295 50 787.4086 1020.295 53.37385 788.7109 1020.295 56.51778 790.7825 1020.295 59.21753 793.4822 1020.295 61.28912 796.6262 1020.295 62.59138 804.2704 1039.94 65.93733 800 1039.94 66.49953 795.7296 1039.94 65.93733 791.7503 1039.94 64.28901 788.3331 1039.94 61.66693 785.711 1039.94 58.24976 784.0627 1039.94 54.27039 783.5005 1039.94 50 784.0627 1039.94 45.72961 785.711 1039.94 41.75024 788.3331 1039.94 38.33307 791.7503 1039.94 35.71099 795.7296 1039.94 34.06268 800 1039.94 33.50047 804.2704 1039.94 34.06268 808.2498 1039.94 35.71099 811.6669 1039.94 38.33307 814.289 1039.94 41.75024 815.9373 1039.94 45.72961 816.4995 1039.94 50 815.9373 1039.94 54.27039 814.289 1039.94 58.24976 811.6669 1039.94 61.66693 808.2498 1039.94 64.28901 806.7039 1039.94 85.86288 800 1039.94 86.48409 793.2961 1039.94 85.86288 813.1796 1039.94 84.0204 819.2064 1039.94 81.0194 824.5792 1039.94 76.96207 829.1149 1039.94 71.98657 832.6593 1039.94 66.26236 835.0913 1039.94 59.98434 836.3284 1039.94 53.36632 836.3284 1039.94 46.63367 835.0913 1039.94 40.01565 832.6593 1039.94 33.73764 829.1149 1039.94 28.01343 824.5792 1039.94 23.03794 819.2064 1039.94 18.98061 813.1796 1039.94 15.9796 806.7039 1039.94 14.13712 800 1039.94 13.51591 793.2961 1039.94 14.13712 786.8204 1039.94 15.9796 780.7936 1039.94 18.98061 775.4208 1039.94 23.03794 770.8851 1039.94 28.01343 767.3408 1039.94 33.73764 764.9087 1039.94 40.01565 763.6716 1039.94 46.63367 763.6716 1039.94 53.36632 764.9087 1039.94 59.98434 767.3408 1039.94 66.26236 770.8851 1039.94 71.98657 775.4208 1039.94 76.96207 780.7936 1039.94 81.0194 786.8204 1039.94 84.0204 806.9459 1020 89.39231 800 1020 90 793.0541 1020 89.39231 813.6808 1020 87.58771 820 1020 84.64102 825.7115 1020 80.64178 830.6418 1020 75.7115 834.641 1020 70 837.5877 1020 63.6808 839.3923 1020 56.94593 840 1020 50 839.3923 1020 43.05407 837.5877 1020 36.31919 834.641 1020 30 830.6418 1020 24.2885 825.7115 1020 19.35822 820 1020 15.35898 813.6808 1020 12.4123 806.9459 1020 10.60769 800 1020 10 793.0541 1020 10.60769 786.3192 1020 12.4123 780 1020 15.35898 774.2885 1020 19.35822 769.3582 1020 24.2885 765.359 1020 30 762.4123 1020 36.31919 760.6077 1020 43.05407 760 1020 50 760.6077 1020 56.94593 762.4123 1020 63.6808 765.359 1020 70 769.3582 1020 75.7115 774.2885 1020 80.64178 780 1020 84.64102 786.3192 1020 87.58771 807.8217 1020 99.38442 800 1020 100 792.1783 1020 99.38442 815.4509 1020 97.55283 822.6995 1020 94.55033 829.3893 1020 90.45085 835.3554 1020 85.35534 840.4509 1020 79.38926 844.5504 1020 72.69953 847.5528 1020 65.45085 849.3844 1020 57.82172 850 1020 50 849.3844 1020 42.17827 847.5528 1020 34.54915 844.5504 1020 27.30047 840.4509 1020 20.61074 835.3554 1020 14.64466 829.3893 1020 9.549151 822.6995 1020 5.449674 815.4509 1020 2.447174 807.8217 1020 0.615583 800 1020 0 792.1783 1020 0.615583 784.5491 1020 2.447174 777.3005 1020 5.449674 770.6107 1020 9.549151 764.6447 1020 14.64466 759.5491 1020 20.61074 755.4497 1020 27.30047 752.4472 1020 34.54915 750.6156 1020 42.17827 750 1020 50 750.6156 1020 57.82172 752.4472 1020 65.45085 755.4497 1020 72.69953 759.5491 1020 79.38926 764.6447 1020 85.35534 770.6107 1020 90.45085 777.3005 1020 94.55033 784.5491 1020 97.55283 825 1025 120 825 1075 120 775 1025 120 775 1075 120 80 1015 105 75 1025 105 20 1015 105 25 1025 105 25 1075 105 80 1085 105 75 1075 105 20 1085 105 53.35153 1082.069 50 53.35153 1082.394 50 80 1082.069 50 80 1085 50 20 1085 50 46.64847 1082.394 50 20 1082.069 50 46.64847 1082.069 50 46.64847 1017.931 50 46.64847 1017.606 50 20 1017.931 50 20 1015 50 53.35153 1017.606 50 80 1015 50 80 1017.931 50 53.35153 1017.931 50 20 1082.069 102.4143 20 1017.931 102.4143 46.76267 1082.069 50.86744 47.09749 1082.069 51.67576 47.63011 1082.069 52.36989 48.32423 1082.069 52.90251 49.13256 1082.069 53.23733 50 1082.069 53.35153 80 1082.069 102.4143 50.86744 1082.069 53.23733 51.67576 1082.069 52.90251 52.36989 1082.069 52.36989 52.90251 1082.069 51.67576 53.23733 1082.069 50.86744 80 1017.931 102.4143 53.23733 1017.931 50.86744 52.90251 1017.931 51.67576 52.36989 1017.931 52.36989 51.67576 1017.931 52.90251 50.86744 1017.931 53.23733 50 1017.931 53.35153 49.13256 1017.931 53.23733 48.32423 1017.931 52.90251 47.63011 1017.931 52.36989 47.09749 1017.931 51.67576 46.76267 1017.931 50.86744 53.23733 1082.394 49.13256 53.23733 1079.705 49.13256 52.90251 1082.394 48.32423 52.90251 1079.705 48.32423 52.36989 1082.394 47.63011 52.36989 1079.705 47.63011 51.67576 1082.394 47.09749 51.67576 1079.705 47.09749 50.86744 1082.394 46.76267 50.86744 1079.705 46.76267 50 1082.394 46.64847 50 1079.705 46.64847 49.13256 1082.394 46.76267 49.13256 1079.705 46.76267 48.32423 1082.394 47.09749 48.32423 1079.705 47.09749 47.63011 1082.394 47.63011 47.63011 1079.705 47.63011 47.09749 1082.394 48.32423 47.09749 1079.705 48.32423 46.76267 1082.394 49.13256 46.76267 1079.705 49.13256 46.64847 1079.705 50 46.76267 1079.705 50.86744 47.09749 1079.705 51.67576 47.63011 1079.705 52.36989 48.32423 1079.705 52.90251 49.13256 1079.705 53.23733 50 1079.705 53.35153 50.86744 1079.705 53.23733 51.67576 1079.705 52.90251 52.36989 1079.705 52.36989 52.90251 1079.705 51.67576 53.23733 1079.705 50.86744 53.35153 1079.705 50 49.13256 1020.295 53.23733 50 1020.295 53.35153 50.86744 1020.295 53.23733 51.67576 1020.295 52.90251 52.36989 1020.295 52.36989 52.90251 1020.295 51.67576 53.23733 1020.295 50.86744 53.35153 1020.295 50 53.23733 1020.295 49.13256 53.23733 1017.606 49.13256 52.90251 1020.295 48.32423 52.90251 1017.606 48.32423 52.36989 1020.295 47.63011 52.36989 1017.606 47.63011 51.67576 1020.295 47.09749 51.67576 1017.606 47.09749 50.86744 1020.295 46.76267 50.86744 1017.606 46.76267 50 1020.295 46.64847 50 1017.606 46.64847 49.13256 1020.295 46.76267 49.13256 1017.606 46.76267 48.32423 1020.295 47.09749 48.32423 1017.606 47.09749 47.63011 1020.295 47.63011 47.63011 1017.606 47.63011 47.09749 1020.295 48.32423 47.09749 1017.606 48.32423 46.76267 1020.295 49.13256 46.76267 1017.606 49.13256 48.32423 1020.295 52.90251 47.63011 1020.295 52.36989 47.09749 1020.295 51.67576 46.76267 1020.295 50.86744 46.64847 1020.295 50 42.17827 1080 99.38442 50 1080 100 50 1080 90 57.82172 1080 99.38442 56.94593 1080 89.39231 65.45085 1080 97.55283 63.6808 1080 87.58771 72.69953 1080 94.55033 70 1080 84.64102 79.38926 1080 90.45085 75.7115 1080 80.64178 85.35534 1080 85.35534 80.64178 1080 75.7115 90.45085 1080 79.38926 84.64102 1080 70 94.55033 1080 72.69953 87.58771 1080 63.6808 97.55283 1080 65.45085 89.39231 1080 56.94593 99.38442 1080 57.82172 90 1080 50 100 1080 50 99.38442 1080 42.17827 89.39231 1080 43.05407 97.55283 1080 34.54915 87.58771 1080 36.31919 94.55033 1080 27.30047 84.64102 1080 30 90.45085 1080 20.61074 80.64178 1080 24.2885 85.35534 1080 14.64466 75.7115 1080 19.35822 79.38926 1080 9.549151 70 1080 15.35898 72.69953 1080 5.449674 63.6808 1080 12.4123 65.45085 1080 2.447174 56.94593 1080 10.60769 57.82172 1080 0.615583 50 1080 10 50 1080 0 42.17827 1080 0.615583 43.05407 1080 10.60769 34.54915 1080 2.447174 36.31919 1080 12.4123 27.30047 1080 5.449674 30 1080 15.35898 20.61074 1080 9.549151 24.2885 1080 19.35822 14.64466 1080 14.64466 19.35822 1080 24.2885 9.549151 1080 20.61074 15.35898 1080 30 5.449674 1080 27.30047 12.4123 1080 36.31919 2.447174 1080 34.54915 10.60769 1080 43.05407 0.615583 1080 42.17827 10 1080 50 0 1080 50 0.615583 1080 57.82172 10.60769 1080 56.94593 2.447174 1080 65.45085 12.4123 1080 63.6808 5.449674 1080 72.69953 15.35898 1080 70 9.549151 1080 79.38926 19.35822 1080 75.7115 14.64466 1080 85.35534 24.2885 1080 80.64178 20.61074 1080 90.45085 30 1080 84.64102 27.30047 1080 94.55033 36.31919 1080 87.58771 34.54915 1080 97.55283 43.05407 1080 89.39231 50 1060.06 86.48409 56.70393 1060.06 85.86288 63.17957 1060.06 84.0204 69.2064 1060.06 81.0194 74.57917 1060.06 76.96207 79.11493 1060.06 71.98657 82.65922 1060.06 66.26236 85.09133 1060.06 59.98434 86.32846 1060.06 53.36632 86.32846 1060.06 46.63367 85.09133 1060.06 40.01565 82.65922 1060.06 33.73764 79.11493 1060.06 28.01343 74.57917 1060.06 23.03794 69.2064 1060.06 18.98061 63.17957 1060.06 15.9796 56.70393 1060.06 14.13712 50 1060.06 13.51591 43.29607 1060.06 14.13712 36.82043 1060.06 15.9796 30.7936 1060.06 18.98061 25.42083 1060.06 23.03794 20.88507 1060.06 28.01343 17.34079 1060.06 33.73764 14.90867 1060.06 40.01565 13.67155 1060.06 46.63367 13.67155 1060.06 53.36632 14.90867 1060.06 59.98434 17.34079 1060.06 66.26236 20.88507 1060.06 71.98657 25.42083 1060.06 76.96207 30.7936 1060.06 81.0194 36.82043 1060.06 84.0204 43.29607 1060.06 85.86288 50 1060.06 66.49953 54.27039 1060.06 65.93733 58.24976 1060.06 64.28901 61.66693 1060.06 61.66693 64.28901 1060.06 58.24976 65.93733 1060.06 54.27039 66.49953 1060.06 50 65.93733 1060.06 45.72961 64.28901 1060.06 41.75024 61.66693 1060.06 38.33307 58.24976 1060.06 35.71099 54.27039 1060.06 34.06268 50 1060.06 33.50047 45.72961 1060.06 34.06268 41.75024 1060.06 35.71099 38.33307 1060.06 38.33307 35.71099 1060.06 41.75024 34.06268 1060.06 45.72961 33.50047 1060.06 50 34.06268 1060.06 54.27039 35.71099 1060.06 58.24976 38.33307 1060.06 61.66693 41.75024 1060.06 64.28901 45.72961 1060.06 65.93733 53.37385 1079.705 62.59138 50 1079.705 63.03556 46.62615 1079.705 62.59138 43.48222 1079.705 61.28912 40.78247 1079.705 59.21753 38.71088 1079.705 56.51778 37.40861 1079.705 53.37385 36.96444 1079.705 50 37.40861 1079.705 46.62615 38.71088 1079.705 43.48222 40.78247 1079.705 40.78247 43.48222 1079.705 38.71088 46.62615 1079.705 37.40861 50 1079.705 36.96444 53.37385 1079.705 37.40861 56.51778 1079.705 38.71088 59.21753 1079.705 40.78247 61.28912 1079.705 43.48222 62.59138 1079.705 46.62615 63.03556 1079.705 50 62.59138 1079.705 53.37385 61.28912 1079.705 56.51778 59.21753 1079.705 59.21753 56.51778 1079.705 61.28912 50 1020.295 63.03556 53.37385 1020.295 62.59138 56.51778 1020.295 61.28912 59.21753 1020.295 59.21753 61.28912 1020.295 56.51778 62.59138 1020.295 53.37385 63.03556 1020.295 50 62.59138 1020.295 46.62615 61.28912 1020.295 43.48222 59.21753 1020.295 40.78247 56.51778 1020.295 38.71088 53.37385 1020.295 37.40861 50 1020.295 36.96444 46.62615 1020.295 37.40861 43.48222 1020.295 38.71088 40.78247 1020.295 40.78247 38.71088 1020.295 43.48222 37.40861 1020.295 46.62615 36.96444 1020.295 50 37.40861 1020.295 53.37385 38.71088 1020.295 56.51778 40.78247 1020.295 59.21753 43.48222 1020.295 61.28912 46.62615 1020.295 62.59138 54.27039 1039.94 65.93733 50 1039.94 66.49953 45.72961 1039.94 65.93733 41.75024 1039.94 64.28901 38.33307 1039.94 61.66693 35.71099 1039.94 58.24976 34.06268 1039.94 54.27039 33.50047 1039.94 50 34.06268 1039.94 45.72961 35.71099 1039.94 41.75024 38.33307 1039.94 38.33307 41.75024 1039.94 35.71099 45.72961 1039.94 34.06268 50 1039.94 33.50047 54.27039 1039.94 34.06268 58.24976 1039.94 35.71099 61.66693 1039.94 38.33307 64.28901 1039.94 41.75024 65.93733 1039.94 45.72961 66.49953 1039.94 50 65.93733 1039.94 54.27039 64.28901 1039.94 58.24976 61.66693 1039.94 61.66693 58.24976 1039.94 64.28901 56.70393 1039.94 85.86288 50 1039.94 86.48409 43.29607 1039.94 85.86288 63.17957 1039.94 84.0204 69.2064 1039.94 81.0194 74.57917 1039.94 76.96207 79.11493 1039.94 71.98657 82.65922 1039.94 66.26236 85.09133 1039.94 59.98434 86.32846 1039.94 53.36632 86.32846 1039.94 46.63367 85.09133 1039.94 40.01565 82.65922 1039.94 33.73764 79.11493 1039.94 28.01343 74.57917 1039.94 23.03794 69.2064 1039.94 18.98061 63.17957 1039.94 15.9796 56.70393 1039.94 14.13712 50 1039.94 13.51591 43.29607 1039.94 14.13712 36.82043 1039.94 15.9796 30.7936 1039.94 18.98061 25.42083 1039.94 23.03794 20.88507 1039.94 28.01343 17.34079 1039.94 33.73764 14.90867 1039.94 40.01565 13.67155 1039.94 46.63367 13.67155 1039.94 53.36632 14.90867 1039.94 59.98434 17.34079 1039.94 66.26236 20.88507 1039.94 71.98657 25.42083 1039.94 76.96207 30.7936 1039.94 81.0194 36.82043 1039.94 84.0204 56.94593 1020 89.39231 50 1020 90 43.05407 1020 89.39231 63.6808 1020 87.58771 70 1020 84.64102 75.7115 1020 80.64178 80.64178 1020 75.7115 84.64102 1020 70 87.58771 1020 63.6808 89.39231 1020 56.94593 90 1020 50 89.39231 1020 43.05407 87.58771 1020 36.31919 84.64102 1020 30 80.64178 1020 24.2885 75.7115 1020 19.35822 70 1020 15.35898 63.6808 1020 12.4123 56.94593 1020 10.60769 50 1020 10 43.05407 1020 10.60769 36.31919 1020 12.4123 30 1020 15.35898 24.2885 1020 19.35822 19.35822 1020 24.2885 15.35898 1020 30 12.4123 1020 36.31919 10.60769 1020 43.05407 10 1020 50 10.60769 1020 56.94593 12.4123 1020 63.6808 15.35898 1020 70 19.35822 1020 75.7115 24.2885 1020 80.64178 30 1020 84.64102 36.31919 1020 87.58771 57.82172 1020 99.38442 50 1020 100 42.17827 1020 99.38442 65.45085 1020 97.55283 72.69953 1020 94.55033 79.38926 1020 90.45085 85.35534 1020 85.35534 90.45085 1020 79.38926 94.55033 1020 72.69953 97.55283 1020 65.45085 99.38442 1020 57.82172 100 1020 50 99.38442 1020 42.17827 97.55283 1020 34.54915 94.55033 1020 27.30047 90.45085 1020 20.61074 85.35534 1020 14.64466 79.38926 1020 9.549151 72.69953 1020 5.449674 65.45085 1020 2.447174 57.82172 1020 0.615583 50 1020 0 42.17827 1020 0.615583 34.54915 1020 2.447174 27.30047 1020 5.449674 20.61074 1020 9.549151 14.64466 1020 14.64466 9.549151 1020 20.61074 5.449674 1020 27.30047 2.447174 1020 34.54915 0.615583 1020 42.17827 0 1020 50 0.615583 1020 57.82172 2.447174 1020 65.45085 5.449674 1020 72.69953 9.549151 1020 79.38926 14.64466 1020 85.35534 20.61074 1020 90.45085 27.30047 1020 94.55033 34.54915 1020 97.55283 75 1025 120 75 1075 120 25 1025 120 25 1075 120</float_array>
          <technique_common>
            <accessor source="#YukKutusu-mesh-positions-array" count="1800" stride="3">
              <param name="X" type="float"/>
              <param name="Y" type="float"/>
              <param name="Z" type="float"/>
            </accessor>
          </technique_common>
        </source>
        <source id="YukKutusu-mesh-normals">
          <float_array id="YukKutusu-mesh-normals-array" count="6504">1 0 0 0 1 0 0 0 -1 0 -1 0 0 0 1 -1 0 0 3.90703e-7 0 -1 -1.95352e-7 0 -1 0 -1 -1.9661e-6 0 -1 1.95883e-5 0 -1 -4.31516e-6 0 -1 6.63641e-6 0 -1 6.63645e-6 0 -1 -4.31515e-6 0 -1 -5.25305e-6 0 -1 1.95883e-5 0 -1 -2.47537e-7 0 1 -2.64039e-6 0 1 -4.91526e-7 0 1 8.51666e-7 0 1 -5.39394e-7 0 1 1.24433e-7 0 1 1.24433e-7 0 1 -5.39395e-7 0 1 -5.83673e-7 0 1 8.51665e-7 0 1 -1.52648e-6 1 1.51442e-6 0 0.9914451 0 -0.1305249 0.991445 0 -0.1305258 0.9238787 0 -0.3826857 0.793354 0 -0.6087607 0.6087627 0 -0.7933524 0.6087602 0 -0.7933543 0.3826833 0 -0.9238796 0.1305235 0 -0.9914453 0.1305307 0 -0.9914444 -0.1305298 0 -0.9914445 -0.1305243 0 -0.9914451 -0.3826833 0 -0.9238796 -0.6087586 0 -0.7933556 -0.6087642 0 -0.7933512 -0.793354 0 -0.6087607 -0.9238787 0 -0.3826857 -0.991445 0 -0.1305258 -0.9914449 0 -0.1305264 -0.9914449 0 0.1305264 -0.9238798 0 0.3826828 -0.9238792 0 0.3826843 -0.7933549 0 0.6087595 -0.7933522 0 0.608763 -0.6087636 0 0.7933518 -0.6087607 0 0.7933539 -0.3826796 0 0.9238811 -0.3826859 0 0.9238786 -0.1305264 0 0.9914449 0.1305264 0 0.9914449 0.3826859 0 0.9238786 0.3826796 0 0.9238811 0.6087589 0 0.7933554 0.6087654 0 0.7933503 0.7933522 0 0.608763 0.7933549 0 0.6087595 0.9238798 0 0.3826828 0.9238792 0 0.3826843 0.9914449 0 0.1305264 0.9914449 0 -0.1305264 -0.9914451 0 -0.1305249 -0.1305192 0 0.9914458 -0.1305338 0 0.9914439 0.1305337 0 0.9914439 0.1305193 0 0.9914458 0.3826865 0 0.9238782 0.3826802 0 0.9238809 0.6087598 0 0.7933547 0.6087645 0 0.7933511 0.7933527 0 0.6087625 0.9238788 0 0.3826854 0.9914449 0 0.130526 0.9914449 0 0.1305262 0.9914449 0 -0.130526 0.991445 0 -0.1305254 0.9238789 0 -0.3826853 0.9238789 0 -0.3826849 0.7933536 0 -0.6087611 0.6087635 0 -0.7933518 0.6087594 0 -0.7933549 0.3826836 0 -0.9238796 0.3826839 0 -0.9238795 0.1305239 0 -0.9914453 0.1305301 0 -0.9914444 -0.1305302 0 -0.9914444 -0.1305238 0 -0.9914452 -0.3826836 0 -0.9238796 -0.3826839 0 -0.9238795 -0.6087594 0 -0.7933549 -0.6087635 0 -0.7933518 -0.7933536 0 -0.6087611 -0.9238789 0 -0.3826853 -0.9238789 0 -0.3826849 -0.991445 0 -0.1305254 -0.9914446 0 -0.1305282 -0.3826865 0 0.9238782 -0.3826802 0 0.9238809 -0.6087598 0 0.7933547 -0.6087645 0 0.7933511 -0.7933554 0 0.6087589 -0.9238788 0 0.3826854 -0.9914449 0 0.1305262 -0.9914449 0 0.130526 -0.9914449 0 -0.130526 0.9914446 0 -0.1305282 0 1 -1.57412e-6 0 1 8.64845e-7 0 1 -7.8998e-7 0 1 8.6225e-7 0 1 -7.89979e-7 0 1 8.62897e-7 0 1 -1.72969e-6 0 1 3.93529e-7 0 1 1.73622e-6 0 1 -1.56832e-6 0 1 3.49088e-6 0 1 -1.75574e-6 0 1 1.75574e-6 0 1 -3.49088e-6 0 1 1.56832e-6 0 1 -3.93529e-7 0 1 1.72969e-6 0 1 7.89979e-7 0 1 7.89979e-7 0 1 1.57412e-6 0.0858398 0.1730071 -0.9811729 -0.0858398 0.1730071 -0.9811729 -0.0908516 0.1746436 -0.9804314 -0.2549815 0.1715341 -0.9516095 -0.2693867 0.1761558 -0.9467841 -0.4164482 0.170244 -0.8930778 -0.438664 0.1774649 -0.8809541 -0.5653122 0.1691376 -0.8073504 -0.5929473 0.1785727 -0.7851913 -0.6970314 0.1682131 -0.6970306 -0.7270088 0.1794787 -0.6627561 -0.8075829 0.1674752 -0.5654752 -0.8363016 0.1801827 -0.5178166 -0.8935924 0.166921 -0.4166895 -0.9171245 0.180686 -0.355296 -0.9524348 0.16655 -0.2552039 -0.9667397 0.180988 -0.1807148 -0.982312 0.1663653 -0.08594101 -0.9834668 0.1810886 0 -0.9823119 0.1663656 0.08594119 -0.9667397 0.180988 0.1807148 -0.9524348 0.16655 0.2552039 -0.9171247 0.1806854 0.3552957 -0.8935924 0.166921 0.4166895 -0.8363014 0.1801827 0.5178167 -0.8075829 0.1674748 0.5654752 -0.7270088 0.1794787 0.6627561 -0.6970308 0.1682133 0.6970312 -0.5929482 0.1785729 0.7851905 -0.5653125 0.1691375 0.8073502 -0.4386633 0.1774647 0.8809545 -0.416449 0.1702437 0.8930775 -0.2693838 0.1761558 0.9467849 -0.2549827 0.171534 0.9516091 -0.09085053 0.1746439 0.9804314 -0.08584129 0.1730072 0.9811727 0.08584129 0.1730071 0.9811727 0.09085053 0.1746437 0.9804315 0.2549827 0.1715342 0.9516091 0.2693838 0.1761558 0.9467849 0.416449 0.1702437 0.8930775 0.4386634 0.177465 0.8809544 0.5653123 0.1691371 0.8073504 0.5929482 0.1785724 0.7851906 0.6970309 0.1682141 0.6970309 0.7270088 0.1794784 0.6627562 0.8075827 0.1674751 0.5654752 0.8363017 0.1801827 0.5178164 0.8935926 0.1669209 0.4166889 0.9171247 0.1806855 0.3552957 0.9524346 0.1665511 0.2552039 0.9667397 0.1809875 0.1807155 0.9823118 0.1663662 0.08594095 0.9834669 0.1810879 0 0.9823119 0.1663659 -0.08594083 0.9667395 0.1809875 -0.1807157 0.9524346 0.1665511 -0.2552039 0.9171246 0.1806857 -0.355296 0.8935926 0.1669207 -0.4166889 0.8363017 0.1801825 -0.5178165 0.8075827 0.167475 -0.5654752 0.7270088 0.1794784 -0.6627562 0.6970316 0.1682137 -0.6970303 0.5929471 0.1785726 -0.7851915 0.565312 0.169137 -0.8073506 0.438664 0.1774649 -0.8809541 0.4164482 0.170244 -0.8930778 0.2693867 0.1761558 -0.9467841 0.2549815 0.1715341 -0.9516095 0.09085166 0.1746438 -0.9804313 0 1 4.57143e-7 0 1 -4.54322e-7 0 1 4.56782e-7 0 1 -1.40826e-6 0 1 4.57007e-7 0 1 -9.0998e-7 0 1 5.70079e-7 0 1 -5.70079e-7 0 1 9.0998e-7 0 1 -4.57007e-7 0 1 2.81653e-6 0 1 -4.56782e-7 0 1 4.54322e-7 0 1 -4.57143e-7 0 1 -4.57143e-7 0 1 -4.56782e-7 0 1 6.85511e-7 0 1 -1.41434e-6 0 1 1.81996e-6 0 1 -1.59622e-6 0 1 1.59622e-6 0 1 -1.81996e-6 0 1 -6.85512e-7 0 1 4.56782e-7 0 1 4.57143e-7 0.1285737 0.1722065 0.9766339 0.1285787 0.1722069 0.9766332 -0.1285765 0.1722065 0.9766336 -0.1285751 0.1722069 0.9766337 -0.3769697 0.1722067 0.9100763 -0.3769657 0.1722069 0.9100779 -0.5996674 0.1722065 0.7815011 -0.599667 0.1722065 0.7815014 -0.7815008 0.1722066 0.5996678 -0.7815021 0.172207 0.5996659 -0.9100776 0.1722072 0.376966 -0.9100772 0.1722064 0.3769675 -0.9766334 0.1722072 0.1285765 -0.9766336 0.1722064 0.1285765 -0.9766335 0.1722069 -0.1285769 -0.9766334 0.1722071 -0.1285763 -0.9100777 0.1722066 -0.3769662 -0.9100774 0.1722067 -0.3769671 -0.7815009 0.1722069 -0.5996677 -0.781502 0.1722068 -0.5996662 -0.5996674 0.1722065 -0.7815011 -0.599667 0.1722068 -0.7815014 -0.3769649 0.1722068 -0.9100783 -0.3769673 0.1722072 -0.9100771 -0.1285765 0.1722061 -0.9766336 -0.1285787 0.1722074 -0.9766331 0.1285765 0.1722065 -0.9766336 0.1285786 0.1722064 -0.9766333 0.3769648 0.1722071 -0.9100782 0.3769671 0.1722071 -0.9100772 0.5996674 0.1722068 -0.781501 0.5996671 0.1722063 -0.7815015 0.7815012 0.1722066 -0.5996674 0.781502 0.1722068 -0.5996662 0.910077 0.1722065 -0.3769679 0.9100774 0.1722065 -0.3769668 0.9766334 0.1722078 -0.1285753 0.9766336 0.1722066 -0.1285756 0.9766337 0.172207 0.1285749 0.9766334 0.1722073 0.1285759 0.910077 0.1722065 0.3769679 0.9100772 0.1722068 0.3769675 0.7815012 0.1722066 0.5996672 0.781502 0.1722068 0.5996662 0.5996676 0.1722058 0.7815012 0.599667 0.1722068 0.7815014 0.3769673 0.1722072 0.9100771 0.3769689 0.1722068 0.9100766 0 1 9.34047e-7 0 1 3.63295e-6 0 1 -7.26586e-6 0 1 9.34045e-7 0 1 -7.2658e-6 0 1 9.34046e-7 0 1 -1.86809e-6 0 1 1.45316e-5 0 1 -4.67023e-7 0 1 4.67023e-7 0 1 -1.45316e-5 0 1 1.86809e-6 0 1 -9.34046e-7 0 1 -9.34045e-7 0 1 7.26586e-6 0 1 -1.86809e-6 0 1 7.2658e-6 0 1 -9.34045e-7 0 1 1.86809e-6 0 1 4.67023e-7 0 1 -4.67023e-7 0 1 1.45316e-5 0 1 -1.86809e-6 0 1 9.34045e-7 0 1 -2.09942e-5 0 1 -1.62592e-6 0 1 1.51475e-5 0 1 -4.63795e-6 0 1 -2.41772e-5 0 1 1.28219e-5 0 1 5.25376e-5 0 -1 4.24506e-7 0 -1 1.45776e-6 0 -1 -3.25185e-6 0 -1 1.42008e-6 0 -1 -4.63795e-6 0 -1 3.02215e-6 0 -1 -1.69971e-6 0 -1 6.5672e-6 0 -1 2.33512e-7 0 -1 -4.5411e-7 0 -1 4.67023e-7 0 -1 -1.81646e-6 0 -1 2.27057e-7 0 -1 -5.67642e-7 0 -1 7.37934e-7 0 -1 -9.34046e-7 0 -1 9.34046e-7 0 -1 -7.37934e-7 0 -1 5.67642e-7 0 -1 -2.27057e-7 0 -1 -4.67023e-7 0 -1 1.81646e-6 0 -1 -2.33511e-7 0 -1 4.5411e-7 0 -1 0 0 -1 -4.54119e-7 0 -1 4.54108e-7 0 -1 -4.67024e-7 0 -1 1.81646e-6 0 -1 5.67644e-7 0 -1 -7.37933e-7 0 -1 9.34046e-7 0 -1 -9.34046e-7 0 -1 7.37933e-7 0 -1 -5.67644e-7 0 -1 4.67023e-7 0 -1 -1.81646e-6 0 -1 2.33512e-7 0 -1 -4.54108e-7 0 -1 0 0.1285752 -0.1722068 0.9766337 0.1285764 -0.1722065 0.9766336 -0.1285787 -0.1722067 0.9766333 -0.1285736 -0.1722066 0.9766339 -0.3769689 -0.1722071 0.9100764 -0.3769673 -0.1722065 0.9100773 -0.5996672 -0.1722068 0.7815012 -0.5996673 -0.1722061 0.7815012 -0.781502 -0.1722068 0.5996662 -0.7815007 -0.1722065 0.599668 -0.9100772 -0.1722072 0.3769674 -0.9100776 -0.1722066 0.3769665 -0.9766336 -0.1722069 0.1285761 -0.9766335 -0.1722066 0.1285766 -0.9766336 -0.1722064 -0.1285759 -0.9766333 -0.1722075 -0.128577 -0.9100779 -0.1722058 -0.3769663 -0.9100776 -0.1722069 -0.3769664 -0.781502 -0.1722069 -0.5996662 -0.7815007 -0.1722065 -0.599668 -0.5996673 -0.1722066 -0.7815012 -0.5996673 -0.1722066 -0.7815012 -0.3769675 -0.172207 -0.9100772 -0.3769647 -0.172207 -0.9100782 -0.1285787 -0.1722063 -0.9766333 -0.1285764 -0.1722069 -0.9766336 0.1285787 -0.1722067 -0.9766333 0.1285765 -0.1722062 -0.9766337 0.3769674 -0.1722072 -0.9100771 0.3769648 -0.1722072 -0.9100782 0.5996672 -0.1722064 -0.7815012 0.5996673 -0.1722064 -0.7815012 0.781502 -0.1722064 -0.5996663 0.7815011 -0.1722066 -0.5996674 0.9100776 -0.1722061 -0.3769668 0.9100773 -0.1722063 -0.3769675 0.9766334 -0.1722077 -0.1285763 0.9766336 -0.172207 -0.1285749 0.9766336 -0.1722066 0.1285759 0.9766337 -0.1722072 0.1285751 0.9100772 -0.1722072 0.3769673 0.910077 -0.1722065 0.376968 0.781502 -0.1722069 0.5996662 0.781501 -0.1722066 0.5996676 0.5996673 -0.1722064 0.7815012 0.5996673 -0.1722064 0.7815012 0.3769659 -0.1722073 0.9100777 0.3769696 -0.1722066 0.9100763 0 -1 3.52216e-7 0 -1 1.76033e-7 0 -1 3.53584e-7 0 -1 0 0 -1 0 0 -1 -3.53585e-7 0 -1 -1.76033e-7 0 -1 -3.52216e-7 0 -1 -3.52217e-7 0 -1 5.28097e-7 0 -1 -9.14015e-7 0 -1 -3.53585e-7 0 -1 9.12126e-7 0 -1 0 0 -1 0 0 -1 -9.12126e-7 0 -1 9.0998e-7 0 -1 3.53585e-7 0 -1 -5.28097e-7 0 -1 -2.28234e-7 0 -1 3.52217e-7 -0.0908516 -0.1746439 -0.9804313 -0.0858398 -0.1730071 -0.9811729 0.0858398 -0.1730071 -0.9811729 -0.2549815 -0.1715341 -0.9516095 -0.2693867 -0.1761558 -0.9467841 -0.4164482 -0.1702441 -0.8930778 -0.438664 -0.1774649 -0.8809541 -0.5653121 -0.1691373 -0.8073505 -0.5929473 -0.1785727 -0.7851913 -0.6970316 -0.1682133 -0.6970304 -0.7270087 -0.1794787 -0.6627563 -0.8075827 -0.167475 -0.5654752 -0.8363016 -0.1801823 -0.5178166 -0.8935924 -0.1669212 -0.4166895 -0.9171246 -0.1806856 -0.3552959 -0.9524348 -0.16655 -0.2552039 -0.9667395 -0.1809884 -0.180715 -0.982312 -0.1663653 -0.08594083 -0.9834668 -0.1810886 0 -0.9823119 -0.1663656 0.08594095 -0.9667395 -0.1809884 0.180715 -0.9524348 -0.16655 0.2552039 -0.9171248 -0.1806854 0.3552956 -0.8935923 -0.1669214 0.4166894 -0.8363016 -0.1801827 0.5178166 -0.8075829 -0.1674748 0.5654752 -0.7270087 -0.1794787 0.6627563 -0.697031 -0.1682133 0.6970309 -0.5929483 -0.1785729 0.7851904 -0.5653125 -0.1691373 0.8073503 -0.4386633 -0.1774647 0.8809545 -0.416449 -0.1702437 0.8930776 -0.2693839 -0.1761558 0.9467849 -0.2549827 -0.171534 0.9516092 -0.09085053 -0.1746438 0.9804314 -0.08584129 -0.1730073 0.9811727 0.08584129 -0.173007 0.9811727 0.09085053 -0.1746437 0.9804314 0.2549827 -0.1715342 0.9516091 0.2693839 -0.1761558 0.9467849 0.416449 -0.1702437 0.8930775 0.4386634 -0.177465 0.8809543 0.5653123 -0.1691371 0.8073504 0.5929481 -0.1785724 0.7851907 0.697031 -0.1682141 0.6970308 0.7270087 -0.1794784 0.6627563 0.8075827 -0.1674751 0.5654752 0.8363017 -0.1801826 0.5178163 0.8935926 -0.1669209 0.4166889 0.9171247 -0.1806855 0.3552957 0.9524346 -0.1665511 0.255204 0.9667397 -0.1809875 0.1807153 0.9823118 -0.1663662 0.08594107 0.9834669 -0.1810879 0 0.9823119 -0.1663659 -0.08594089 0.9667397 -0.1809875 -0.1807153 0.9524346 -0.1665511 -0.255204 0.9171245 -0.1806858 -0.355296 0.8935927 -0.1669207 -0.4166889 0.8363018 -0.1801825 -0.5178163 0.8075829 -0.167475 -0.5654753 0.7270087 -0.1794784 -0.6627563 0.6970317 -0.1682137 -0.6970301 0.592947 -0.1785726 -0.7851915 0.5653121 -0.169137 -0.8073506 0.4386641 -0.1774649 -0.880954 0.4164482 -0.170244 -0.8930779 0.2693867 -0.1761558 -0.9467841 0.2549815 -0.1715342 -0.9516095 0.0908516 -0.1746438 -0.9804313 0 -1 3.93529e-7 0 -1 -2.16211e-7 0 -1 3.94501e-7 0 -1 -2.15563e-7 0 -1 -2.15724e-7 0 -1 3.24317e-7 0 -1 -2.17027e-7 0 -1 3.9208e-7 0 -1 -7.63631e-7 0 -1 3.90164e-7 0 -1 -3.90164e-7 0 -1 7.63631e-7 0 -1 -3.9208e-7 0 -1 2.17027e-7 0 -1 -3.24317e-7 0 -1 2.15724e-7 0 -1 -1.97495e-7 0 -1 2.15562e-7 0 -1 -1.97495e-7 0 -1 -1.97251e-7 0 -1 2.16211e-7 0 -1 -3.93529e-7 0.07845818 0 0.9969174 0.07846027 0 0.9969173 -0.07846027 0 0.9969173 -0.07845818 0 0.9969174 -0.2334454 0 0.9723699 -0.2334454 0 0.97237 -0.3826825 0 0.92388 -0.3826843 0 0.9238793 -0.5224988 0 0.85264 -0.5224974 0 0.8526409 -0.6494491 0 0.7604051 -0.6494479 0 0.7604062 -0.7604063 0 0.6494478 -0.7604063 0 0.6494478 -0.8526405 0 0.5224981 -0.8526394 0 0.5224999 -0.9238797 0 0.3826832 -0.9238796 0 0.3826835 -0.9723699 0 0.2334454 -0.97237 0 0.2334453 -0.9969174 0 0.07845902 -0.9969174 0 0.07845908 -0.9969174 0 -0.07845908 -0.9969174 0 -0.07845902 -0.9723699 0 -0.2334454 -0.97237 0 -0.2334453 -0.9238796 0 -0.3826836 -0.9238796 0 -0.3826833 -0.8526402 0 -0.5224986 -0.8526403 0 -0.5224986 -0.7604058 0 -0.6494483 -0.760406 0 -0.649448 -0.6494482 0 -0.7604059 -0.649448 0 -0.760406 -0.5224986 0 -0.8526402 -0.5224987 0 -0.8526401 -0.3826835 0 -0.9238796 -0.3826835 0 -0.9238796 -0.2334454 0 -0.97237 -0.2334453 0 -0.97237 -0.07845908 0 -0.9969174 -0.07845908 0 -0.9969174 0.07845908 0 -0.9969174 0.07845908 0 -0.9969174 0.2334454 0 -0.9723699 0.2334453 0 -0.97237 0.3826836 0 -0.9238796 0.5224988 0 -0.85264 0.5224987 0 -0.8526401 0.6494478 0 -0.7604063 0.6494479 0 -0.7604061 0.760406 0 -0.6494482 0.7604057 0 -0.6494485 0.8526405 0 -0.5224981 0.9238795 0 -0.3826836 0.9238795 0 -0.3826839 0.97237 0 -0.2334451 0.9969174 0 -0.07845932 0.9969174 0 -0.07845938 0.9969174 0 0.07845938 0.9969174 0 0.07845932 0.97237 0 0.2334451 0.9238795 0 0.3826839 0.9238796 0 0.3826835 0.8526396 0 0.5224995 0.8526408 0 0.5224977 0.7604061 0 0.6494479 0.6494476 0 0.7604063 0.6494489 0 0.7604054 0.5224975 0 0.8526409 0.5224989 0 0.85264 0.3826843 0 0.9238792 0.3826826 0 0.9238799 0.2334454 0 0.9723699 0.2334454 0 0.97237 3.90703e-7 0 -1 -1.95352e-7 0 -1 0 -1 3.57472e-7 0 -1 4.68423e-6 0 -1 -1.23282e-6 0 -1 1.99109e-6 0 -1 1.99094e-6 0 -1 -1.23305e-6 0 -1 4.08565e-6 0 -1 5.77588e-6 0 1 4.91524e-7 0 1 -1.91628e-6 0 1 -4.97735e-7 0 1 -4.97772e-7 0 1 -1.45916e-7 0 1 4.74447e-7 1 -1.21154e-5 0 0.991446 0 -0.1305183 0.9914454 0 -0.1305218 0.9238958 0 -0.3826441 0.7933353 0 -0.6087852 0.7933337 0 -0.6087872 0.60878 0 -0.7933392 0.6087759 0 -0.7933424 0.3826742 0 -0.9238834 0.1305251 0 -0.9914451 0.1305315 0 -0.9914442 -0.1305315 0 -0.9914442 -0.1305251 0 -0.9914451 -0.3826742 0 -0.9238834 -0.6087759 0 -0.7933424 -0.60878 0 -0.7933392 -0.7933353 0 -0.6087852 -0.7933337 0 -0.6087872 -0.9238958 0 -0.3826441 -0.9914454 0 -0.1305218 -0.9914455 0 -0.1305219 -0.9914455 0 0.1305219 -0.9238962 0 0.3826434 -0.9238968 0 0.3826418 -0.7933353 0 0.608785 -0.7933325 0 0.6087886 -0.6087796 0 0.7933395 -0.6087768 0 0.7933416 -0.3826718 0 0.9238845 -0.3826755 0 0.9238829 -0.1305274 0 0.9914447 0.1305274 0 0.9914447 0.3826781 0 0.9238818 0.3826692 0 0.9238855 0.608775 0 0.7933431 0.6087814 0 0.7933381 0.7933325 0 0.6087886 0.7933353 0 0.608785 0.9238962 0 0.3826434 0.9238968 0 0.3826418 0.9914455 0 0.1305219 0.9914455 0 -0.1305219 -0.991446 0 -0.1305183 -0.1305204 0 0.9914456 -0.1305349 0 0.9914438 0.1305349 0 0.9914438 0.1305204 0 0.9914456 0.3826774 0 0.9238821 0.3826711 0 0.9238847 0.6087768 0 0.7933416 0.6087818 0 0.7933377 0.7933335 0 0.6087874 0.7933363 0 0.6087839 0.9238958 0 0.3826444 0.9914456 0 0.1305217 0.9914456 0 -0.1305217 0.9914456 0 -0.1305212 0.9238958 0 -0.3826445 0.7933345 0 -0.6087862 0.7933349 0 -0.6087857 0.6087803 0 -0.793339 0.6087766 0 -0.7933418 0.3826748 0 -0.9238833 0.1305249 0 -0.9914451 0.1305313 0 -0.9914443 -0.1305313 0 -0.9914443 -0.1305249 0 -0.9914451 -0.3826748 0 -0.9238833 -0.6087762 0 -0.793342 -0.6087808 0 -0.7933387 -0.7933345 0 -0.6087862 -0.7933349 0 -0.6087857 -0.9238958 0 -0.3826445 -0.9914456 0 -0.1305212 -0.9914455 0 -0.1305216 -0.3826774 0 0.9238821 -0.3826711 0 0.9238847 -0.6087772 0 0.7933413 -0.6087814 0 0.7933381 -0.7933335 0 0.6087874 -0.7933363 0 0.6087839 -0.9238958 0 0.3826444 -0.9914456 0 0.1305217 -0.9914456 0 -0.1305217 0.9914455 0 -0.1305216 0.08583986 0.1730046 -0.9811733 -0.08583986 0.1730063 -0.981173 -0.09085184 0.174645 -0.9804311 -0.254982 0.1715346 -0.9516092 -0.2693865 0.1761539 -0.9467844 -0.4164471 0.1702438 -0.8930784 -0.4386624 0.1774644 -0.880955 -0.5653132 0.1691353 -0.8073502 -0.5929494 0.1785715 -0.78519 -0.6970303 0.1682094 -0.6970325 -0.7270078 0.1794816 -0.6627564 -0.807585 0.1674735 -0.5654724 -0.8363003 0.1801807 -0.5178194 -0.8935913 0.1669208 -0.416692 -0.9171265 0.1806868 -0.3552903 -0.952434 0.1665507 -0.255207 -0.9667391 0.180991 -0.1807147 -0.9823117 0.1663687 -0.08593755 -0.9834664 0.1810913 0 -0.9823116 0.166369 0.08593767 -0.9667391 0.180991 0.1807147 -0.952434 0.1665507 0.255207 -0.9171261 0.1806901 0.3552899 -0.8935913 0.1669208 0.416692 -0.8363002 0.1801806 0.5178196 -0.807585 0.1674735 0.5654724 -0.7270087 0.1794764 0.6627569 -0.6970289 0.1682163 0.6970323 -0.5929507 0.1785705 0.7851892 -0.5653135 0.1691353 0.80735 -0.4386618 0.1774641 0.8809553 -0.4164478 0.1702437 0.8930781 -0.2693836 0.1761541 0.9467853 -0.2549833 0.1715345 0.951609 -0.09085071 0.174645 0.9804312 -0.08584135 0.1730067 0.9811728 0.08584135 0.1730058 0.981173 0.09085071 0.174645 0.9804312 0.2549833 0.1715345 0.951609 0.2693836 0.1761541 0.9467853 0.4164478 0.1702437 0.8930781 0.4386616 0.1774645 0.8809553 0.5653135 0.1691353 0.80735 0.5929505 0.1785714 0.7851891 0.6970297 0.1682096 0.6970332 0.7270088 0.1794747 0.6627572 0.807585 0.1674735 0.5654724 0.8363003 0.1801807 0.5178194 0.8935913 0.1669208 0.416692 0.9171267 0.1806867 0.35529 0.952434 0.1665507 0.255207 0.9667391 0.180991 0.1807147 0.9823116 0.166369 0.08593767 0.9834664 0.1810913 0 0.9823117 0.1663687 -0.08593755 0.9667391 0.180991 -0.1807147 0.952434 0.1665507 -0.255207 0.9171265 0.1806868 -0.3552905 0.8935923 0.1669141 -0.4166924 0.8362999 0.1801824 -0.5178194 0.807585 0.1674735 -0.5654724 0.7270087 0.1794764 -0.6627569 0.6970303 0.1682094 -0.6970325 0.5929495 0.1785707 -0.7851901 0.5653132 0.1691353 -0.8073502 0.4386625 0.1774635 -0.8809552 0.4164471 0.1702438 -0.8930784 0.2693864 0.1761556 -0.9467841 0.254982 0.1715346 -0.9516092 0.09085184 0.174645 -0.9804311 0 1 4.57148e-7 0 1 5.70081e-7 0 1 -5.70081e-7 0 1 -1.41736e-6 0 1 -4.5714e-7 0 1 -4.57149e-7 0 1 1.41739e-6 0.1285738 0.1722124 0.9766328 0.1285792 0.1722016 0.976634 -0.1285767 0.1722068 0.9766334 -0.1285755 0.1722087 0.9766333 -0.3769697 0.1722064 0.9100763 -0.3769661 0.1722155 0.9100762 -0.5996663 0.1722047 0.7815024 -0.5996646 0.172211 0.7815023 -0.7815033 0.1722014 0.5996661 -0.7815011 0.172208 0.599667 -0.9100766 0.1722093 0.3769677 -0.9100795 0.1722014 0.376964 -0.9766348 0.1722011 0.1285738 -0.9766333 0.1722007 0.1285865 -0.9766349 0.1722011 -0.1285731 -0.976633 0.172201 -0.1285876 -0.9100763 0.1722121 -0.3769672 -0.9100799 0.1722011 -0.3769634 -0.7815024 0.1722069 -0.5996655 -0.7815011 0.172208 -0.599667 -0.5996651 0.1722171 -0.7815006 -0.5996652 0.172204 -0.7815034 -0.3769649 0.1722068 -0.9100782 -0.3769685 0.1722014 -0.9100777 -0.1285766 0.1722123 -0.9766325 -0.128579 0.1722086 -0.9766328 0.1285767 0.1722068 -0.9766334 0.128579 0.1722086 -0.9766328 0.3769652 0.1722012 -0.9100791 0.3769678 0.1722118 -0.910076 0.5996657 0.1722102 -0.7815016 0.5996646 0.172211 -0.7815023 0.7815033 0.1722014 -0.5996661 0.7815011 0.172208 -0.599667 0.9100766 0.1722093 -0.3769677 0.9100799 0.1722011 -0.3769634 0.9766339 0.1722068 -0.1285739 0.9766333 0.1722007 -0.1285865 0.976635 0.1722009 0.128573 0.9766319 0.172208 0.1285874 0.9100772 0.1722065 0.3769676 0.9100795 0.1722014 0.376964 0.7815017 0.1722124 0.5996649 0.7815031 0.172194 0.5996685 0.5996656 0.1722116 0.7815013 0.5996659 0.172197 0.7815044 0.3769667 0.1722176 0.9100754 0.37697 0.1722013 0.9100771 0 1 9.34063e-7 0 1 3.63296e-6 0 1 -1.81627e-6 0 1 9.34056e-7 0 1 -9.34063e-7 0 1 -1.8681e-6 0 1 1.45315e-5 0 1 2.33509e-7 0 1 -2.33509e-7 0 1 -1.45315e-5 0 1 1.8681e-6 0 1 -9.34056e-7 0 1 -1.86813e-6 0 1 -9.3407e-7 0 1 9.34077e-7 0 1 1.86807e-6 0 1 -1.86807e-6 0 1 -9.34077e-7 0 1 9.3407e-7 0 1 -2.17349e-5 0 1 1.16624e-5 0 1 -5.69054e-6 0 1 -9.27575e-6 0 1 3.41915e-5 0 1 -2.71961e-5 0 1 -2.62688e-5 0 -1 -1.69804e-7 0 -1 -1.82224e-6 0 -1 4.73341e-7 0 -1 -7.55543e-7 0 -1 -2.33516e-7 0 -1 9.08186e-7 0 -1 4.54123e-7 0 -1 -2.27045e-6 0 -1 2.38411e-6 0 -1 1.02176e-6 0 -1 -9.34035e-7 0 -1 9.34035e-7 0 -1 -1.02176e-6 0 -1 -2.38411e-6 0 -1 2.27045e-6 0 -1 -4.67031e-7 0 -1 -4.54123e-7 0 -1 -9.08186e-7 0 -1 2.33516e-7 0 -1 9.08239e-7 0 -1 -9.08133e-7 0 -1 -4.54149e-7 0 -1 2.27018e-6 0 -1 -2.38425e-6 0 -1 2.38425e-6 0 -1 -2.27018e-6 0 -1 4.67031e-7 0 -1 4.54149e-7 0 -1 9.08133e-7 0.1285755 -0.1722087 0.9766333 0.1285766 -0.1722061 0.9766336 -0.1285792 -0.1722016 0.9766341 -0.1285737 -0.1722116 0.976633 -0.3769701 -0.1722013 0.9100771 -0.3769665 -0.1722176 0.9100756 -0.5996665 -0.1721935 0.7815048 -0.5996655 -0.1722116 0.7815015 -0.7815012 -0.172208 0.5996668 -0.781503 -0.1722014 0.5996663 -0.9100795 -0.1722014 0.3769641 -0.910077 -0.1722065 0.376968 -0.9766319 -0.172208 0.1285871 -0.9766349 -0.1722009 0.1285733 -0.9766331 -0.1722007 -0.1285871 -0.9766339 -0.1722068 -0.1285735 -0.9100797 -0.1722043 -0.3769626 -0.910077 -0.1722065 -0.376968 -0.7815011 -0.172208 -0.599667 -0.781503 -0.1722014 -0.5996663 -0.5996648 -0.1722093 -0.7815026 -0.5996655 -0.1722116 -0.7815015 -0.3769678 -0.1722118 -0.910076 -0.3769651 -0.1722012 -0.9100791 -0.128579 -0.1722086 -0.9766328 -0.1285765 -0.1722123 -0.9766325 0.1285792 -0.1722016 -0.9766341 0.1285765 -0.1722123 -0.9766325 0.3769686 -0.1722014 -0.9100777 0.3769646 -0.1722095 -0.9100778 0.5996642 -0.1722145 -0.7815018 0.5996655 -0.1722116 -0.7815015 0.7815022 -0.172201 -0.5996675 0.7815023 -0.1722069 -0.5996657 0.9100787 -0.1722081 -0.376963 0.9766318 -0.1722083 -0.1285873 0.9766349 -0.1722009 -0.1285733 0.9766331 -0.1722007 0.1285871 0.976634 -0.1722066 0.1285733 0.910079 -0.1722049 0.3769638 0.7815011 -0.172208 0.599667 0.781503 -0.1722014 0.5996663 0.5996648 -0.1722093 0.7815026 0.5996661 -0.1722061 0.7815023 0.3769661 -0.1722155 0.9100762 0.3769696 -0.1722064 0.9100763 0 -1 3.52218e-7 0 -1 7.08693e-7 0 -1 -5.28106e-7 0 -1 3.53585e-7 0 -1 0 0 -1 0 0 -1 5.28095e-7 0 -1 -7.08681e-7 0 -1 -3.52215e-7 0 -1 -3.52219e-7 0 -1 5.28104e-7 0 -1 -3.53581e-7 0 -1 3.53581e-7 0 -1 -5.28098e-7 0 -1 7.08697e-7 -0.09085178 -0.1746449 -0.9804311 -0.08583986 -0.1730063 -0.9811729 0.08583986 -0.1730063 -0.9811729 -0.254982 -0.1715346 -0.9516092 -0.2693864 -0.1761556 -0.9467841 -0.4164471 -0.1702446 -0.8930782 -0.4386623 -0.1774644 -0.8809551 -0.5653133 -0.1691362 -0.80735 -0.5929495 -0.1785716 -0.7851899 -0.6970303 -0.1682111 -0.6970322 -0.7270082 -0.1794781 -0.6627569 -0.8075849 -0.1674752 -0.5654723 -0.8362998 -0.1801841 -0.5178189 -0.8935912 -0.1669208 -0.4166922 -0.9171261 -0.1806904 -0.3552899 -0.9524334 -0.166554 -0.2552068 -0.9667384 -0.1809945 -0.1807148 -0.9823123 -0.1663654 -0.08593761 -0.9834664 -0.1810913 0 -0.9823122 -0.1663656 0.08593773 -0.9667384 -0.1809945 0.1807148 -0.9524334 -0.166554 0.2552068 -0.9171262 -0.1806902 0.3552895 -0.8935912 -0.1669208 0.4166922 -0.8363008 -0.1801772 0.5178195 -0.807585 -0.1674735 0.5654724 -0.7270082 -0.1794781 0.6627569 -0.6970294 -0.168213 0.6970326 -0.5929507 -0.1785714 0.785189 -0.5653136 -0.1691353 0.8073499 -0.4386616 -0.1774644 0.8809554 -0.4164479 -0.1702437 0.893078 -0.2693836 -0.1761541 0.9467853 -0.2549833 -0.1715345 0.951609 -0.09085071 -0.1746445 0.9804313 -0.08584135 -0.173008 0.9811726 0.08584141 -0.1730046 0.9811731 0.09085065 -0.1746462 0.980431 0.2549833 -0.1715345 0.951609 0.2693837 -0.1761523 0.9467856 0.4164478 -0.170245 0.8930778 0.4386616 -0.1774644 0.8809554 0.5653136 -0.1691361 0.8073498 0.5929507 -0.1785714 0.785189 0.6970296 -0.1682113 0.6970329 0.7270087 -0.1794747 0.6627573 0.8075849 -0.1674752 0.5654723 0.8362998 -0.1801841 0.5178189 0.8935914 -0.1669191 0.4166923 0.9171274 -0.1806833 0.35529 0.9524334 -0.166554 0.2552068 0.9667397 -0.1809875 0.180715 0.9823116 -0.166369 0.08593767 0.9834664 -0.1810913 0 0.9823117 -0.1663687 -0.08593755 0.9667397 -0.1809875 -0.180715 0.9524334 -0.166554 -0.2552068 0.9171261 -0.1806904 -0.3552899 0.8935917 -0.1669175 -0.4166924 0.8362998 -0.1801841 -0.5178189 0.8075846 -0.1674768 -0.5654721 0.7270087 -0.1794747 -0.6627573 0.6970301 -0.1682128 -0.697032 0.5929495 -0.1785716 -0.7851899 0.5653133 -0.1691353 -0.8073501 0.4386623 -0.1774644 -0.8809551 0.4164472 -0.1702438 -0.8930783 0.2693864 -0.1761556 -0.9467841 0.254982 -0.1715346 -0.9516092 0.09085178 -0.1746454 -0.9804311 0.0784583 0 0.9969175 0.07846033 0 0.9969173 -0.07846033 0 0.9969173 -0.0784583 0 0.9969175 -0.2334448 0 0.9723702 -0.3826832 0 0.9238796 -0.382685 0 0.9238789 -0.5224977 0 0.8526408 -0.5224962 0 0.8526417 -0.6494498 0 0.7604046 -0.6494486 0 0.7604056 -0.7604057 0 0.6494485 -0.8526399 0 0.5224991 -0.8526387 0 0.5225009 -0.9238823 0 0.3826768 -0.9238822 0 0.3826772 -0.9723696 0 0.2334469 -0.9969172 0 0.07846122 -0.9969173 0 0.07846134 -0.9969173 0 -0.07846134 -0.9969172 0 -0.07846122 -0.9723696 0 -0.2334469 -0.9238822 0 -0.3826772 -0.9238822 0 -0.382677 -0.8526396 0 -0.5224996 -0.7604052 0 -0.649449 -0.7604055 0 -0.6494488 -0.6494489 0 -0.7604053 -0.6494488 0 -0.7604054 -0.5224975 0 -0.8526409 -0.3826842 0 -0.9238792 -0.2334446 0 -0.9723702 -0.2334446 0 -0.9723702 -0.07845914 0 -0.9969174 0.07845914 0 -0.9969174 0.2334446 0 -0.9723702 0.2334446 0 -0.9723702 0.3826842 0 -0.9238792 0.5224975 0 -0.8526409 0.6494488 0 -0.7604054 0.6494489 0 -0.7604053 0.7604055 0 -0.6494488 0.7604052 0 -0.649449 0.8526396 0 -0.5224996 0.9238822 0 -0.382677 0.9238822 0 -0.3826772 0.9723696 0 -0.2334469 0.9969172 0 -0.07846122 0.9969173 0 -0.07846134 0.9969173 0 0.07846134 0.9969172 0 0.07846122 0.9723696 0 0.2334469 0.9238822 0 0.3826772 0.9238823 0 0.3826768 0.8526387 0 0.5225009 0.8526399 0 0.5224991 0.7604057 0 0.6494485 0.6494486 0 0.7604056 0.6494498 0 0.7604046 0.5224962 0 0.8526417 0.5224977 0 0.8526408 0.382685 0 0.9238789 0.3826832 0 0.9238796 0.2334448 0 0.9723702 0 -1 1.17251e-4 0 -1 -1.02201e-4 0 -1 5.91753e-5 0 -1 1.59287e-5 0 -1 1.59275e-5 0 -1 5.91864e-5 0 -1 -6.53705e-5 0 -1 1.83026e-4 0 -1 -3.63055e-5 0 1 -4.57564e-5 0 1 1.97589e-4 0 1 -2.98831e-4 0 1 1.72627e-5 0 1 -2.92005e-5 0 1 -2.92026e-5 0 1 1.72595e-5 0 1 -2.24127e-4 0 1 2.70641e-5 1 -1.21152e-5 0 0.9914437 0 -0.1305353 0.9914467 0 -0.1305124 0.9238952 0 -0.3826459 0.9238971 0 -0.3826413 0.7933508 0 -0.6087649 0.7933006 0 -0.6088302 0.608794 0 -0.7933284 0.6087608 0 -0.7933539 0.3826837 0 -0.9238795 0.3826581 0 -0.9238901 0.1305344 0 -0.9914439 0.1305273 0 -0.9914448 -0.1305407 0 -0.991443 -0.1305209 0 -0.9914456 -0.3826948 0 -0.9238749 -0.382647 0 -0.9238946 -0.6087858 0 -0.7933346 -0.6087689 0 -0.7933476 -0.7933508 0 -0.6087649 -0.7933006 0 -0.6088302 -0.9238971 0 -0.3826413 -0.9238952 0 -0.3826459 -0.9914467 0 -0.1305124 -0.9914442 0 -0.1305312 -0.9914462 0 0.1305167 -0.9914442 0 0.1305312 -0.9239097 0 0.3826108 -0.9238888 0 0.3826612 -0.7933537 0 0.608761 -0.7932994 0 0.6088318 -0.608786 0 0.7933346 -0.6087574 0 0.7933564 -0.3826801 0 0.9238809 -0.3826655 0 0.923887 -0.1305354 0 0.9914437 0.1305427 0 0.9914427 0.1305202 0 0.9914457 0.3826864 0 0.9238784 0.3826591 0 0.9238896 0.608786 0 0.7933346 0.6087574 0 0.7933564 0.7933564 0 0.6087574 0.7932967 0 0.6088353 0.9239097 0 0.3826108 0.9238888 0 0.3826612 0.9914462 0 0.1305167 0.9914442 0 0.1305312 0.9914442 0 -0.1305312 -0.9914437 0 -0.1305353 -0.1305347 0 0.9914438 0.1305347 0 0.9914438 0.3826844 0 0.9238792 0.3826509 0 0.923893 0.608776 0 0.7933421 0.6087853 0 0.7933351 0.7933389 0 0.6087804 0.7933416 0 0.6087768 0.9238964 0 0.3826429 0.9238952 0 0.3826455 0.9914451 0 0.1305245 0.991446 0 0.1305173 0.9914451 0 -0.1305245 0.9914461 0 -0.1305167 0.9238989 0 -0.3826367 0.9238916 0 -0.3826543 0.7933305 0 -0.6087913 0.7933353 0 -0.608785 0.6087981 0 -0.7933252 0.6087689 0 -0.7933476 0.3826764 0 -0.9238825 0.3826636 0 -0.9238877 0.1305276 0 -0.9914447 -0.1305341 0 -0.9914439 -0.3826819 0 -0.9238801 -0.3826581 0 -0.9238901 -0.608794 0 -0.7933284 -0.6087731 0 -0.7933444 -0.7933353 0 -0.608785 -0.7933305 0 -0.6087913 -0.9239009 0 -0.3826321 -0.9238897 0 -0.3826588 -0.9914461 0 -0.1305167 -0.9914407 0 -0.1305578 -0.3826635 0 0.9238878 -0.608776 0 0.7933421 -0.6087853 0 0.7933351 -0.7933389 0 0.6087804 -0.7933416 0 0.6087768 -0.9238964 0 0.3826429 -0.9238952 0 0.3826455 -0.991446 0 0.1305173 -0.9914451 0 0.1305245 -0.9914451 0 -0.1305245 0.9914407 0 -0.1305578 0 1 1.39638e-5 0 1 -1.38899e-5 0 1 -1.25927e-5 0 1 1.38378e-5 0 1 1.26397e-5 0 1 -1.3796e-5 0 1 -1.26239e-5 0 1 1.38376e-5 0 1 -1.25464e-5 0 1 1.25464e-5 0 1 1.26239e-5 0 1 -1.26397e-5 0 1 1.25929e-5 0 1 -1.39639e-5 0 1 1.38899e-5 0 1 1.25926e-5 0 1 -1.38378e-5 0 1 -1.26396e-5 0 1 1.3796e-5 0 1 -1.38376e-5 0 1 1.25466e-5 0 1 -1.25466e-5 0 1 1.26396e-5 0.08583986 0.1730045 -0.9811733 -0.0858398 0.1730062 -0.981173 -0.09085196 0.1746453 -0.980431 -0.2549827 0.1715351 -0.9516089 -0.2693843 0.1761536 -0.9467851 -0.4164487 0.1702445 -0.8930776 -0.4386599 0.1774641 -0.8809564 -0.5653129 0.1691352 -0.8073505 -0.5929491 0.178572 -0.7851902 -0.6970305 0.1682099 -0.6970322 -0.7270064 0.1794817 -0.6627579 -0.8075844 0.1674737 -0.5654732 -0.8363002 0.1801815 -0.5178191 -0.8935907 0.166921 -0.4166932 -0.9171283 0.1806872 -0.3552858 -0.9524343 0.1665514 -0.2552052 -0.9667382 0.1809912 -0.1807193 -0.9823115 0.1663693 -0.08593785 -0.9834663 0.1810916 0 -0.9823115 0.1663693 0.08593785 -0.9667388 0.1809915 0.180716 -0.9524345 0.1665511 0.2552047 -0.9171275 0.1806908 0.3552858 -0.8935905 0.1669211 0.4166935 -0.8363023 0.1801815 0.5178157 -0.8075842 0.1674739 0.5654737 -0.7270067 0.1794762 0.6627591 -0.6970291 0.1682167 0.6970321 -0.5929504 0.1785709 0.7851894 -0.5653126 0.1691352 0.8073507 -0.4386585 0.1774631 0.8809572 -0.4164487 0.1702445 0.8930776 -0.2693822 0.1761537 0.9467858 -0.2549834 0.1715351 0.9516088 -0.09085083 0.1746457 0.980431 -0.08584111 0.1730066 0.9811729 0.08584111 0.1730058 0.981173 0.09085065 0.1746453 0.9804311 0.2549834 0.1715351 0.9516088 0.2693822 0.1761537 0.9467858 0.4164487 0.1702445 0.8930776 0.4386599 0.1774641 0.8809564 0.5653126 0.1691352 0.8073507 0.5929503 0.1785718 0.7851893 0.6970299 0.16821 0.6970329 0.7270078 0.1794747 0.6627582 0.8075842 0.1674739 0.5654737 0.8363007 0.1801812 0.5178183 0.8935905 0.1669211 0.4166935 0.9171282 0.1806873 0.3552861 0.9524345 0.1665511 0.2552047 0.9667382 0.1809914 0.1807195 0.9823115 0.1663693 0.08593785 0.9834663 0.1810916 0 0.9823115 0.1663693 -0.08593785 0.9667388 0.1809913 -0.1807159 0.9524343 0.1665514 -0.2552052 0.9171283 0.1806872 -0.3552858 0.8935917 0.1669143 -0.4166936 0.8363015 0.1801835 -0.5178163 0.8075844 0.1674737 -0.5654732 0.7270063 0.1794763 -0.6627595 0.6970305 0.1682099 -0.6970322 0.5929492 0.1785711 -0.7851902 0.5653129 0.1691352 -0.8073505 0.4386585 0.1774626 -0.8809573 0.4164487 0.1702445 -0.8930776 0.2693842 0.1761553 -0.9467848 0.2549827 0.1715351 -0.9516089 0.0908522 0.1746456 -0.9804309 0 1 7.26926e-6 0 1 -7.30845e-6 0 1 2.25327e-5 0 1 -1.82802e-5 0 1 4.52591e-5 0 1 5.47277e-6 0 1 -5.47277e-6 0 1 -4.52586e-5 0 1 1.82802e-5 0 1 7.30855e-6 0 1 -7.26932e-6 0 1 -7.26921e-6 0 1 7.30853e-6 0 1 -2.25322e-5 0 1 -4.52581e-5 0 1 4.52581e-5 0 1 -1.82803e-5 0 1 -7.30847e-6 0 1 7.26916e-6 0.1285741 0.1722128 0.9766327 0.1285789 0.1722012 0.9766342 -0.1285763 0.1722063 0.9766336 -0.1285761 0.1722095 0.9766331 -0.3769717 0.1722072 0.9100754 -0.3769642 0.1722146 0.9100771 -0.5996719 0.1722064 0.7814977 -0.5996596 0.1722095 0.7815065 -0.7815085 0.1722032 0.5996588 -0.781498 0.1722072 0.5996713 -0.9100788 0.1722097 0.3769623 -0.9100768 0.1722002 0.3769713 -0.9766354 0.1722017 0.1285686 -0.9766324 0.1722005 0.1285928 -0.9766348 0.1722011 -0.1285738 -0.9766333 0.172201 -0.1285859 -0.9100764 0.1722121 -0.376967 -0.910079 0.1722009 -0.3769657 -0.7815051 0.1722075 -0.5996618 -0.7814973 0.1722075 -0.5996721 -0.5996666 0.1722176 -0.7814992 -0.5996637 0.1722036 -0.7815046 -0.3769649 0.1722067 -0.9100783 -0.3769666 0.1722005 -0.9100787 -0.1285769 0.1722128 -0.9766324 -0.1285769 0.1722082 -0.9766332 0.1285763 0.1722063 -0.9766336 0.1285778 0.1722094 -0.9766328 0.3769671 0.1722021 -0.9100782 0.3769659 0.172211 -0.910077 0.5996714 0.1722118 -0.781497 0.5996596 0.1722095 -0.7815065 0.7815096 0.1722028 -0.5996575 0.7814973 0.1722075 -0.5996721 0.9100788 0.1722097 -0.3769623 0.9100765 0.1722005 -0.3769719 0.9766345 0.1722069 -0.1285683 0.9766324 0.1722005 -0.1285928 0.976635 0.1722009 0.1285737 0.9766318 0.1722086 0.1285862 0.9100773 0.1722065 0.3769673 0.9100793 0.1722007 0.3769651 0.7815043 0.172213 0.5996613 0.7814985 0.1721938 0.5996745 0.5996672 0.1722121 0.7815001 0.5996644 0.1721966 0.7815056 0.3769665 0.1722176 0.9100755 0.3769682 0.1722005 0.9100781 0 1 7.4725e-6 0 1 2.90636e-5 0 1 1.45301e-5 0 1 2.9063e-5 0 1 -1.49443e-5 0 1 -1.49449e-5 0 1 -1.4945e-5 0 1 2.32504e-4 0 1 -1.49448e-5 0 1 1.49448e-5 0 1 -2.32504e-4 0 1 1.4945e-5 0 1 1.49449e-5 0 1 1.49443e-5 0 1 -2.90596e-5 0 1 1.49451e-5 0 1 1.49452e-5 0 1 -2.32531e-4 0 1 1.49446e-5 0 1 -1.49446e-5 0 1 2.32518e-4 0 1 -1.49452e-5 0 1 -1.49451e-5 0 1 -1.17063e-4 0 1 2.42351e-4 0 1 -1.11309e-4 0 1 -2.05149e-4 0 1 4.35137e-4 0 1 -2.1015e-4 0 -1 -1.67951e-4 0 -1 7.06384e-5 0 -1 -1.16624e-5 0 -1 3.02938e-5 0 -1 4.83547e-5 0 -1 -2.73532e-4 0 -1 3.26353e-4 0 -1 -1.4945e-5 0 -1 2.9062e-5 0 -1 2.90639e-5 0 -1 1.45309e-5 0 -1 5.81269e-5 0 -1 6.90256e-5 0 -1 5.97782e-5 0 -1 -6.90256e-5 0 -1 -5.81269e-5 0 -1 -1.45309e-5 0 -1 2.989e-5 0 -1 -2.90639e-5 0 -1 -2.9062e-5 0 -1 1.12088e-5 0 -1 4.35955e-5 0 -1 -2.90603e-5 0 -1 -2.90655e-5 0 -1 -1.45292e-5 0 -1 -5.81302e-5 0 -1 -5.97782e-5 0 -1 5.81302e-5 0 -1 1.45292e-5 0 -1 -2.989e-5 0 -1 2.90655e-5 0 -1 2.90603e-5 0 -1 -1.12088e-5 0.1285725 -0.1722095 0.9766335 0.1285763 -0.1722056 0.9766337 -0.1285753 -0.1722012 0.9766346 -0.1285734 -0.1722112 0.9766331 -0.3769707 -0.1722016 0.9100769 -0.3769685 -0.1722185 0.9100745 -0.5996619 -0.1721943 0.7815081 -0.5996659 -0.1722117 0.7815011 -0.7815012 -0.1722087 0.5996667 -0.7815058 -0.1722026 0.5996624 -0.9100799 -0.1722015 0.3769633 -0.9100768 -0.172207 0.3769683 -0.9766318 -0.1722092 0.1285867 -0.9766346 -0.1722013 0.1285755 -0.9766332 -0.1722013 -0.1285862 -0.9766336 -0.1722073 -0.1285756 -0.9100778 -0.172205 -0.3769667 -0.9100787 -0.1722074 -0.3769634 -0.7815034 -0.1722092 -0.5996637 -0.7815032 -0.1722021 -0.5996661 -0.5996586 -0.172208 -0.7815076 -0.5996676 -0.1722126 -0.7814996 -0.3769668 -0.1722123 -0.9100763 -0.376962 -0.1722004 -0.9100806 -0.1285796 -0.1722093 -0.9766326 -0.1285762 -0.1722118 -0.9766326 0.1285789 -0.1722012 -0.9766342 0.1285762 -0.1722118 -0.9766326 0.3769676 -0.1722018 -0.9100781 0.3769654 -0.1722105 -0.9100773 0.5996631 -0.1722147 -0.7815026 0.599665 -0.1722118 -0.7815019 0.7815023 -0.1722018 -0.5996674 0.781505 -0.1722081 -0.5996618 0.9100784 -0.1722087 -0.3769634 0.9100768 -0.172207 -0.3769683 0.9766318 -0.1722086 -0.1285862 0.9766345 -0.1722015 -0.1285756 0.9766332 -0.1722013 0.1285862 0.9766335 -0.1722075 0.1285759 0.9100781 -0.1722047 0.3769661 0.9100787 -0.1722074 0.3769634 0.7815034 -0.1722092 0.5996637 0.7815032 -0.1722021 0.5996661 0.5996598 -0.1722078 0.7815068 0.5996655 -0.1722075 0.7815023 0.3769698 -0.1722155 0.9100746 0.3769654 -0.1722056 0.9100782 0 -1 1.46069e-5 0 -1 -2.26782e-5 0 -1 2.92338e-5 0 -1 -5.65736e-6 0 -1 -7.05036e-6 0 -1 7.05036e-6 0 -1 5.65736e-6 0 -1 1.46242e-5 0 -1 -1.46171e-5 0 -1 2.26778e-5 0 -1 -7.30343e-6 0 -1 3.65711e-6 0 -1 1.1295e-5 0 -1 -1.46066e-5 0 -1 -2.92342e-5 0 -1 5.65729e-6 0 -1 -5.65729e-6 0 -1 -1.46244e-5 0 -1 1.46169e-5 0 -1 -2.26783e-5 0 -1 7.30343e-6 0 -1 -3.65716e-6 0 -1 -1.12948e-5 -0.0908522 -0.1746456 -0.9804309 -0.0858398 -0.1730062 -0.981173 0.0858398 -0.1730062 -0.981173 -0.2549827 -0.1715351 -0.9516089 -0.269386 -0.1761565 -0.9467841 -0.4164486 -0.1702453 -0.8930774 -0.4386612 -0.1774647 -0.8809556 -0.5653128 -0.169136 -0.8073503 -0.5929524 -0.178573 -0.7851874 -0.6970303 -0.1682115 -0.697032 -0.7270061 -0.1794781 -0.6627593 -0.8075842 -0.1674754 -0.5654731 -0.8362981 -0.1801846 -0.5178214 -0.8935907 -0.166921 -0.4166932 -0.9171276 -0.1806907 -0.3552855 -0.9524337 -0.1665547 -0.255205 -0.9667379 -0.1809947 -0.1807175 -0.9823121 -0.1663659 -0.08593791 -0.9834663 -0.1810916 0 -0.9823121 -0.1663659 0.08593791 -0.9667379 -0.1809949 0.1807177 -0.9524339 -0.1665545 0.2552046 -0.9171275 -0.1806908 0.3552858 -0.8935905 -0.1669211 0.4166935 -0.8362998 -0.1801774 0.5178213 -0.807585 -0.167474 0.5654725 -0.7270065 -0.1794779 0.6627589 -0.6970295 -0.1682134 0.6970325 -0.5929536 -0.1785728 0.7851864 -0.5653141 -0.1691357 0.8073495 -0.4386612 -0.1774647 0.8809556 -0.4164487 -0.1702445 0.8930776 -0.269384 -0.1761549 0.946785 -0.254983 -0.1715348 0.9516089 -0.09085088 -0.1746453 0.9804312 -0.08584105 -0.1730079 0.9811726 0.08584111 -0.1730045 0.9811731 0.09085083 -0.174647 0.9804309 0.2549834 -0.1715351 0.9516088 0.2693841 -0.1761532 0.9467853 0.4164485 -0.1702457 0.8930773 0.4386612 -0.1774647 0.8809556 0.5653125 -0.1691361 0.8073505 0.5929536 -0.1785728 0.7851864 0.6970297 -0.1682117 0.6970327 0.727007 -0.1794745 0.6627593 0.8075839 -0.1674755 0.5654734 0.8362987 -0.1801843 0.5178206 0.8935908 -0.1669195 0.4166936 0.9171288 -0.1806839 0.3552863 0.9524339 -0.1665545 0.2552046 0.9667391 -0.180988 0.1807179 0.9823115 -0.1663693 0.08593785 0.9834663 -0.1810916 0 0.9823115 -0.1663693 -0.08593785 0.9667392 -0.1809878 -0.1807177 0.9524337 -0.1665547 -0.255205 0.9171276 -0.1806907 -0.3552855 0.8935912 -0.1669176 -0.4166934 0.8362981 -0.1801846 -0.5178214 0.8075848 -0.1674773 -0.5654717 0.7270065 -0.1794746 -0.6627597 0.6970301 -0.1682132 -0.6970319 0.5929524 -0.178573 -0.7851874 0.5653144 -0.1691356 -0.8073492 0.4386612 -0.1774647 -0.8809556 0.4164487 -0.1702445 -0.8930776 0.269386 -0.1761565 -0.9467841 0.2549824 -0.1715349 -0.951609 0.0908522 -0.1746461 -0.9804309 0 -1 -1.38377e-5 0 -1 1.37961e-5 0 -1 -6.90322e-6 0 -1 2.52477e-5 0 -1 -6.91879e-6 0 -1 -6.94493e-6 0 -1 2.5093e-5 0 -1 -2.79271e-5 0 -1 2.79271e-5 0 -1 -2.50928e-5 0 -1 6.94493e-6 0 -1 6.91879e-6 0 -1 -1.26239e-5 0 -1 6.90312e-6 0 -1 -1.37962e-5 0 -1 6.31983e-6 0 -1 6.31194e-6 0 -1 1.38377e-5 0 -1 -6.29644e-6 0 -1 6.27329e-6 0 -1 1.39636e-5 0 -1 1.3964e-5 0 -1 1.38378e-5 0 -1 -1.37961e-5 0 -1 6.90322e-6 0 -1 -2.52477e-5 0 -1 -2.50931e-5 0 -1 2.50932e-5 0 -1 1.26239e-5 0 -1 -6.31983e-6 0 -1 -6.31194e-6 0 -1 6.29636e-6 0 -1 -6.27321e-6 0 -1 -1.39637e-5 0.0784583 0 0.9969175 0.07846039 0 0.9969173 -0.07846039 0 0.9969173 -0.0784583 0 0.9969175 -0.3826836 0 0.9238795 -0.3826846 0 0.923879 -0.5224984 0 0.8526404 -0.5224959 0 0.8526419 -0.7604064 0 0.6494476 -0.7604054 0 0.6494488 -0.8526394 0 0.5224999 -0.8526392 0 0.5225002 -0.8526391 0 -0.5225003 -0.85264 0 -0.5224988 -0.7604059 0 -0.6494481 -0.7604053 0 -0.6494491 -0.5224981 0 -0.8526405 -0.5224972 0 -0.8526411 -0.3826846 0 -0.9238791 -0.3826839 0 -0.9238795 -0.0784592 0 -0.9969174 0.0784592 0 -0.9969174 0.3826846 0 -0.9238791 0.3826839 0 -0.9238795 0.5224981 0 -0.8526405 0.5224972 0 -0.8526411 0.7604063 0 -0.6494479 0.760405 0 -0.6494493 0.8526391 0 -0.5225003 0.85264 0 -0.5224988 0.8526383 0 0.5225017 0.8526404 0 0.5224984 0.7604064 0 0.6494476 0.7604054 0 0.6494488 0.5224969 0 0.8526413 0.5224974 0 0.8526409 0.3826854 0 0.9238788 0.3826829 0 0.9238799 0 -1 1.68985e-4 0 -1 -1.11532e-4 0 -1 1.2264e-4 0 -1 -4.43845e-5 0 -1 7.96369e-5 0 -1 7.96374e-5 0 -1 -4.43844e-5 0 -1 -3.73551e-5 0 -1 1.2264e-4 0 -1 -1.83026e-4 0 -1 1.13537e-4 0 1 1.14391e-4 0 1 -2.98841e-4 0 1 2.4658e-5 0 1 -3.1855e-5 0 1 -3.18548e-5 0 1 2.46581e-5 0 1 -2.52147e-4 0 1 1.83026e-4 0 1 2.50837e-5 1 1.51439e-6 0 0.9914458 0 -0.1305187 0.923886 0 -0.3826681 0.9238696 0 -0.3827078 0.7933757 0 -0.6087322 0.7933257 0 -0.6087976 0.6087357 0 -0.7933731 -0.3826653 0 -0.923887 -0.6087439 0 -0.7933668 -0.7933757 0 -0.6087322 -0.7933257 0 -0.6087976 -0.9238878 0 -0.3826634 -0.9238676 0 -0.3827123 -0.9914458 0 -0.1305187 -0.9914453 0 0.130524 -0.923868 0 0.3827115 -0.7933822 0 0.6087239 -0.7933279 0 0.6087946 -0.608729 0 0.7933783 -0.3827009 0 0.9238723 -0.1305278 0 0.9914447 0.130535 0 0.9914437 0.3827072 0 0.9238697 0.608729 0 0.7933783 0.793385 0 0.6087203 0.7933253 0 0.6087982 0.923868 0 0.3827115 0.9914453 0 0.130524 -0.1305198 0 0.9914457 0.130527 0 0.9914448 0.3826927 0 0.9238758 0.6087476 0 0.7933641 0.6087568 0 0.793357 0.7933673 0 0.6087432 0.9238755 0 0.3826933 0.9238849 0 0.3826707 0.9914454 0 -0.130523 0.9238806 0 -0.3826811 0.9238825 0 -0.3826764 0.7933556 0 -0.6087586 0.7933604 0 -0.6087524 0.608748 0 -0.7933637 0.3826948 0 -0.9238749 0.3826819 0 -0.9238801 0.1305209 0 -0.9914456 -0.1305273 0 -0.9914448 -0.3827003 0 -0.9238725 -0.3826764 0 -0.9238825 -0.7933604 0 -0.6087524 -0.7933556 0 -0.6087586 -0.9238825 0 -0.3826764 -0.9238806 0 -0.3826811 -0.9914454 0 -0.130523 -0.3827052 0 0.9238705 -0.6087476 0 0.7933641 -0.6087568 0 0.793357 -0.7933701 0 0.6087396 -0.923886 0 0.3826681 -0.9238744 0 0.3826959 0 1 -6.98177e-6 0 1 -2.50931e-5 0 1 1.38898e-5 0 1 -1.25929e-5 0 1 1.38375e-5 0 1 1.26241e-5 0 1 -6.90317e-6 0 1 1.26397e-5 0 1 -1.38064e-5 0 1 -1.26241e-5 0 1 1.25929e-5 0 1 -1.56832e-5 0 1 -3.12131e-6 0 1 3.12131e-6 0 1 1.56832e-5 0 1 -1.25929e-5 0 1 1.2624e-5 0 1 -2.76751e-5 0 1 2.50931e-5 0 1 6.98177e-6 0 1 2.50931e-5 0 1 -1.38898e-5 0 1 -1.25929e-5 0 1 1.26397e-5 0 1 -1.38064e-5 0 1 1.2624e-5 0 1 -1.38375e-5 0 1 -6.29646e-6 0 1 6.27327e-6 0 1 2.79271e-5 0 1 -1.24853e-5 0 1 1.24853e-5 0 1 -2.79271e-5 0 1 -6.27327e-6 0 1 6.29647e-6 0 1 -1.26241e-5 0 1 2.76127e-5 0 1 -1.26397e-5 0 1 1.25929e-5 0.0858404 0.1730082 -0.9811726 -0.0858404 0.1730083 -0.9811726 -0.09085196 0.1746443 -0.9804313 -0.2549811 0.1715339 -0.9516097 -0.269386 0.1761565 -0.9467841 -0.4164487 0.1702442 -0.8930776 -0.438663 0.1774652 -0.8809546 -0.5653126 0.1691377 -0.80735 -0.5929448 0.1785725 -0.7851933 -0.6970301 0.1682132 -0.6970319 -0.7270112 0.1794797 -0.6627532 -0.8075873 0.1674765 -0.5654683 -0.8363 0.1801832 -0.5178189 -0.9171248 0.1806861 -0.3552952 -0.9524344 0.1665505 -0.2552052 -0.9667394 0.1809883 -0.180716 -0.9823121 0.1663659 -0.08593875 -0.9834668 0.181089 0 -0.9823121 0.1663659 0.08593875 -0.9667393 0.1809884 0.1807161 -0.9524346 0.1665502 0.2552047 -0.9171259 0.180686 0.3552924 -0.836299 0.1801826 0.5178208 -0.807587 0.1674762 0.5654687 -0.7270099 0.1794792 0.6627548 -0.6970295 0.1682134 0.6970325 -0.5929467 0.178573 0.7851917 -0.5653123 0.1691377 0.8073502 -0.438664 0.1774653 0.880954 -0.4164487 0.170244 0.8930776 -0.269384 0.1761564 0.9467847 -0.2549816 0.1715337 0.9516094 -0.09085088 0.174645 0.9804312 -0.08584165 0.1730084 0.9811725 0.08584165 0.1730083 0.9811725 0.09085065 0.1746444 0.9804314 0.2549816 0.171534 0.9516094 0.269384 0.1761564 0.9467847 0.4164487 0.1702439 0.8930776 0.4386636 0.1774655 0.8809542 0.5653123 0.1691373 0.8073503 0.5929459 0.1785723 0.7851924 0.6970294 0.1682141 0.6970323 0.7270116 0.1794793 0.6627528 0.8075839 0.1674758 0.5654734 0.8363021 0.1801832 0.5178156 0.8935931 0.1669214 0.4166878 0.9171236 0.1806856 0.3552986 0.9524344 0.1665514 0.2552047 0.9667394 0.180988 0.1807162 0.9823119 0.1663666 0.08593958 0.9834669 0.1810882 0 0.9823119 0.1663666 -0.08593958 0.9667395 0.1809878 -0.180716 0.9524342 0.1665517 -0.2552051 0.9171237 0.1806855 -0.3552983 0.8935933 0.1669211 -0.4166874 0.8363016 0.1801833 -0.5178164 0.8075842 0.1674757 -0.5654731 0.7270095 0.179479 -0.6627553 0.6970301 0.1682137 -0.6970318 0.5929456 0.1785727 -0.7851926 0.5653127 0.1691372 -0.8073502 0.438664 0.1774656 -0.880954 0.4164487 0.1702442 -0.8930776 0.269386 0.1761565 -0.9467841 0.2549811 0.1715339 -0.9516097 0.0908522 0.1746449 -0.9804311 0 1 -5.6476e-6 0 1 -2.26783e-5 0 1 -7.30851e-6 0 1 7.31212e-6 0 1 7.27984e-6 0 1 5.47276e-6 0 1 -5.47276e-6 0 1 -7.27984e-6 0 1 -7.31211e-6 0 1 7.30852e-6 0 1 -7.26916e-6 0 1 5.6476e-6 0 1 -7.26916e-6 0 1 2.26783e-5 0 1 7.30852e-6 0 1 -7.31212e-6 0 1 1.09198e-5 0 1 -2.00668e-5 0 1 2.00668e-5 0 1 -1.09198e-5 0 1 -4.52589e-5 0 1 7.31212e-6 0 1 -7.30851e-6 0 1 7.26917e-6 0.128575 0.1722083 0.9766335 0.1285778 0.1722058 0.9766335 -0.1285778 0.1722082 0.976633 -0.1285743 0.1722059 0.976634 -0.3769677 0.1722058 0.9100772 -0.3769648 0.1722065 0.9100784 -0.5996719 0.1722077 0.7814975 -0.5996668 0.1722065 0.7815016 -0.7815023 0.1722076 0.5996655 -0.7815015 0.1722069 0.5996668 -0.9100791 0.1722074 0.3769624 -0.9100772 0.1722056 0.3769679 -0.9766329 0.1722077 0.1285796 -0.9766339 0.1722064 0.1285741 -0.9766331 0.1722068 -0.1285793 -0.9766337 0.1722072 -0.1285743 -0.9100782 0.1722067 -0.3769648 -0.9100756 0.1722064 -0.3769715 -0.7815031 0.1722074 -0.5996646 -0.7814975 0.1722062 -0.5996723 -0.5996691 0.1722069 -0.7814997 -0.5996668 0.1722067 -0.7815016 -0.3769662 0.1722068 -0.9100777 -0.1285778 0.1722078 -0.9766331 -0.128576 0.1722062 -0.9766336 0.1285778 0.1722082 -0.976633 0.1285761 0.1722054 -0.9766339 0.3769629 0.1722062 -0.9100792 0.3769662 0.1722066 -0.9100777 0.5996718 0.172208 -0.7814975 0.5996668 0.1722062 -0.7815016 0.7815035 0.1722071 -0.5996642 0.7814975 0.1722062 -0.5996723 0.9100793 0.1722069 -0.3769624 0.9100744 0.1722059 -0.3769746 0.9766344 0.172208 -0.1285683 0.9766329 0.1722065 -0.1285812 0.9766339 0.1722071 0.1285735 0.9766335 0.172208 0.1285747 0.9100763 0.1722064 0.3769697 0.9100759 0.1722059 0.3769709 0.7815032 0.1722071 0.5996646 0.7814968 0.1722064 0.5996731 0.5996692 0.1722062 0.7814998 0.5996668 0.1722067 0.7815016 0.3769672 0.1722072 0.9100772 0.3769678 0.1722063 0.9100771 0 1 3.73619e-6 0 1 1.45318e-5 0 1 -1.49447e-5 0 1 1.49447e-5 0 1 -2.98895e-5 0 1 2.32506e-4 0 1 -7.47236e-6 0 1 -2.32506e-4 0 1 9.34046e-6 0 1 -9.34046e-6 0 1 7.47236e-6 0 1 2.98895e-5 0 1 -1.49447e-5 0 1 1.49447e-5 0 1 1.49448e-5 0 1 -1.49447e-5 0 1 2.98894e-5 0 1 -2.32507e-4 0 1 7.47235e-6 0 1 -9.34046e-6 0 1 9.34046e-6 0 1 -2.32505e-4 0 1 -7.47235e-6 0 1 2.32507e-4 0 1 -2.98894e-5 0 1 1.49447e-5 0 1 -1.49448e-5 0 1 -1.73878e-4 0 1 9.10517e-5 0 1 -2.4236e-4 0 1 1.48414e-4 0 1 -1.36766e-4 0 -1 -1.67953e-4 0 -1 7.87884e-5 0 -1 -1.04959e-4 0 -1 -9.08848e-5 0 -1 1.93417e-4 0 -1 -4.20301e-4 0 -1 -1.49448e-5 0 -1 4.35945e-5 0 -1 4.35951e-5 0 -1 -1.45316e-5 0 -1 9.44555e-5 0 -1 7.26581e-5 0 -1 -7.26581e-5 0 -1 -9.44555e-5 0 -1 1.45316e-5 0 -1 2.98894e-5 0 -1 -4.35951e-5 0 -1 7.47236e-6 0 -1 -4.35945e-5 0 -1 1.12086e-5 0 -1 4.35954e-5 0 -1 -4.35944e-5 0 -1 -4.35949e-5 0 -1 -9.44559e-5 0 -1 -7.2658e-5 0 -1 7.2658e-5 0 -1 9.44559e-5 0 -1 -2.98894e-5 0 -1 4.35949e-5 0 -1 -7.47239e-6 0 -1 4.35944e-5 0 -1 -1.12086e-5 0.1285726 -0.1722082 0.9766337 0.1285763 -0.1722064 0.9766336 -0.1285752 -0.1722069 0.9766336 -0.1285735 -0.1722065 0.9766339 -0.3769678 -0.1722065 0.9100771 -0.3769692 -0.1722074 0.9100763 -0.5996622 -0.1722074 0.7815048 -0.5996692 -0.1722066 0.7814998 -0.7815009 -0.1722074 0.5996673 -0.7815023 -0.1722075 0.5996655 -0.9100789 -0.1722075 0.3769629 -0.9100777 -0.1722072 0.3769658 -0.9766337 -0.1722082 0.1285726 -0.9766328 -0.172207 0.1285809 -0.9766332 -0.1722069 -0.128579 -0.9766334 -0.172208 -0.1285756 -0.9100775 -0.1722068 -0.3769666 -0.9100796 -0.1722079 -0.3769609 -0.7815035 -0.172208 -0.5996639 -0.7814997 -0.1722069 -0.5996691 -0.5996589 -0.1722047 -0.781508 -0.5996735 -0.1722088 -0.7814959 -0.3769672 -0.1722077 -0.9100772 -0.3769617 -0.1722063 -0.9100797 -0.1285797 -0.1722076 -0.9766329 -0.1285763 -0.1722068 -0.9766335 0.1285787 -0.1722068 -0.9766332 0.1285763 -0.1722061 -0.9766337 0.3769647 -0.1722068 -0.9100783 0.3769655 -0.1722083 -0.9100776 0.5996657 -0.1722064 -0.7815025 0.5996682 -0.1722071 -0.7815003 0.781501 -0.1722069 -0.5996674 0.7815023 -0.1722075 -0.5996655 0.9100775 -0.1722068 -0.3769666 0.9100777 -0.1722072 -0.3769658 0.9766338 -0.172208 -0.1285721 0.9766331 -0.1722077 -0.1285783 0.976634 -0.1722073 0.1285719 0.976633 -0.1722081 0.1285786 0.9100777 -0.1722073 0.3769659 0.7815035 -0.172208 0.5996639 0.7814997 -0.1722069 0.5996691 0.5996601 -0.1722044 0.7815072 0.5996708 -0.1722091 0.781498 0.3769702 -0.1722077 0.9100758 0.3769654 -0.172206 0.9100782 0 -1 1.12952e-5 0 -1 -1.70087e-5 0 -1 2.9234e-5 0 -1 -5.63305e-6 0 -1 -2.92485e-5 0 -1 3.96014e-5 0 -1 -2.91881e-5 0 -1 3.5252e-5 0 -1 -3.5252e-5 0 -1 2.91881e-5 0 -1 -3.96015e-5 0 -1 1.46242e-5 0 -1 5.63305e-6 0 -1 -1.46171e-5 0 -1 1.70087e-5 0 -1 -1.45383e-5 0 -1 3.65714e-6 0 -1 -1.12952e-5 0 -1 -1.12952e-5 0 -1 1.70087e-5 0 -1 -2.92341e-5 0 -1 5.63304e-6 0 -1 2.92485e-5 0 -1 -4.24302e-5 0 -1 2.9188e-5 0 -1 -3.24318e-5 0 -1 3.24318e-5 0 -1 -2.9188e-5 0 -1 4.24302e-5 0 -1 -1.46243e-5 0 -1 -5.63304e-6 0 -1 1.4617e-5 0 -1 -1.70087e-5 0 -1 1.45383e-5 0 -1 -3.65714e-6 0 -1 1.12952e-5 -0.09085154 -0.1746438 -0.9804314 -0.2549828 -0.171535 -0.951609 -0.4164487 -0.1702443 -0.8930776 -0.4386612 -0.1774644 -0.8809556 -0.5653126 -0.1691375 -0.8073501 -0.5929489 -0.1785737 -0.7851899 -0.6970301 -0.1682133 -0.6970319 -0.7270094 -0.1794793 -0.6627552 -0.8075842 -0.1674757 -0.5654731 -0.8363001 -0.1801828 -0.517819 -0.8935906 -0.1669212 -0.4166932 -0.9171248 -0.1806856 -0.3552952 -0.9524344 -0.1665505 -0.2552052 -0.9667396 -0.1809888 -0.1807142 -0.9823115 -0.1663658 -0.08594477 -0.9834668 -0.181089 0 -0.9823115 -0.1663658 0.08594477 -0.9667396 -0.1809889 0.1807144 -0.9524354 -0.1665503 0.2552015 -0.9171248 -0.1806858 0.3552955 -0.8935917 -0.1669218 0.4166906 -0.8363005 -0.1801829 0.5178182 -0.8075823 -0.1674752 0.5654758 -0.7270099 -0.1794792 0.6627548 -0.6970303 -0.1682136 0.6970316 -0.5929501 -0.178574 0.785189 -0.5653116 -0.1691373 0.807351 -0.4386612 -0.1774642 0.8809556 -0.4164493 -0.1702443 0.8930771 -0.269384 -0.1761564 0.9467847 -0.2549828 -0.1715345 0.951609 -0.09085023 -0.1746437 0.9804314 -0.08584111 -0.1730073 0.9811727 0.08584111 -0.173007 0.9811728 0.09085023 -0.1746436 0.9804316 0.269384 -0.1761564 0.9467847 0.4164487 -0.1702439 0.8930776 0.4386612 -0.1774646 0.8809556 0.5653123 -0.1691374 0.8073503 0.5929467 -0.1785725 0.7851917 0.6970294 -0.1682141 0.6970324 0.7270099 -0.1794789 0.6627548 0.8075839 -0.1674758 0.5654734 0.8363005 -0.1801828 0.5178182 0.8935905 -0.1669209 0.4166935 0.9171248 -0.1806859 0.3552955 0.9524344 -0.1665514 0.2552047 0.9667397 -0.1809881 0.1807144 0.9823114 -0.1663665 0.08594477 0.9834669 -0.1810882 0 0.9823114 -0.1663665 -0.08594477 0.9667398 -0.1809879 -0.1807143 0.952435 -0.1665518 -0.2552019 0.9171249 -0.1806858 -0.3552952 0.893592 -0.1669209 -0.4166903 0.8363001 -0.1801829 -0.517819 0.8075826 -0.1674753 -0.5654754 0.7270095 -0.179479 -0.6627553 0.6970309 -0.168214 -0.6970309 0.5929456 -0.1785727 -0.7851926 0.5653119 -0.169137 -0.8073508 0.4386612 -0.1774644 -0.8809556 0.4164493 -0.1702445 -0.8930771 0.2549822 -0.1715347 -0.9516091 0.09085154 -0.1746436 -0.9804313 0 -1 -1.38375e-5 0 -1 1.38063e-5 0 -1 1.3796e-5 0 -1 2.52481e-5 0 -1 -6.91878e-6 0 -1 -1.04173e-5 0 -1 2.50931e-5 0 -1 3.49088e-6 0 -1 -3.49088e-6 0 -1 -2.5093e-5 0 -1 1.04173e-5 0 -1 6.91878e-6 0 -1 -1.2624e-5 0 -1 -1.3796e-5 0 -1 -1.38064e-5 0 -1 6.31203e-6 0 -1 1.38375e-5 0 -1 -9.4447e-6 0 -1 1.39635e-5 0 -1 1.39635e-5 0 -1 -1.38064e-5 0 -1 -1.3796e-5 0 -1 6.91876e-6 0 -1 1.04173e-5 0 -1 -3.14179e-5 0 -1 2.49705e-5 0 -1 -2.49705e-5 0 -1 3.14179e-5 0 -1 -1.04173e-5 0 -1 -6.91876e-6 0 -1 1.26241e-5 0 -1 1.3796e-5 0 -1 1.38064e-5 0 -1 -6.31202e-6 0 -1 -1.38375e-5 0 -1 9.44469e-6 0 -1 -6.27328e-6 0 -1 -1.39635e-5 0.07845801 0 0.9969175 -0.07846003 0 0.9969173 -0.2334452 0 0.97237 -0.3826829 0 0.9238799 -0.3826839 0 0.9238794 -0.5224993 0 0.8526398 -0.5224969 0 0.8526413 -0.6494488 0 0.7604054 -0.8526404 0 0.5224984 -0.9238797 0 0.382683 -0.9238796 0 0.3826833 -0.9723699 0 0.2334454 -0.9969174 0 0.07845896 -0.9969174 0 0.07845926 -0.9969174 0 -0.0784592 -0.9723699 0 -0.2334454 -0.9238796 0 -0.3826833 -0.9238797 0 -0.3826832 -0.7604063 0 -0.6494479 -0.6494479 0 -0.7604061 -0.5224991 0 -0.8526399 -0.3826832 0 -0.9238797 -0.2334451 0 -0.97237 -0.2334451 0 -0.97237 -0.07845884 0 -0.9969174 0.07845884 0 -0.9969174 0.2334451 0 -0.97237 0.2334451 0 -0.97237 0.3826832 0 -0.9238797 0.5224991 0 -0.8526399 0.6494477 0 -0.7604063 0.6494479 0 -0.7604061 0.7604059 0 -0.6494481 0.852641 0 -0.5224973 0.9238797 0 -0.3826832 0.9238793 0 -0.3826843 0.9723699 0 -0.2334454 0.97237 0 -0.2334449 0.9969174 0 -0.07845944 0.9969174 0 -0.07845926 0.9969174 0 0.07845956 0.9969174 0 0.0784592 0.9723699 0 0.2334454 0.97237 0 0.2334449 0.9238796 0 0.3826833 0.9238794 0 0.3826839 0.8526392 0 0.5225002 0.8526413 0 0.5224969 0.6494476 0 0.7604064 0.6494488 0 0.7604054 0.5224978 0 0.8526408 0.5224993 0 0.8526398 0.3826846 0 0.923879 0.3826821 0 0.9238801 0.2334452 0 0.97237</float_array>
          <technique_common>
            <accessor source="#YukKutusu-mesh-normals-array" count="2168" stride="3">
              <param name="X" type="float"/>
              <param name="Y" type="float"/>
              <param name="Z" type="float"/>
            </accessor>
          </technique_common>
        </source>
        <source id="YukKutusu-mesh-map">
          <float_array id="YukKutusu-mesh-map-array" count="21576">0 0 1 0 1 1 0 0 1 0 1 1 0 0 1 0 1 1 0 0 1 0 1 1 0 0 1 0 1 1 0 0 1 0 1 1 0 0 1 0 1 1 0 0 1 0 1 1 0 0 1 0 1 1 0 0 1 0 1 1 0 0 1 0 1 1 0 0 1 0 1 1 0 0 1 0 1 1 0 0 1 0 1 1 0 0 1 0 1 1 0 0 1 0 1 1 0 0 1 0 1 1 0 0 1 0 1 1 0 0 1 0 1 1 0 0 1 0 1 1 0 0 1 0 1 1 0 0 1 0 1 1 0 0 1 0 1 1 0 0 1 0 1 1 0 0 1 0 1 1 0 0 1 0 1 1 0 0 1 0 1 1 0 0 1 0 1 1 0 0 1 0 1 1 0 0 1 0 1 1 0 0 1 0 1 1 0 0 1 0 1 1 0 0 1 0 1 1 0 0 1 0 1 1 0 0 1 0 1 1 0 0 1 0 1 1 0 0 1 0 1 1 0 0 1 0 1 1 0 0 1 0 1 1 0 0 1 0 1 1 0 0 1 0 1 1 0 0 1 0 1 1 0 0 1 0 1 1 0 0 1 0 1 1 0 0 1 0 1 1 0 0 1 0 1 1 0 0 1 0 1 1 0 0 1 0 1 1 0 0 1 0 1 1 0 0 1 0 1 1 0 0 1 0 1 1 0 0 1 0 1 1 0 0 1 0 1 1 0 0 1 0 1 1 0 0 1 0 1 1 0 0 1 0 1 1 0 0 1 0 1 1 0 0 1 0 1 1 0 0 1 0 1 1 0 0 1 0 1 1 0 0 1 0 1 1 0 0 1 0 1 1 0 0 1 0 1 1 0 0 1 0 1 1 0 0 1 0 1 1 0 0 1 0 1 1 0 0 1 0 1 1 0 0 1 0 1 1 0 0 1 0 1 1 0 0 1 0 1 1 0 0 1 0 1 1 0 0 1 0 1 1 0 0 1 0 1 1 0 0 1 0 1 1 0 0 1 0 1 1 0 0 1 0 1 1 0 0 1 0 1 1 0 0 1 0 1 1 0 0 1 0 1 1 0 0 1 0 1 1 0 0 1 0 1 1 0 0 1 0 1 1 0 0 1 0 1 1 0 0 1 0 1 1 0 0 1 0 1 1 0 0 1 0 1 1 0 0 1 0 1 1 0 0 1 0 1 1 0 0 1 0 1 1 0 0 1 0 1 1 0 0 1 0 1 1 0 0 1 0 1 1 0 0 1 0 1 1 0 0 1 0 1 1 0 0 1 0 1 1 0 0 1 0 1 1 0 0 1 0 1 1 0 0 1 0 1 1 0 0 1 0 1 1 0 0 1 0 1 1 0 0 1 0 1 1 0 0 1 0 1 1 0 0 1 0 1 1 0 0 1 0 1 1 0 0 1 0 1 1 0 0 1 0 1 1 0 0 1 0 1 1 0 0 1 0 1 1 0 0 1 0 1 1 0 0 1 0 1 1 0 0 1 0 1 1 0 0 1 0 1 1 0 0 1 0 1 1 0 0 1 0 1 1 0 0 1 0 1 1 0 0 1 0 1 1 0 0 1 0 1 1 0 0 1 0 1 1 0 0 1 0 1 1 0 0 1 0 1 1 0 0 1 0 1 1 0 0 1 0 1 1 0 0 1 0 1 1 0 0 1 0 1 1 0 0 1 0 1 1 0 0 1 0 1 1 0 0 1 0 1 1 0 0 1 0 1 1 0 0 1 0 1 1 0 0 1 0 1 1 0 0 1 0 1 1 0 0 1 0 1 1 0 0 1 0 1 1 0 0 1 0 1 1 0 0 1 0 1 1 0 0 1 0 1 1 0 0 1 0 1 1 0 0 1 0 1 1 0 0 1 0 1 1 0 0 1 0 1 1 0 0 1 0 1 1 0 0 1 0 1 1 0 0 1 0 1 1 0 0 1 0 1 1 0 0 1 0 1 1 0 0 1 0 1 1 0 0 1 0 1 1 0 0 1 0 1 1 0 0 1 0 1 1 0 0 1 0 1 1 0 0 1 0 1 1 0 0 1 0 1 1 0 0 1 0 1 1 0 0 1 0 1 1 0 0 1 0 1 1 0 0 1 0 1 1 0 0 1 0 1 1 0 0 1 0 1 1 0 0 1 0 1 1 0 0 1 0 1 1 0 0 1 0 1 1 0 0 1 0 1 1 0 0 1 0 1 1 0 0 1 0 1 1 0 0 1 0 1 1 0 0 1 0 1 1 0 0 1 0 1 1 0 0 1 0 1 1 0 0 1 0 1 1 0 0 1 0 1 1 0 0 1 0 1 1 0 0 1 0 1 1 0 0 1 0 1 1 0 0 1 0 1 1 0 0 1 0 1 1 0 0 1 0 1 1 0 0 1 0 1 1 0 0 1 0 1 1 0 0 1 0 1 1 0 0 1 0 1 1 0 0 1 0 1 1 0 0 1 0 1 1 0 0 1 0 1 1 0 0 1 0 1 1 0 0 1 0 1 1 0 0 1 0 1 1 0 0 1 0 1 1 0 0 1 0 1 1 0 0 1 0 1 1 0 0 1 0 1 1 0 0 1 0 1 1 0 0 1 0 1 1 0 0 1 0 1 1 0 0 1 0 1 1 0 0 1 0 1 1 0 0 1 0 1 1 0 0 1 0 1 1 0 0 1 0 1 1 0 0 1 0 1 1 0 0 1 0 1 1 0 0 1 0 1 1 0 0 1 0 1 1 0 0 1 0 1 1 0 0 1 0 1 1 0 0 1 0 1 1 0 0 1 0 1 1 0 0 1 0 1 1 0 0 1 0 1 1 0 0 1 0 1 1 0 0 1 0 1 1 0 0 1 0 1 1 0 0 1 0 1 1 0 0 1 0 1 1 0 0 1 0 1 1 0 0 1 0 1 1 0 0 1 0 1 1 0 0 1 0 1 1 0 0 1 0 1 1 0 0 1 0 1 1 0 0 1 0 1 1 0 0 1 0 1 1 0 0 1 0 1 1 0 0 1 0 1 1 0 0 1 0 1 1 0 0 1 0 1 1 0 0 1 0 1 1 0 0 1 0 1 1 0 0 1 0 1 1 0 0 1 0 1 1 0 0 1 0 1 1 0 0 1 0 1 1 0 0 1 0 1 1 0 0 1 0 1 1 0 0 1 0 1 1 0 0 1 0 1 1 0 0 1 0 1 1 0 0 1 0 1 1 0 0 1 0 1 1 0 0 1 0 1 1 0 0 1 0 1 1 0 0 1 0 1 1 0 0 1 0 1 1 0 0 1 0 1 1 0 0 1 0 1 1 0 0 1 0 1 1 0 0 1 0 1 1 0 0 1 0 1 1 0 0 1 0 1 1 0 0 1 0 1 1 0 0 1 0 1 1 0 0 1 0 1 1 0 0 1 0 1 1 0 0 1 0 1 1 0 0 1 0 1 1 0 0 1 0 1 1 0 0 1 0 1 1 0 0 1 0 1 1 0 0 1 0 1 1 0 0 1 0 1 1 0 0 1 0 1 1 0 0 1 0 1 1 0 0 1 0 1 1 0 0 1 0 1 1 0 0 1 0 1 1 0 0 1 0 1 1 0 0 1 0 1 1 0 0 1 0 1 1 0 0 1 0 1 1 0 0 1 0 1 1 0 0 1 0 1 1 0 0 1 0 1 1 0 0 1 0 1 1 0 0 1 0 1 1 0 0 1 0 1 1 0 0 1 0 1 1 0 0 1 0 1 1 0 0 1 0 1 1 0 0 1 0 1 1 0 0 1 0 1 1 0 0 1 0 1 1 0 0 1 0 1 1 0 0 1 0 1 1 0 0 1 0 1 1 0 0 1 0 1 1 0 0 1 0 1 1 0 0 1 0 1 1 0 0 1 0 1 1 0 0 1 0 1 1 0 0 1 0 1 1 0 0 1 0 1 1 0 0 1 0 1 1 0 0 1 0 1 1 0 0 1 0 1 1 0 0 1 0 1 1 0 0 1 0 1 1 0 0 1 0 1 1 0 0 1 0 1 1 0 0 1 0 1 1 0 0 1 0 1 1 0 0 1 0 1 1 0 0 1 0 1 1 0 0 1 0 1 1 0 0 1 0 1 1 0 0 1 0 1 1 0 0 1 0 1 1 0 0 1 0 1 1 0 0 1 0 1 1 0 0 1 0 1 1 0 0 1 0 1 1 0 0 1 0 1 1 0 0 1 0 1 1 0 0 1 0 1 1 0 0 1 0 1 1 0 0 1 0 1 1 0 0 1 0 1 1 0 0 1 0 1 1 0 0 1 0 1 1 0 0 1 0 1 1 0 0 1 0 1 1 0 0 1 0 1 1 0 0 1 0 1 1 0 0 1 0 1 1 0 0 1 0 1 1 0 0 1 0 1 1 0 0 1 0 1 1 0 0 1 0 1 1 0 0 1 0 1 1 0 0 1 0 1 1 0 0 1 0 1 1 0 0 1 0 1 1 0 0 1 0 1 1 0 0 1 0 1 1 0 0 1 0 1 1 0 0 1 0 1 1 0 0 1 0 1 1 0 0 1 0 1 1 0 0 1 0 1 1 0 0 1 0 1 1 0 0 1 0 1 1 0 0 1 0 1 1 0 0 1 0 1 1 0 0 1 0 1 1 0 0 1 0 1 1 0 0 1 0 1 1 0 0 1 0 1 1 0 0 1 0 1 1 0 0 1 0 1 1 0 0 1 0 1 1 0 0 1 0 1 1 0 0 1 0 1 1 0 0 1 0 1 1 0 0 1 0 1 1 0 0 1 0 1 1 0 0 1 0 1 1 0 0 1 0 1 1 0 0 1 0 1 1 0 0 1 0 1 1 0 0 1 0 1 1 0 0 1 0 1 1 0 0 1 0 1 1 0 0 1 0 1 1 0 0 1 0 1 1 0 0 1 0 1 1 0 0 1 0 1 1 0 0 1 0 1 1 0 0 1 0 1 1 0 0 1 0 1 1 0 0 1 0 1 1 0 0 1 0 1 1 0 0 1 0 1 1 0 0 1 0 1 1 0 0 1 0 1 1 0 0 1 0 1 1 0 0 1 0 1 1 0 0 1 0 1 1 0 0 1 0 1 1 0 0 1 0 1 1 0 0 1 0 1 1 0 0 1 0 1 1 0 0 1 0 1 1 0 0 1 0 1 1 0 0 1 0 1 1 0 0 1 0 1 1 0 0 1 0 1 1 0 0 1 0 1 1 0 0 1 0 1 1 0 0 1 0 1 1 0 0 1 0 1 1 0 0 1 0 1 1 0 0 1 0 1 1 0 0 1 0 1 1 0 0 1 0 1 1 0 0 1 0 1 1 0 0 1 0 1 1 0 0 1 0 1 1 0 0 1 0 1 1 0 0 1 0 1 1 0 0 1 0 1 1 0 0 1 0 1 1 0 0 1 0 1 1 0 0 1 0 1 1 0 0 1 0 1 1 0 0 1 0 1 1 0 0 1 0 1 1 0 0 1 0 1 1 0 0 1 0 1 1 0 0 1 0 1 1 0 0 1 0 1 1 0 0 1 0 1 1 0 0 1 0 1 1 0 0 1 0 1 1 0 0 1 0 1 1 0 0 1 0 1 1 0 0 1 0 1 1 0 0 1 0 1 1 0 0 1 0 1 1 0 0 1 0 1 1 0 0 1 0 1 1 0 0 1 0 1 1 0 0 1 0 1 1 0 0 1 0 1 1 0 0 1 0 1 1 0 0 1 0 1 1 0 0 1 0 1 1 0 0 1 0 1 1 0 0 1 0 1 1 0 0 1 0 1 1 0 0 1 0 1 1 0 0 1 0 1 1 0 0 1 0 1 1 0 0 1 0 1 1 0 0 1 0 1 1 0 0 1 0 1 1 0 0 1 0 1 1 0 0 1 0 1 1 0 0 1 0 1 1 0 0 1 0 1 1 0 0 1 0 1 1 0 0 1 0 1 1 0 0 1 0 1 1 0 0 1 0 1 1 0 0 1 0 1 1 0 0 1 0 1 1 0 0 1 0 1 1 0 0 1 0 1 1 0 0 1 0 1 1 0 0 1 0 1 1 0 0 1 0 1 1 0 0 1 0 1 1 0 0 1 0 1 1 0 0 1 0 1 1 0 0 1 0 1 1 0 0 1 0 1 1 0 0 1 0 1 1 0 0 1 0 1 1 0 0 1 0 1 1 0 0 1 0 1 1 0 0 1 0 1 1 0 0 1 0 1 1 0 0 1 0 1 1 0 0 1 0 1 1 0 0 1 0 1 1 0 0 1 0 1 1 0 0 1 0 1 1 0 0 1 0 1 1 0 0 1 0 1 1 0 0 1 0 1 1 0 0 1 0 1 1 0 0 1 0 1 1 0 0 1 0 1 1 0 0 1 0 1 1 0 0 1 0 1 1 0 0 1 0 1 1 0 0 1 0 1 1 0 0 1 0 1 1 0 0 1 0 1 1 0 0 1 0 1 1 0 0 1 0 1 1 0 0 1 0 1 1 0 0 1 0 1 1 0 0 1 0 1 1 0 0 1 0 1 1 0 0 1 0 1 1 0 0 1 0 1 1 0 0 1 0 1 1 0 0 1 0 1 1 0 0 1 0 1 1 0 0 1 0 1 1 0 0 1 0 1 1 0 0 1 0 1 1 0 0 1 0 1 1 0 0 1 0 1 1 0 0 1 0 1 1 0 0 1 0 1 1 0 0 1 0 1 1 0 0 1 0 1 1 0 0 1 0 1 1 0 0 1 0 1 1 0 0 1 0 1 1 0 0 1 0 1 1 0 0 1 0 1 1 0 0 1 0 1 1 0 0 1 0 1 1 0 0 1 0 1 1 0 0 1 0 1 1 0 0 1 0 1 1 0 0 1 0 1 1 0 0 1 0 1 1 0 0 1 0 1 1 0 0 1 0 1 1 0 0 1 0 1 1 0 0 1 0 1 1 0 0 1 0 1 1 0 0 1 0 1 1 0 0 1 0 1 1 0 0 1 0 1 1 0 0 1 0 1 1 0 0 1 0 1 1 0 0 1 0 1 1 0 0 1 0 1 1 0 0 1 0 1 1 0 0 1 0 1 1 0 0 1 0 1 1 0 0 1 0 1 1 0 0 1 0 1 1 0 0 1 0 1 1 0 0 1 0 1 1 0 0 1 0 1 1 0 0 1 0 1 1 0 0 1 0 1 1 0 0 1 0 1 1 0 0 1 0 1 1 0 0 1 0 1 1 0 0 1 0 1 1 0 0 1 0 1 1 0 0 1 0 1 1 0 0 1 0 1 1 0 0 1 0 1 1 0 0 1 0 1 1 0 0 1 0 1 1 0 0 1 0 1 1 0 0 1 0 1 1 0 0 1 0 1 1 0 0 1 0 1 1 0 0 1 0 1 1 0 0 1 0 1 1 0 0 1 0 1 1 0 0 1 0 1 1 0 0 1 0 1 1 0 0 1 0 1 1 0 0 1 0 1 1 0 0 1 0 1 1 0 0 1 0 1 1 0 0 1 0 1 1 0 0 1 0 1 1 0 0 1 0 1 1 0 0 1 0 1 1 0 0 1 0 1 1 0 0 1 0 1 1 0 0 1 0 1 1 0 0 1 0 1 1 0 0 1 0 1 1 0 0 1 0 1 1 0 0 1 0 1 1 0 0 1 0 1 1 0 0 1 0 1 1 0 0 1 0 1 1 0 0 1 0 1 1 0 0 1 0 1 1 0 0 1 0 1 1 0 0 1 0 1 1 0 0 1 0 1 1 0 0 1 0 1 1 0 0 1 0 1 1 0 0 1 0 1 1 0 0 1 0 1 1 0 0 1 0 1 1 0 0 1 0 1 1 0 0 1 0 1 1 0 0 1 0 1 1 0 0 1 0 1 1 0 0 1 0 1 1 0 0 1 0 1 1 0 0 1 0 1 1 0 0 1 0 1 1 0 0 1 0 1 1 0 0 1 0 1 1 0 0 1 0 1 1 0 0 1 0 1 1 0 0 1 0 1 1 0 0 1 0 1 1 0 0 1 0 1 1 0 0 1 0 1 1 0 0 1 0 1 1 0 0 1 0 1 1 0 0 1 0 1 1 0 0 1 0 1 1 0 0 1 0 1 1 0 0 1 0 1 1 0 0 1 0 1 1 0 0 1 0 1 1 0 0 1 0 1 1 0 0 1 0 1 1 0 0 1 0 1 1 0 0 1 0 1 1 0 0 1 0 1 1 0 0 1 0 1 1 0 0 1 0 1 1 0 0 1 0 1 1 0 0 1 0 1 1 0 0 1 0 1 1 0 0 1 0 1 1 0 0 1 0 1 1 0 0 1 0 1 1 0 0 1 0 1 1 0 0 1 0 1 1 0 0 1 0 1 1 0 0 1 0 1 1 0 0 1 0 1 1 0 0 1 0 1 1 0 0 1 0 1 1 0 0 1 0 1 1 0 0 1 0 1 1 0 0 1 0 1 1 0 0 1 0 1 1 0 0 1 0 1 1 0 0 1 0 1 1 0 0 1 0 1 1 0 0 1 0 1 1 0 0 1 0 1 1 0 0 1 0 1 1 0 0 1 0 1 1 0 0 1 0 1 1 0 0 1 0 1 1 0 0 1 0 1 1 0 0 1 0 1 1 0 0 1 0 1 1 0 0 1 0 1 1 0 0 1 0 1 1 0 0 1 0 1 1 0 0 1 0 1 1 0 0 1 0 1 1 0 0 1 0 1 1 0 0 1 0 1 1 0 0 1 0 1 1 0 0 1 0 1 1 0 0 1 0 1 1 0 0 1 0 1 1 0 0 1 0 1 1 0 0 1 0 1 1 0 0 1 0 1 1 0 0 1 0 1 1 0 0 1 0 1 1 0 0 1 0 1 1 0 0 1 0 1 1 0 0 1 0 1 1 0 0 1 0 1 1 0 0 1 0 1 1 0 0 1 0 1 1 0 0 1 0 1 1 0 0 1 0 1 1 0 0 1 0 1 1 0 0 1 0 1 1 0 0 1 0 1 1 0 0 1 0 1 1 0 0 1 0 1 1 0 0 1 0 1 1 0 0 1 0 1 1 0 0 1 0 1 1 0 0 1 0 1 1 0 0 1 0 1 1 0 0 1 0 1 1 0 0 1 0 1 1 0 0 1 0 1 1 0 0 1 0 1 1 0 0 1 0 1 1 0 0 1 0 1 1 0 0 1 0 1 1 0 0 1 0 1 1 0 0 1 0 1 1 0 0 1 0 1 1 0 0 1 0 1 1 0 0 1 0 1 1 0 0 1 0 1 1 0 0 1 0 1 1 0 0 1 0 1 1 0 0 1 0 1 1 0 0 1 0 1 1 0 0 1 0 1 1 0 0 1 0 1 1 0 0 1 0 1 1 0 0 1 0 1 1 0 0 1 0 1 1 0 0 1 0 1 1 0 0 1 0 1 1 0 0 1 0 1 1 0 0 1 0 1 1 0 0 1 0 1 1 0 0 1 0 1 1 0 0 1 0 1 1 0 0 1 0 1 1 0 0 1 0 1 1 0 0 1 0 1 1 0 0 1 0 1 1 0 0 1 0 1 1 0 0 1 0 1 1 0 0 1 0 1 1 0 0 1 0 1 1 0 0 1 0 1 1 0 0 1 0 1 1 0 0 1 0 1 1 0 0 1 0 1 1 0 0 1 0 1 1 0 0 1 0 1 1 0 0 1 0 1 1 0 0 1 0 1 1 0 0 1 0 1 1 0 0 1 0 1 1 0 0 1 0 1 1 0 0 1 0 1 1 0 0 1 0 1 1 0 0 1 0 1 1 0 0 1 0 1 1 0 0 1 0 1 1 0 0 1 0 1 1 0 0 1 0 1 1 0 0 1 0 1 1 0 0 1 0 1 1 0 0 1 0 1 1 0 0 1 0 1 1 0 0 1 0 1 1 0 0 1 0 1 1 0 0 1 0 1 1 0 0 1 0 1 1 0 0 1 0 1 1 0 0 1 0 1 1 0 0 1 0 1 1 0 0 1 0 1 1 0 0 1 0 1 1 0 0 1 0 1 1 0 0 1 0 1 1 0 0 1 0 1 1 0 0 1 0 1 1 0 0 1 0 1 1 0 0 1 0 1 1 0 0 1 0 1 1 0 0 1 0 1 1 0 0 1 0 1 1 0 0 1 0 1 1 0 0 1 0 1 1 0 0 1 0 1 1 0 0 1 0 1 1 0 0 1 0 1 1 0 0 1 0 1 1 0 0 1 0 1 1 0 0 1 0 1 1 0 0 1 0 1 1 0 0 1 0 1 1 0 0 1 0 1 1 0 0 1 0 1 1 0 0 1 0 1 1 0 0 1 0 1 1 0 0 1 0 1 1 0 0 1 0 1 1 0 0 1 0 1 1 0 0 1 0 1 1 0 0 1 0 1 1 0 0 1 0 1 1 0 0 1 0 1 1 0 0 1 0 1 1 0 0 1 0 1 1 0 0 1 0 1 1 0 0 1 0 1 1 0 0 1 0 1 1 0 0 1 0 1 1 0 0 1 0 1 1 0 0 1 0 1 1 0 0 1 0 1 1 0 0 1 0 1 1 0 0 1 0 1 1 0 0 1 0 1 1 0 0 1 0 1 1 0 0 1 0 1 1 0 0 1 0 1 1 0 0 1 0 1 1 0 0 1 0 1 1 0 0 1 0 1 1 0 0 1 0 1 1 0 0 1 0 1 1 0 0 1 0 1 1 0 0 1 0 1 1 0 0 1 0 1 1 0 0 1 0 1 1 0 0 1 0 1 1 0 0 1 0 1 1 0 0 1 0 1 1 0 0 1 0 1 1 0 0 1 0 1 1 0 0 1 0 1 1 0 0 1 0 1 1 0 0 1 0 1 1 0 0 1 0 1 1 0 0 1 0 1 1 0 0 1 0 1 1 0 0 1 0 1 1 0 0 1 0 1 1 0 0 1 0 1 1 0 0 1 0 1 1 0 0 1 0 1 1 0 0 1 0 1 1 0 0 1 0 1 1 0 0 1 0 1 1 0 0 1 0 1 1 0 0 1 0 1 1 0 0 1 0 1 1 0 0 1 0 1 1 0 0 1 0 1 1 0 0 1 0 1 1 0 0 1 0 1 1 0 0 1 0 1 1 0 0 1 0 1 1 0 0 1 0 1 1 0 0 1 0 1 1 0 0 1 0 1 1 0 0 1 0 1 1 0 0 1 0 1 1 0 0 1 0 1 1 0 0 1 0 1 1 0 0 1 0 1 1 0 0 1 0 1 1 0 0 1 0 1 1 0 0 1 0 1 1 0 0 1 0 1 1 0 0 1 0 1 1 0 0 1 0 1 1 0 0 1 0 1 1 0 0 1 0 1 1 0 0 1 0 1 1 0 0 1 0 1 1 0 0 1 0 1 1 0 0 1 0 1 1 0 0 1 0 1 1 0 0 1 0 1 1 0 0 1 0 1 1 0 0 1 0 1 1 0 0 1 0 1 1 0 0 1 0 1 1 0 0 1 0 1 1 0 0 1 0 1 1 0 0 1 0 1 1 0 0 1 0 1 1 0 0 1 0 1 1 0 0 1 0 1 1 0 0 1 0 1 1 0 0 1 0 1 1 0 0 1 0 1 1 0 0 1 0 1 1 0 0 1 0 1 1 0 0 1 0 1 1 0 0 1 0 1 1 0 0 1 0 1 1 0 0 1 0 1 1 0 0 1 0 1 1 0 0 1 0 1 1 0 0 1 0 1 1 0 0 1 0 1 1 0 0 1 0 1 1 0 0 1 0 1 1 0 0 1 0 1 1 0 0 1 0 1 1 0 0 1 0 1 1 0 0 1 0 1 1 0 0 1 0 1 1 0 0 1 0 1 1 0 0 1 0 1 1 0 0 1 0 1 1 0 0 1 0 1 1 0 0 1 0 1 1 0 0 1 0 1 1 0 0 1 0 1 1 0 0 1 0 1 1 0 0 1 0 1 1 0 0 1 0 1 1 0 0 1 0 1 1 0 0 1 0 1 1 0 0 1 0 1 1 0 0 1 0 1 1 0 0 1 0 1 1 0 0 1 0 1 1 0 0 1 0 1 1 0 0 1 0 1 1 0 0 1 0 1 1 0 0 1 0 1 1 0 0 1 0 1 1 0 0 1 0 1 1 0 0 1 0 1 1 0 0 1 0 1 1 0 0 1 0 1 1 0 0 1 0 1 1 0 0 1 0 1 1 0 0 1 0 1 1 0 0 1 0 1 1 0 0 1 0 1 1 0 0 1 0 1 1 0 0 1 0 1 1 0 0 1 0 1 1 0 0 1 0 1 1 0 0 1 0 1 1 0 0 1 0 1 1 0 0 1 0 1 1 0 0 1 0 1 1 0 0 1 0 1 1 0 0 1 0 1 1 0 0 1 0 1 1 0 0 1 0 1 1 0 0 1 0 1 1 0 0 1 0 1 1 0 0 1 0 1 1 0 0 1 0 1 1 0 0 1 0 1 1 0 0 1 0 1 1 0 0 1 0 1 1 0 0 1 0 1 1 0 0 1 0 1 1 0 0 1 0 1 1 0 0 1 0 1 1 0 0 1 0 1 1 0 0 1 0 1 1 0 0 1 0 1 1 0 0 1 0 1 1 0 0 1 0 1 1 0 0 1 0 1 1 0 0 1 0 1 1 0 0 1 0 1 1 0 0 1 0 1 1 0 0 1 0 1 1 0 0 1 0 1 1 0 0 1 0 1 1 0 0 1 0 1 1 0 0 1 0 1 1 0 0 1 0 1 1 0 0 1 0 1 1 0 0 1 0 1 1 0 0 1 0 1 1 0 0 1 0 1 1 0 0 1 0 1 1 0 0 1 0 1 1 0 0 1 0 1 1 0 0 1 0 1 1 0 0 1 0 1 1 0 0 1 0 1 1 0 0 1 0 1 1 0 0 1 0 1 1 0 0 1 0 1 1 0 0 1 0 1 1 0 0 1 0 1 1 0 0 1 0 1 1 0 0 1 0 1 1 0 0 1 0 1 1 0 0 1 0 1 1 0 0 1 0 1 1 0 0 1 0 1 1 0 0 1 0 1 1 0 0 1 0 1 1 0 0 1 0 1 1 0 0 1 0 1 1 0 0 1 0 1 1 0 0 1 0 1 1 0 0 1 0 1 1 0 0 1 0 1 1 0 0 1 0 1 1 0 0 1 0 1 1 0 0 1 0 1 1 0 0 1 0 1 1 0 0 1 0 1 1 0 0 1 0 1 1 0 0 1 0 1 1 0 0 1 0 1 1 0 0 1 0 1 1 0 0 1 0 1 1 0 0 1 0 1 1 0 0 1 0 1 1 0 0 1 0 1 1 0 0 1 0 1 1 0 0 1 0 1 1 0 0 1 0 1 1 0 0 1 0 1 1 0 0 1 0 1 1 0 0 1 0 1 1 0 0 1 0 1 1 0 0 1 0 1 1 0 0 1 0 1 1 0 0 1 0 1 1 0 0 1 0 1 1 0 0 1 0 1 1 0 0 1 0 1 1 0 0 1 0 1 1 0 0 1 0 1 1 0 0 1 0 1 1 0 0 1 0 1 1 0 0 1 0 1 1 0 0 1 0 1 1 0 0 1 0 1 1 0 0 1 0 1 1 0 0 1 0 1 1 0 0 1 0 1 1 0 0 1 0 1 1 0 0 1 0 1 1 0 0 1 0 1 1 0 0 1 0 1 1 0 0 1 0 1 1 0 0 1 0 1 1 0 0 1 0 1 1 0 0 1 0 1 1 0 0 1 0 1 1 0 0 1 0 1 1 0 0 1 0 1 1 0 0 1 0 1 1 0 0 1 0 1 1 0 0 1 0 1 1 0 0 1 0 1 1 0 0 1 0 1 1 0 0 1 0 1 1 0 0 1 0 1 1 0 0 1 0 1 1 0 0 1 0 1 1 0 0 1 0 1 1 0 0 1 0 1 1 0 0 1 0 1 1 0 0 1 0 1 1 0 0 1 0 1 1 0 0 1 0 1 1 0 0 1 0 1 1 0 0 1 0 1 1 0 0 1 0 1 1 0 0 1 0 1 1 0 0 1 0 1 1 0 0 1 0 1 1 0 0 1 0 1 1 0 0 1 0 1 1 0 0 1 0 1 1 0 0 1 0 1 1 0 0 1 0 1 1 0 0 1 0 1 1 0 0 1 0 1 1 0 0 1 0 1 1 0 0 1 0 1 1 0 0 1 0 1 1 0 0 1 0 1 1 0 0 1 0 1 1 0 0 1 0 1 1 0 0 1 0 1 1 0 0 1 0 1 1 0 0 1 0 1 1 0 0 1 0 1 1 0 0 1 0 1 1 0 0 1 0 1 1 0 0 1 0 1 1 0 0 1 0 1 1 0 0 1 0 1 1 0 0 1 0 1 1 0 0 1 0 1 1 0 0 1 0 1 1 0 0 1 0 1 1 0 0 1 0 1 1 0 0 1 0 1 1 0 0 1 0 1 1 0 0 1 0 1 1 0 0 1 0 1 1 0 0 1 0 1 1 0 0 1 0 1 1 0 0 1 0 1 1 0 0 1 0 1 1 0 0 1 0 1 1 0 0 1 0 1 1 0 0 1 0 1 1 0 0 1 0 1 1 0 0 1 0 1 1 0 0 1 0 1 1 0 0 1 0 1 1 0 0 1 0 1 1 0 0 1 0 1 1 0 0 1 0 1 1 0 0 1 0 1 1 0 0 1 0 1 1 0 0 1 0 1 1 0 0 1 0 1 1 0 0 1 0 1 1 0 0 1 0 1 1 0 0 1 0 1 1 0 0 1 0 1 1 0 0 1 0 1 1 0 0 1 0 1 1 0 0 1 0 1 1 0 0 1 0 1 1 0 0 1 0 1 1 0 0 1 0 1 1 0 0 1 0 1 1 0 0 1 0 1 1 0 0 1 0 1 1 0 0 1 0 1 1 0 0 1 0 1 1 0 0 1 0 1 1 0 0 1 0 1 1 0 0 1 0 1 1 0 0 1 0 1 1 0 0 1 0 1 1 0 0 1 0 1 1 0 0 1 0 1 1 0 0 1 0 1 1 0 0 1 0 1 1 0 0 1 0 1 1 0 0 1 0 1 1 0 0 1 0 1 1 0 0 1 0 1 1 0 0 1 0 1 1 0 0 1 0 1 1 0 0 1 0 1 1 0 0 1 0 1 1 0 0 1 0 1 1 0 0 1 0 1 1 0 0 1 0 1 1 0 0 1 0 1 1 0 0 1 0 1 1 0 0 1 0 1 1 0 0 1 0 1 1 0 0 1 0 1 1 0 0 1 0 1 1 0 0 1 0 1 1 0 0 1 0 1 1 0 0 1 0 1 1 0 0 1 0 1 1 0 0 1 0 1 1 0 0 1 0 1 1 0 0 1 0 1 1 0 0 1 0 1 1 0 0 1 0 1 1 0 0 1 0 1 1 0 0 1 0 1 1 0 0 1 0 1 1 0 0 1 0 1 1 0 0 1 0 1 1 0 0 1 0 1 1 0 0 1 0 1 1 0 0 1 0 1 1 0 0 1 0 1 1 0 0 1 0 1 1 0 0 1 0 1 1 0 0 1 0 1 1 0 0 1 0 1 1 0 0 1 0 1 1 0 0 1 0 1 1 0 0 1 0 1 1 0 0 1 0 1 1 0 0 1 0 1 1 0 0 1 0 1 1 0 0 1 0 1 1 0 0 1 0 1 1 0 0 1 0 1 1 0 0 1 0 1 1 0 0 1 0 1 1 0 0 1 0 1 1 0 0 1 0 1 1 0 0 1 0 1 1 0 0 1 0 1 1 0 0 1 0 1 1 0 0 1 0 1 1 0 0 1 0 1 1 0 0 1 0 1 1 0 0 1 0 1 1 0 0 1 0 1 1 0 0 1 0 1 1 0 0 1 0 1 1 0 0 1 0 1 1 0 0 1 0 1 1 0 0 1 0 1 1 0 0 1 0 1 1 0 0 1 0 1 1 0 0 1 0 1 1 0 0 1 0 1 1 0 0 1 0 1 1 0 0 1 0 1 1 0 0 1 0 1 1 0 0 1 0 1 1 0 0 1 0 1 1 0 0 1 0 1 1 0 0 1 0 1 1 0 0 1 0 1 1 0 0 1 0 1 1 0 0 1 0 1 1 0 0 1 0 1 1 0 0 1 0 1 1 0 0 1 0 1 1 0 0 1 0 1 1 0 0 1 0 1 1 0 0 1 0 1 1 0 0 1 0 1 1 0 0 1 0 1 1 0 0 1 0 1 1 0 0 1 0 1 1 0 0 1 0 1 1 0 0 1 0 1 1 0 0 1 0 1 1 0 0 1 0 1 1 0 0 1 0 1 1 0 0 1 0 1 1 0 0 1 0 1 1 0 0 1 0 1 1 0 0 1 0 1 1 0 0 1 0 1 1 0 0 1 0 1 1 0 0 1 0 1 1 0 0 1 0 1 1 0 0 1 0 1 1 0 0 1 0 1 1 0 0 1 0 1 1 0 0 1 0 1 1 0 0 1 0 1 1 0 0 1 0 1 1 0 0 1 0 1 1 0 0 1 0 1 1 0 0 1 0 1 1 0 0 1 0 1 1 0 0 1 0 1 1 0 0 1 0 1 1 0 0 1 0 1 1 0 0 1 0 1 1 0 0 1 0 1 1 0 0 1 0 1 1 0 0 1 0 1 1 0 0 1 0 1 1 0 0 1 0 1 1 0 0 1 0 1 1 0 0 1 0 1 1 0 0 1 0 1 1 0 0 1 0 1 1 0 0 1 0 1 1 0 0 1 0 1 1 0 0 1 0 1 1 0 0 1 0 1 1 0 0 1 0 1 1 0 0 1 0 1 1 0 0 1 0 1 1 0 0 1 0 1 1 0 0 1 0 1 1 0 0 1 0 1 1 0 0 1 0 1 1 0 0 1 0 1 1 0 0 1 0 1 1 0 0 1 0 1 1 0 0 1 0 1 1 0 0 1 0 1 1 0 0 1 0 1 1 0 0 1 0 1 1 0 0 1 0 1 1 0 0 1 0 1 1 0 0 1 0 1 1 0 0 1 0 1 1 0 0 1 0 1 1 0 0 1 0 1 1 0 0 1 0 1 1 0 0 1 0 1 1 0 0 1 0 1 1 0 0 1 0 1 1 0 0 1 0 1 1 0 0 1 0 1 1 0 0 1 0 1 1 0 0 1 0 1 1 0 0 1 0 1 1 0 0 1 0 1 1 0 0 1 0 1 1 0 0 1 0 1 1 0 0 1 0 1 1 0 0 1 0 1 1 0 0 1 0 1 1 0 0 1 0 1 1 0 0 1 0 1 1 0 0 1 0 1 1 0 0 1 0 1 1 0 0 1 0 1 1 0 0 1 0 1 1 0 0 1 0 1 1 0 0 1 0 1 1 0 0 1 0 1 1 0 0 1 0 1 1 0 0 1 0 1 1 0 0 1 0 1 1 0 0 1 0 1 1 0 0 1 0 1 1 0 0 1 0 1 1 0 0 1 0 1 1 0 0 1 0 1 1 0 0 1 0 1 1 0 0 1 0 1 1 0 0 1 0 1 1 0 0 1 0 1 1 0 0 1 0 1 1 0 0 1 0 1 1 0 0 1 0 1 1 0 0 1 0 1 1 0 0 1 0 1 1 0 0 1 0 1 1 0 0 1 0 1 1 0 0 1 0 1 1 0 0 1 0 1 1 0 0 1 0 1 1 0 0 1 0 1 1 0 0 1 0 1 1 0 0 1 0 1 1 0 0 1 0 1 1 0 0 1 0 1 1 0 0 1 0 1 1 0 0 1 0 1 1 0 0 1 0 1 1 0 0 1 0 1 1 0 0 1 0 1 1 0 0 1 0 1 1 0 0 1 0 1 1 0 0 1 0 1 1 0 0 1 0 1 1 0 0 1 0 1 1 0 0 1 0 1 1 0 0 1 0 1 1 0 0 1 0 1 1 0 0 1 0 1 1 0 0 1 0 1 1 0 0 1 0 1 1 0 0 1 0 1 1 0 0 1 0 1 1 0 0 1 0 1 1 0 0 1 0 1 1 0 0 1 0 1 1 0 0 1 0 1 1 0 0 1 0 1 1 0 0 1 0 1 1 0 0 1 0 1 1 0 0 1 0 1 1 0 0 1 0 1 1 0 0 1 0 1 1 0 0 1 0 1 1 0 0 1 0 1 1 0 0 1 0 1 1 0 0 1 0 1 1 0 0 1 0 1 1 0 0 1 0 1 1 0 0 1 0 1 1 0 0 1 0 1 1 0 0 1 0 1 1 0 0 1 0 1 1 0 0 1 0 1 1 0 0 1 0 1 1 0 0 1 0 1 1 0 0 1 0 1 1 0 0 1 0 1 1 0 0 1 0 1 1 0 0 1 0 1 1 0 0 1 0 1 1 0 0 1 0 1 1 0 0 1 0 1 1 0 0 1 0 1 1 0 0 1 0 1 1 0 0 1 0 1 1 0 0 1 0 1 1 0 0 1 0 1 1 0 0 1 0 1 1 0 0 1 0 1 1 0 0 1 0 1 1 0 0 1 0 1 1 0 0 1 0 1 1 0 0 1 0 1 1 0 0 1 0 1 1 0 0 1 0 1 1 0 0 1 0 1 1 0 0 1 0 1 1 0 0 1 0 1 1 0 0 1 0 1 1 0 0 1 0 1 1 0 0 1 0 1 1 0 0 1 0 1 1 0 0 1 0 1 1 0 0 1 0 1 1 0 0 1 0 1 1 0 0 1 0 1 1 0 0 1 0 1 1 0 0 1 0 1 1 0 0 1 0 1 1 0 0 1 0 1 1 0 0 1 0 1 1 0 0 1 0 1 1 0 0 1 0 1 1 0 0 1 0 1 1 0 0 1 0 1 1 0 0 1 0 1 1 0 0 1 0 1 1 0 0 1 0 1 1 0 0 1 0 1 1 0 0 1 0 1 1 0 0 1 0 1 1 0 0 1 0 1 1 0 0 1 0 1 1 0 0 1 0 1 1 0 0 1 0 1 1 0 0 1 0 1 1 0 0 1 0 1 1 0 0 1 0 1 1 0 0 1 0 1 1 0 0 1 0 1 1 0 0 1 0 1 1 0 0 1 0 1 1 0 0 1 0 1 1 0 0 1 0 1 1 0 0 1 0 1 1 0 0 1 0 1 1 0 0 1 0 1 1 0 0 1 0 1 1 0 0 1 0 1 1 0 0 1 0 1 1 0 0 1 0 1 1 0 0 1 0 1 1 0 0 1 0 1 1 0 0 1 0 1 1 0 0 1 0 1 1 0 0 1 0 1 1 0 0 1 0 1 1 0 0 1 0 1 1 0 0 1 0 1 1 0 0 1 0 1 1 0 0 1 0 1 1 0 0 1 0 1 1 0 0 1 0 1 1 0 0 1 0 1 1 0 0 1 0 1 1 0 0 1 0 1 1 0 0 1 0 1 1 0 0 1 0 1 1 0 0 1 0 1 1 0 0 1 0 1 1 0 0 1 0 1 1 0 0 1 0 1 1 0 0 1 0 1 1 0 0 1 0 1 1 0 0 1 0 1 1 0 0 1 0 1 1 0 0 1 0 1 1 0 0 1 0 1 1 0 0 1 0 1 1 0 0 1 0 1 1 0 0 1 0 1 1 0 0 1 0 1 1 0 0 1 0 1 1 0 0 1 0 1 1 0 0 1 0 1 1 0 0 1 0 1 1 0 0 1 0 1 1 0 0 1 0 1 1 0 0 1 0 1 1 0 0 1 0 1 1 0 0 1 0 1 1 0 0 1 0 1 1 0 0 1 0 1 1 0 0 1 0 1 1 0 0 1 0 1 1 0 0 1 0 1 1 0 0 1 0 1 1 0 0 1 0 1 1 0 0 1 0 1 1 0 0 1 0 1 1 0 0 1 0 1 1 0 0 1 0 1 1 0 0 1 0 1 1 0 0 1 0 1 1 0 0 1 0 1 1 0 0 1 0 1 1 0 0 1 0 1 1 0 0 1 0 1 1 0 0 1 0 1 1 0 0 1 0 1 1 0 0 1 0 1 1 0 0 1 0 1 1 0 0 1 0 1 1 0 0 1 0 1 1 0 0 1 0 1 1 0 0 1 0 1 1 0 0 1 0 1 1 0 0 1 0 1 1 0 0 1 0 1 1 0 0 1 0 1 1 0 0 1 0 1 1 0 0 1 0 1 1 0 0 1 0 1 1 0 0 1 0 1 1 0 0 1 0 1 1 0 0 1 0 1 1 0 0 1 0 1 1 0 0 1 0 1 1 0 0 1 0 1 1 0 0 1 0 1 1 0 0 1 0 1 1 0 0 1 0 1 1 0 0 1 0 1 1 0 0 1 0 1 1 0 0 1 0 1 1 0 0 1 0 1 1 0 0 1 0 1 1 0 0 1 0 1 1 0 0 1 0 1 1 0 0 1 0 1 1 0 0 1 0 1 1 0 0 1 0 1 1 0 0 1 0 1 1 0 0 1 0 1 1 0 0 1 0 1 1 0 0 1 0 1 1 0 0 1 0 1 1 0 0 1 0 1 1 0 0 1 0 1 1 0 0 1 0 1 1 0 0 1 0 1 1 0 0 1 0 1 1 0 0 1 0 1 1 0 0 1 0 1 1 0 0 1 0 1 1 0 0 1 0 1 1 0 0 1 0 1 1 0 0 1 0 1 1 0 0 1 0 1 1 0 0 1 0 1 1 0 0 1 0 1 1 0 0 1 0 1 1 0 0 1 0 1 1 0 0 1 0 1 1 0 0 1 0 1 1 0 0 1 0 1 1 0 0 1 0 1 1 0 0 1 0 1 1 0 0 1 0 1 1 0 0 1 0 1 1 0 0 1 0 1 1 0 0 1 0 1 1 0 0 1 0 1 1 0 0 1 0 1 1 0 0 1 0 1 1 0 0 1 0 1 1 0 0 1 0 1 1 0 0 1 0 1 1 0 0 1 0 1 1 0 0 1 0 1 1 0 0 1 0 1 1 0 0 1 0 1 1 0 0 1 0 1 1 0 0 1 0 1 1 0 0 1 0 1 1 0 0 1 0 1 1 0 0 1 0 1 1 0 0 1 0 1 1 0 0 1 0 1 1 0 0 1 0 1 1 0 0 1 0 1 1 0 0 1 0 1 1 0 0 1 0 1 1 0 0 1 0 1 1 0 0 1 0 1 1 0 0 1 0 1 1 0 0 1 0 1 1 0 0 1 0 1 1 0 0 1 0 1 1 0 0 1 0 1 1 0 0 1 0 1 1 0 0 1 0 1 1 0 0 1 0 1 1 0 0 1 0 1 1 0 0 1 0 1 1 0 0 1 0 1 1 0 0 1 0 1 1 0 0 1 0 1 1 0 0 1 0 1 1 0 0 1 0 1 1 0 0 1 0 1 1 0 0 1 0 1 1 0 0 1 0 1 1 0 0 1 0 1 1 0 0 1 0 1 1 0 0 1 0 1 1 0 0 1 0 1 1 0 0 1 0 1 1 0 0 1 0 1 1 0 0 1 0 1 1 0 0 1 0 1 1 0 0 1 0 1 1 0 0 1 0 1 1 0 0 1 0 1 1 0 0 1 0 1 1 0 0 1 0 1 1 0 0 1 0 1 1 0 0 1 0 1 1 0 0 1 0 1 1 0 0 1 0 1 1 0 0 1 0 1 1 0 0 1 0 1 1 0 0 1 0 1 1 0 0 1 0 1 1 0 0 1 0 1 1 0 0 1 0 1 1 0 0 1 0 1 1 0 0 1 0 1 1 0 0 1 0 1 1 0 0 1 0 1 1 0 0 1 0 1 1 0 0 1 0 1 1 0 0 1 0 1 1 0 0 1 0 1 1 0 0 1 0 1 1 0 0 1 0 1 1 0 0 1 0 1 1 0 0 1 0 1 1 0 0 1 0 1 1 0 0 1 0 1 1 0 0 1 0 1 1 0 0 1 0 1 1 0 0 1 0 1 1 0 0 1 0 1 1 0 0 1 0 1 1 0 0 1 0 1 1 0 0 1 0 1 1 0 0 1 0 1 1 0 0 1 0 1 1 0 0 1 0 1 1 0 0 1 0 1 1 0 0 1 0 1 1 0 0 1 0 1 1 0 0 1 0 1 1 0 0 1 0 1 1 0 0 1 0 1 1 0 0 1 0 1 1 0 0 1 0 1 1 0 0 1 0 1 1 0 0 1 0 1 1 0 0 1 0 1 1 0 0 1 0 1 1 0 0 1 0 1 1 0 0 1 0 1 1 0 0 1 0 1 1 0 0 1 0 1 1 0 0 1 0 1 1 0 0 1 0 1 1 0 0 1 0 1 1 0 0 1 0 1 1 0 0 1 0 1 1 0 0 1 0 1 1 0 0 1 0 1 1 0 0 1 0 1 1 0 0 1 0 1 1 0 0 1 0 1 1 0 0 1 0 1 1 0 0 1 0 1 1 0 0 1 0 1 1 0 0 1 0 1 1 0 0 1 0 1 1 0 0 1 0 1 1 0 0 1 0 1 1 0 0 1 0 1 1 0 0 1 0 1 1 0 0 1 0 1 1 0 0 1 0 1 1 0 0 1 0 1 1 0 0 1 0 1 1 0 0 1 0 1 1 0 0 1 0 1 1 0 0 1 0 1 1 0 0 1 0 1 1 0 0 1 0 1 1 0 0 1 0 1 1 0 0 1 0 1 1 0 0 1 0 1 1 0 0 1 0 1 1 0 0 1 0 1 1 0 0 1 0 1 1 0 0 1 0 1 1 0 0 1 0 1 1 0 0 1 0 1 1 0 0 1 0 1 1 0 0 1 0 1 1 0 0 1 0 1 1 0 0 1 0 1 1 0 0 1 0 1 1 0 0 1 0 1 1 0 0 1 0 1 1 0 0 1 0 1 1 0 0 1 0 1 1 0 0 1 0 1 1 0 0 1 0 1 1 0 0 1 0 1 1 0 0 1 0 1 1 0 0 1 0 1 1 0 0 1 0 1 1 0 0 1 0 1 1 0 0 1 0 1 1 0 0 1 0 1 1 0 0 1 0 1 1 0 0 1 0 1 1 0 0 1 0 1 1 0 0 1 0 1 1 0 0 1 0 1 1 0 0 1 0 1 1 0 0 1 0 1 1 0 0 1 0 1 1 0 0 1 0 1 1 0 0 1 0 1 1 0 0 1 0 1 1 0 0 1 0 1 1 0 0 1 0 1 1 0 0 1 0 1 1 0 0 1 0 1 1 0 0 1 0 1 1 0 0 1 0 1 1 0 0 1 0 1 1 0 0 1 0 1 1 0 0 1 0 1 1 0 0 1 0 1 1 0 0 1 0 1 1 0 0 1 0 1 1 0 0 1 0 1 1 0 0 1 0 1 1 0 0 1 0 1 1 0 0 1 0 1 1 0 0 1 0 1 1 0 0 1 0 1 1 0 0 1 0 1 1 0 0 1 0 1 1 0 0 1 0 1 1 0 0 1 0 1 1 0 0 1 0 1 1 0 0 1 0 1 1 0 0 1 0 1 1 0 0 1 0 1 1 0 0 1 0 1 1 0 0 1 0 1 1 0 0 1 0 1 1 0 0 1 0 1 1 0 0 1 0 1 1 0 0 1 0 1 1 0 0 1 0 1 1 0 0 1 0 1 1 0 0 1 0 1 1 0 0 1 0 1 1 0 0 1 0 1 1 0 0 1 0 1 1 0 0 1 0 1 1 0 0 1 0 1 1 0 0 1 0 1 1 0 0 1 0 1 1 0 0 1 0 1 1 0 0 1 0 1 1 0 0 1 0 1 1 0 0 1 0 1 1 0 0 1 0 1 1 0 0 1 0 1 1 0 0 1 0 1 1 0 0 1 0 1 1 0 0 1 0 1 1 0 0 1 0 1 1 0 0 1 0 1 1 0 0 1 0 1 1 0 0 1 0 1 1 0 0 1 0 1 1 0 0 1 0 1 1 0 0 1 0 1 1 0 0 1 0 1 1 0 0 1 0 1 1 0 0 1 0 1 1 0 0 1 0 1 1 0 0 1 0 1 1 0 0 1 0 1 1 0 0 1 0 1 1 0 0 1 0 1 1 0 0 1 0 1 1 0 0 1 0 1 1 0 0 1 0 1 1 0 0 1 0 1 1 0 0 1 0 1 1 0 0 1 0 1 1 0 0 1 0 1 1 0 0 1 0 1 1 0 0 1 0 1 1 0 0 1 0 1 1 0 0 1 0 1 1 0 0 1 0 1 1 0 0 1 0 1 1 0 0 1 0 1 1 0 0 1 0 1 1 0 0 1 0 1 1 0 0 1 0 1 1 0 0 1 0 1 1 0 0 1 0 1 1 0 0 1 0 1 1 0 0 1 0 1 1 0 0 1 0 1 1 0 0 1 0 1 1 0 0 1 0 1 1 0 0 1 0 1 1 0 0 1 0 1 1 0 0 1 0 1 1 0 0 1 0 1 1 0 0 1 0 1 1 0 0 1 0 1 1 0 0 1 0 1 1 0 0 1 0 1 1 0 0 1 0 1 1 0 0 1 0 1 1 0 0 1 0 1 1 0 0 1 0 1 1 0 0 1 0 1 1 0 0 1 0 1 1 0 0 1 0 1 1 0 0 1 0 1 1 0 0 1 0 1 1 0 0 1 0 1 1 0 0 1 0 1 1 0 0 1 0 1 1 0 0 1 0 1 1 0 0 1 0 1 1 0 0 1 0 1 1 0 0 1 0 1 1 0 0 1 0 1 1 0 0 1 0 1 1 0 0 1 0 1 1 0 0 1 0 1 1 0 0 1 0 1 1 0 0 1 0 1 1 0 0 1 0 1 1 0 0 1 0 1 1 0 0 1 0 1 1 0 0 1 0 1 1 0 0 1 0 1 1 0 0 1 0 1 1 0 0 1 0 1 1 0 0 1 0 1 1 0 0 1 0 1 1 0 0 1 0 1 1 0 0 1 0 1 1 0 0 1 0 1 1 0 0 1 0 1 1 0 0 1 0 1 1 0 0 1 0 1 1 0 0 1 0 1 1 0 0 1 0 1 1 0 0 1 0 1 1 0 0 1 0 1 1 0 0 1 0 1 1 0 0 1 0 1 1 0 0 1 0 1 1 0 0 1 0 1 1 0 0 1 0 1 1 0 0 1 0 1 1 0 0 1 0 1 1 0 0 1 0 1 1 0 0 1 0 1 1 0 0 1 0 1 1 0 0 1 0 1 1 0 0 1 0 1 1 0 0 1 0 1 1 0 0 1 0 1 1 0 0 1 0 1 1 0 0 1 0 1 1 0 0 1 0 1 1 0 0 1 0 1 1 0 0 1 0 1 1 0 0 1 0 1 1 0 0 1 0 1 1 0 0 1 0 1 1 0 0 1 0 1 1 0 0 1 0 1 1 0 0 1 0 1 1 0 0 1 0 1 1 0 0 1 0 1 1 0 0 1 0 1 1 0 0 1 0 1 1 0 0 1 0 1 1 0 0 1 0 1 1 0 0 1 0 1 1 0 0 1 0 1 1 0 0 1 0 1 1 0 0 1 0 1 1 0 0 1 0 1 1 0 0 1 0 1 1 0 0 1 0 1 1 0 0 1 0 1 1 0 0 1 0 1 1 0 0 1 0 1 1 0 0 1 0 1 1 0 0 1 0 1 1 0 0 1 0 1 1 0 0 1 0 1 1 0 0 1 0 1 1 0 0 1 0 1 1 0 0 1 0 1 1 0 0 1 0 1 1 0 0 1 0 1 1 0 0 1 0 1 1 0 0 1 0 1 1 0 0 1 0 1 1 0 0 1 0 1 1 0 0 1 0 1 1 0 0 1 0 1 1 0 0 1 0 1 1 0 0 1 0 1 1 0 0 1 0 1 1 0 0 1 0 1 1 0 0 1 0 1 1 0 0 1 0 1 1 0 0 1 0 1 1 0 0 1 0 1 1 0 0 1 0 1 1 0 0 1 0 1 1 0 0 1 0 1 1 0 0 1 0 1 1 0 0 1 0 1 1 0 0 1 0 1 1 0 0 1 0 1 1 0 0 1 0 1 1 0 0 1 0 1 1 0 0 1 0 1 1 0 0 1 0 1 1 0 0 1 0 1 1 0 0 1 0 1 1 0 0 1 0 1 1 0 0 1 0 1 1 0 0 1 0 1 1 0 0 1 0 1 1 0 0 1 0 1 1 0 0 1 0 1 1 0 0 1 0 1 1 0 0 1 0 1 1 0 0 1 0 1 1 0 0 1 0 1 1 0 0 1 0 1 1 0 0 1 0 1 1 0 0 1 0 1 1 0 0 1 0 1 1 0 0 1 0 1 1 0 0 1 0 1 1 0 0 1 0 1 1 0 0 1 0 1 1 0 0 1 0 1 1 0 0 1 0 1 1 0 0 1 0 1 1 0 0 1 0 1 1 0 0 1 0 1 1 0 0 1 0 1 1 0 0 1 0 1 1 0 0 1 0 1 1 0 0 1 0 1 1 0 0 1 0 1 1 0 0 1 0 1 1 0 0 1 0 1 1 0 0 1 0 1 1 0 0 1 0 1 1 0 0 1 0 1 1 0 0 1 0 1 1 0 0 1 0 1 1 0 0 1 0 1 1 0 0 1 0 1 1 0 0 1 0 1 1 0 0 1 0 1 1 0 0 1 0 1 1 0 0 1 0 1 1 0 0 1 0 1 1 0 0 1 0 1 1 0 0 1 0 1 1 0 0 1 0 1 1 0 0 1 0 1 1 0 0 1 0 1 1 0 0 1 0 1 1 0 0 1 0 1 1 0 0 1 0 1 1 0 0 1 0 1 1 0 0 1 0 1 1 0 0 1 0 1 1 0 0 1 0 1 1 0 0 1 0 1 1 0 0 1 0 1 1 0 0 1 0 1 1 0 0 1 0 1 1 0 0 1 0 1 1 0 0 1 0 1 1 0 0 1 0 1 1 0 0 1 0 1 1 0 0 1 0 1 1 0 0 1 0 1 1 0 0 1 0 1 1 0 0 1 0 1 1 0 0 1 0 1 1 0 0 1 0 1 1 0 0 1 0 1 1 0 0 1 0 1 1 0 0 1 0 1 1 0 0 1 0 1 1 0 0 1 0 1 1 0 0 1 0 1 1 0 0 1 0 1 1 0 0 1 0 1 1 0 0 1 0 1 1 0 0 1 0 1 1 0 0 1 0 1 1 0 0 1 0 1 1 0 0 1 0 1 1 0 0 1 0 1 1 0 0 1 0 1 1 0 0 1 0 1 1 0 0 1 0 1 1 0 0 1 0 1 1 0 0 1 0 1 1 0 0 1 0 1 1 0 0 1 0 1 1 0 0 1 0 1 1 0 0 1 0 1 1 0 0 1 0 1 1 0 0 1 0 1 1 0 0 1 0 1 1 0 0 1 0 1 1 0 0 1 0 1 1 0 0 1 0 1 1 0 0 1 0 1 1 0 0 1 0 1 1 0 0 1 0 1 1 0 0 1 0 1 1 0 0 1 0 1 1 0 0 1 0 1 1 0 0 1 0 1 1 0 0 1 0 1 1 0 0 1 0 1 1 0 0 1 0 1 1 0 0 1 0 1 1 0 0 1 0 1 1 0 0 1 0 1 1 0 0 1 0 1 1 0 0 1 0 1 1 0 0 1 0 1 1 0 0 1 0 1 1 0 0 1 0 1 1 0 0 1 0 1 1 0 0 1 0 1 1 0 0 1 0 1 1 0 0 1 0 1 1 0 0 1 0 1 1 0 0 1 0 1 1 0 0 1 0 1 1 0 0 1 0 1 1 0 0 1 0 1 1 0 0 1 0 1 1 0 0 1 0 1 1 0 0 1 0 1 1 0 0 1 0 1 1 0 0 1 0 1 1 0 0 1 0 1 1 0 0 1 0 1 1 0 0 1 0 1 1 0 0 1 0 1 1 0 0 1 0 1 1 0 0 1 0 1 1 0 0 1 0 1 1 0 0 1 0 1 1 0 0 1 0 1 1 0 0 1 0 1 1 0 0 1 0 1 1 0 0 1 0 1 1 0 0 1 0 1 1 0 0 1 0 1 1 0 0 1 0 1 1 0 0 1 0 1 1 0 0 1 0 1 1 0 0 1 0 1 1 0 0 1 0 1 1 0 0 1 0 1 1 0 0 1 0 1 1 0 0 1 0 1 1 0 0 1 0 1 1 0 0 1 0 1 1 0 0 1 0 1 1 0 0 1 0 1 1 0 0 1 0 1 1 0 0 1 0 1 1 0 0 1 0 1 1 0 0 1 0 1 1 0 0 1 0 1 1 0 0 1 0 1 1 0 0 1 0 1 1 0 0 1 0 1 1 0 0 1 0 1 1 0 0 1 0 1 1 0 0 1 0 1 1 0 0 1 0 1 1 0 0 1 0 1 1 0 0 1 0 1 1 0 0 1 0 1 1 0 0 1 0 1 1 0 0 1 0 1 1 0 0 1 0 1 1 0 0 1 0 1 1 0 0 1 0 1 1 0 0 1 0 1 1 0 0 1 0 1 1 0 0 1 0 1 1 0 0 1 0 1 1 0 0 1 0 1 1 0 0 1 0 1 1 0 0 1 0 1 1 0 0 1 0 1 1 0 0 1 0 1 1 0 0 1 0 1 1 0 0 1 0 1 1 0 0 1 0 1 1 0 0 1 0 1 1 0 0 1 0 1 1 0 0 1 0 1 1 0 0 1 0 1 1 0 0 1 0 1 1 0 0 1 0 1 1 0 0 1 0 1 1 0 0 1 0 1 1 0 0 1 0 1 1 0 0 1 0 1 1 0 0 1 0 1 1 0 0 1 0 1 1 0 0 1 0 1 1 0 0 1 0 1 1 0 0 1 0 1 1 0 0 1 0 1 1 0 0 1 0 1 1 0 0 1 0 1 1 0 0 1 0 1 1 0 0 1 0 1 1 0 0 1 0 1 1 0 0 1 0 1 1 0 0 1 0 1 1 0 0 1 0 1 1 0 0 1 0 1 1 0 0 1 0 1 1 0 0 1 0 1 1 0 0 1 0 1 1 0 0 1 0 1 1 0 0 1 0 1 1 0 0 1 0 1 1 0 0 1 0 1 1 0 0 1 0 1 1 0 0 1 0 1 1 0 0 1 0 1 1 0 0 1 0 1 1 0 0 1 0 1 1 0 0 1 0 1 1 0 0 1 0 1 1 0 0 1 0 1 1 0 0 1 0 1 1 0 0 1 0 1 1 0 0 1 0 1 1 0 0 1 0 1 1 0 0 1 0 1 1 0 0 1 0 1 1 0 0 1 0 1 1 0 0 1 0 1 1 0 0 1 0 1 1 0 0 1 0 1 1 0 0 1 0 1 1 0 0 1 0 1 1 0 0 1 0 1 1 0 0 1 0 1 1 0 0 1 0 1 1 0 0 1 0 1 1 0 0 1 0 1 1 0 0 1 0 1 1 0 0 1 0 1 1 0 0 1 0 1 1 0 0 1 0 1 1 0 0 1 0 1 1 0 0 1 0 1 1 0 0 1 0 1 1 0 0 1 0 1 1 0 0 1 0 1 1 0 0 1 0 1 1 0 0 1 0 1 1 0 0 1 0 1 1 0 0 1 0 1 1 0 0 1 0 1 1 0 0 1 0 1 1 0 0 1 0 1 1 0 0 1 0 1 1 0 0 1 0 1 1 0 0 1 0 1 1 0 0 1 0 1 1 0 0 1 0 1 1 0 0 1 0 1 1 0 0 1 0 1 1 0 0 1 0 1 1 0 0 1 0 1 1 0 0 1 0 1 1 0 0 1 0 1 1 0 0 1 0 1 1 0 0 1 0 1 1 0 0 1 0 1 1 0 0 1 0 1 1 0 0 1 0 1 1 0 0 1 0 1 1 0 0 1 0 1 1 0 0 1 0 1 1 0 0 1 0 1 1 0 0 1 0 1 1 0 0 1 0 1 1 0 0 1 0 1 1 0 0 1 0 1 1 0 0 1 0 1 1 0 0 1 0 1 1 0 0 1 0 1 1 0 0 1 0 1 1 0 0 1 0 1 1 0 0 1 0 1 1 0 0 1 0 1 1 0 0 1 0 1 1 0 0 1 0 1 1 0 0 1 0 1 1 0 0 1 0 1 1 0 0 1 0 1 1 0 0 1 0 1 1 0 0 1 0 1 1 0 0 1 0 1 1 0 0 1 0 1 1 0 0 1 0 1 1 0 0 1 0 1 1 0 0 1 0 1 1 0 0 1 0 1 1 0 0 1 0 1 1 0 0 1 0 1 1 0 0 1 0 1 1 0 0 1 0 1 1 0 0 1 0 1 1 0 0 1 0 1 1 0 0 1 0 1 1 0 0 1 0 1 1 0 0 1 0 1 1 0 0 1 0 1 1 0 0 1 0 1 1 0 0 1 0 1 1 0 0 1 0 1 1 0 0 1 0 1 1 0 0 1 0 1 1 0 0 1 0 1 1 0 0 1 0 1 1 0 0 1 0 1 1 0 0 1 0 1 1 0 0 1 0 1 1 0 0 1 0 1 1 0 0 1 0 1 1 0 0 1 0 1 1 0 0 1 0 1 1 0 0 1 0 1 1 0 0 1 0 1 1 0 0 1 0 1 1 0 0 1 0 1 1 0 0 1 0 1 1 0 0 1 0 1 1 0 0 1 0 1 1 0 0 1 0 1 1 0 0 1 0 1 1 0 0 1 0 1 1 0 0 1 0 1 1 0 0 1 0 1 1 0 0 1 0 1 1 0 0 1 0 1 1 0 0 1 0 1 1 0 0 1 0 1 1 0 0 1 0 1 1 0 0 1 0 1 1 0 0 1 0 1 1 0 0 1 0 1 1 0 0 1 0 1 1 0 0 1 0 1 1 0 0 1 0 1 1 0 0 1 0 1 1 0 0 1 0 1 1 0 0 1 0 1 1 0 0 1 0 1 1 0 0 1 0 1 1 0 0 1 0 1 1 0 0 1 0 1 1 0 0 1 0 1 1 0 0 1 0 1 1 0 0 1 0 1 1 0 0 1 0 1 1 0 0 1 0 1 1 0 0 1 0 1 1 0 0 1 0 1 1 0 0 1 0 1 1 0 0 1 0 1 1 0 0 1 0 1 1 0 0 1 0 1 1 0 0 1 0 1 1 0 0 1 0 1 1 0 0 1 0 1 1 0 0 1 0 1 1 0 0 1 0 1 1 0 0 1 0 1 1 0 0 1 0 1 1 0 0 1 0 1 1 0 0 1 0 1 1 0 0 1 0 1 1 0 0 1 0 1 1 0 0 1 0 1 1 0 0 1 0 1 1 0 0 1 0 1 1 0 0 1 0 1 1 0 0 1 0 1 1 0 0 1 0 1 1 0 0 1 0 1 1 0 0 1 0 1 1 0 0 1 0 1 1 0 0 1 0 1 1 0 0 1 0 1 1 0 0 1 0 1 1 0 0 1 0 1 1 0 0 1 0 1 1 0 0 1 0 1 1 0 0 1 0 1 1 0 0 1 0 1 1 0 0 1 0 1 1 0 0 1 0 1 1 0 0 1 0 1 1 0 0 1 0 1 1 0 0 1 0 1 1 0 0 1 0 1 1 0 0 1 0 1 1 0 0 1 0 1 1 0 0 1 0 1 1 0 0 1 0 1 1 0 0 1 0 1 1 0 0 1 0 1 1 0 0 1 0 1 1 0 0 1 0 1 1 0 0 1 0 1 1 0 0 1 0 1 1 0 0 1 0 1 1 0 0 1 0 1 1 0 0 1 0 1 1 0 0 1 0 1 1 0 0 1 0 1 1 0 0 1 0 1 1 0 0 1 0 1 1 0 0 1 0 1 1 0 0 1 0 1 1 0 0 1 0 1 1 0 0 1 0 1 1 0 0 1 0 1 1 0 0 1 0 1 1 0 0 1 0 1 1 0 0 1 0 1 1 0 0 1 0 1 1 0 0 1 0 1 1 0 0 1 0 1 1 0 0 1 0 1 1 0 0 1 0 1 1 0 0 1 0 1 1 0 0 1 0 1 1 0 0 1 0 1 1 0 0 1 0 1 1 0 0 1 0 1 1 0 0 1 0 1 1 0 0 1 0 1 1 0 0 1 0 1 1 0 0 1 0 1 1 0 0 1 0 1 1 0 0 1 0 1 1 0 0 1 0 1 1 0 0 1 0 1 1 0 0 1 0 1 1 0 0 1 0 1 1 0 0 1 0 1 1 0 0 1 0 1 1 0 0 1 0 1 1 0 0 1 0 1 1 0 0 1 0 1 1 0 0 1 0 1 1 0 0 1 0 1 1 0 0 1 0 1 1 0 0 1 0 1 1 0 0 1 0 1 1 0 0 1 0 1 1 0 0 1 0 1 1 0 0 1 0 1 1 0 0 1 0 1 1 0 0 1 0 1 1 0 0 1 0 1 1 0 0 1 0 1 1 0 0 1 0 1 1 0 0 1 0 1 1 0 0 1 0 1 1 0 0 1 0 1 1 0 0 1 0 1 1 0 0 1 0 1 1 0 0 1 0 1 1 0 0 1 0 1 1 0 0 1 0 1 1 0 0 1 0 1 1 0 0 1 0 1 1 0 0 1 0 1 1 0 0 1 0 1 1 0 0 1 0 1 1 0 0 1 0 1 1 0 0 1 0 1 1 0 0 1 0 1 1 0 0 1 0 1 1 0 0 1 0 1 1 0 0 1 0 1 1 0 0 1 0 1 1 0 0 1 0 1 1 0 0 1 0 1 1 0 0 1 0 1 1 0 0 1 0 1 1 0 0 1 0 1 1 0 0 1 0 1 1 0 0 1 0 1 1 0 0 1 0 1 1 0 0 1 0 1 1 0 0 1 0 1 1 0 0 1 0 1 1 0 0 1 0 1 1 0 0 1 0 1 1 0 0 1 0 1 1 0 0 1 0 1 1 0 0 1 0 1 1 0 0 1 0 1 1 0 0 1 0 1 1 0 0 1 0 1 1 0 0 1 0 1 1 0 0 1 0 1 1 0 0 1 0 1 1 0 0 1 0 1 1 0 0 1 0 1 1 0 0 1 0 1 1 0 0 1 0 1 1 0 0 1 0 1 1 0 0 1 0 1 1 0 0 1 0 1 1 0 0 1 0 1 1 0 0 1 0 1 1 0 0 1 0 1 1 0 0 1 0 1 1 0 0 1 0 1 1 0 0 1 0 1 1 0 0 1 0 1 1 0 0 1 0 1 1 0 0 1 0 1 1 0 0 1 0 1 1 0 0 1 0 1 1 0 0 1 0 1 1 0 0 1 0 1 1 0 0 1 0 1 1 0 0 1 0 1 1 0 0 1 0 1 1 0 0 1 0 1 1 0 0 1 0 1 1 0 0 1 0 1 1 0 0 1 0 1 1 0 0 1 0 1 1 0 0 1 0 1 1 0 0 1 0 1 1 0 0 1 0 1 1 0 0 1 0 1 1 0 0 1 0 1 1 0 0 1 0 1 1 0 0 1 0 1 1 0 0 1 0 1 1 0 0 1 0 1 1 0 0 1 0 1 1 0 0 1 0 1 1 0 0 1 0 1 1 0 0 1 0 1 1 0 0 1 0 1 1 0 0 1 0 1 1 0 0 1 0 1 1 0 0 1 0 1 1 0 0 1 0 1 1 0 0 1 0 1 1 0 0 1 0 1 1 0 0 1 0 1 1 0 0 1 0 1 1 0 0 1 0 1 1 0 0 1 0 1 1 0 0 1 0 1 1 0 0 1 0 1 1 0 0 1 0 1 1 0 0 1 0 1 1 0 0 1 0 1 1 0 0 1 0 1 1 0 0 1 0 1 1 0 0 1 0 1 1 0 0 1 0 1 1 0 0 1 0 1 1 0 0 1 0 1 1 0 0 1 0 1 1 0 0 1 0 1 1 0 0 1 0 1 1 0 0 1 0 1 1 0 0 1 0 1 1 0 0 1 0 1 1 0 0 1 0 1 1 0 0 1 0 1 1 0 0 1 0 1 1 0 0 1 0 1 1 0 0 1 0 1 1 0 0 1 0 1 1 0 0 1 0 1 1 0 0 1 0 1 1 0 0 1 0 1 1 0 0 1 0 1 1 0 0 1 0 1 1 0 0 1 0 1 1 0 0 1 0 1 1 0 0 1 0 1 1 0 0 1 0 1 1 0 0 1 0 1 1 0 0 1 0 1 1 0 0 1 0 1 1 0 0 1 0 1 1 0 0 1 0 1 1 0 0 1 0 1 1 0 0 1 0 1 1 0 0 1 0 1 1 0 0 1 0 1 1 0 0 1 0 1 1 0 0 1 0 1 1 0 0 1 0 1 1 0 0 1 0 1 1 0 0 1 0 1 1 0 0 1 0 1 1 0 0 1 0 1 1 0 0 1 0 1 1 0 0 1 0 1 1 0 0 1 0 1 1 0 0 1 0 1 1 0 0 1 0 1 1 0 0 1 0 1 1 0 0 1 0 1 1 0 0 1 0 1 1 0 0 1 0 1 1 0 0 1 0 1 1 0 0 1 0 1 1 0 0 1 0 1 1 0 0 1 0 1 1 0 0 1 0 1 1 0 0 1 0 1 1 0 0 1 0 1 1 0 0 1 0 1 1 0 0 1 0 1 1 0 0 1 0 1 1 0 0 1 0 1 1 0 0 1 0 1 1 0 0 1 0 1 1 0 0 1 0 1 1 0 0 1 0 1 1 0 0 1 0 1 1 0 0 1 0 1 1 0 0 1 0 1 1 0 0 1 0 1 1 0 0 1 0 1 1 0 0 1 0 1 1 0 0 1 0 1 1 0 0 1 0 1 1 0 0 1 0 1 1 0 0 1 0 1 1 0 0 1 0 1 1 0 0 1 0 1 1 0 0 1 0 1 1 0 0 1 0 1 1 0 0 1 0 1 1 0 0 1 0 1 1 0 0 1 0 1 1 0 0 1 0 1 1 0 0 1 0 1 1 0 0 1 0 1 1 0 0 1 0 1 1 0 0 1 0 1 1 0 0 1 0 1 1 0 0 1 0 1 1 0 0 1 0 1 1 0 0 1 0 1 1 0 0 1 0 1 1 0 0 1 0 1 1 0 0 1 0 1 1 0 0 1 0 1 1 0 0 1 0 1 1 0 0 1 0 1 1 0 0 1 0 1 1 0 0 1 0 1 1 0 0 1 0 1 1 0 0 1 0 1 1 0 0 1 0 1 1 0 0 1 0 1 1 0 0 1 0 1 1 0 0 1 0 1 1 0 0 1 0 1 1 0 0 1 0 1 1 0 0 1 0 1 1 0 0 1 0 1 1 0 0 1 0 1 1 0 0 1 0 1 1 0 0 1 0 1 1 0 0 1 0 1 1 0 0 1 0 1 1 0 0 1 0 1 1 0 0 1 0 1 1 0 0 1 0 1 1 0 0 1 0 1 1 0 0 1 0 1 1 0 0 1 0 1 1 0 0 1 0 1 1 0 0 1 0 1 1 0 0 1 0 1 1 0 0 1 0 1 1 0 0 1 0 1 1 0 0 1 0 1 1 0 0 1 0 1 1 0 0 1 0 1 1 0 0 1 0 1 1 0 0 1 0 1 1 0 0 1 0 1 1 0 0 1 0 1 1 0 0 1 0 1 1 0 0 1 0 1 1 0 0 1 0 1 1 0 0 1 0 1 1 0 0 1 0 1 1 0 0 1 0 1 1 0 0 1 0 1 1 0 0 1 0 1 1 0 0 1 0 1 1 0 0 1 0 1 1 0 0 1 0 1 1 0 0 1 0 1 1 0 0 1 0 1 1 0 0 1 0 1 1 0 0 1 0 1 1 0 0 1 0 1 1 0 0 1 0 1 1 0 0 1 0 1 1 0 0 1 0 1 1 0 0 1 0 1 1 0 0 1 0 1 1 0 0 1 0 1 1 0 0 1 0 1 1 0 0 1 0 1 1 0 0 1 0 1 1 0 0 1 0 1 1 0 0 1 0 1 1 0 0 1 0 1 1 0 0 1 0 1 1 0 0 1 0 1 1 0 0 1 0 1 1 0 0 1 0 1 1 0 0 1 0 1 1 0 0 1 0 1 1 0 0 1 0 1 1 0 0 1 0 1 1 0 0 1 0 1 1 0 0 1 0 1 1 0 0 1 0 1 1 0 0 1 0 1 1 0 0 1 0 1 1 0 0 1 0 1 1 0 0 1 0 1 1 0 0 1 0 1 1 0 0 1 0 1 1 0 0 1 0 1 1 0 0 1 0 1 1 0 0 1 0 1 1 0 0 1 0 1 1 0 0 1 0 1 1 0 0 1 0 1 1 0 0 1 0 1 1 0 0 1 0 1 1 0 0 1 0 1 1 0 0 1 0 1 1 0 0 1 0 1 1 0 0 1 0 1 1 0 0 1 0 1 1 0 0 1 0 1 1 0 0 1 0 1 1 0 0 1 0 1 1 0 0 1 0 1 1 0 0 1 0 1 1 0 0 1 0 1 1 0 0 1 0 1 1 0 0 1 0 1 1 0 0 1 0 1 1 0 0 1 0 1 1 0 0 1 0 1 1 0 0 1 0 1 1 0 0 1 0 1 1 0 0 1 0 1 1 0 0 1 0 1 1 0 0 1 0 1 1 0 0 1 0 1 1 0 0 1 0 1 1 0 0 1 0 1 1 0 0 1 0 1 1 0 0 1 0 1 1 0 0 1 0 1 1 0 0 1 0 1 1 0 0 1 0 1 1 0 0 1 0 1 1 0 0 1 0 1 1 0 0 1 0 1 1 0 0 1 0 1 1 0 0 1 0 1 1 0 0 1 0 1 1 0 0 1 0 1 1 0 0 1 0 1 1 0 0 1 0 1 1 0 0 1 0 1 1 0 0 1 0 1 1 0 0 1 0 1 1 0 0 1 0 1 1 0 0 1 0 1 1 0 0 1 0 1 1 0 0 1 0 1 1 0 0 1 0 1 1 0 0 1 0 1 1 0 0 1 0 1 1 0 0 1 0 1 1 0 0 1 0 1 1 0 0 1 0 1 1 0 0 1 0 1 1 0 0 1 0 1 1 0 0 1 0 1 1 0 0 1 0 1 1 0 0 1 0 1 1 0 0 1 0 1 1 0 0 1 0 1 1 0 0 1 0 1 1 0 0 1 0 1 1 0 0 1 0 1 1 0 0 1 0 1 1 0 0 1 0 1 1 0 0 1 0 1 1 0 0 1 0 1 1 0 0 1 0 1 1 0 0 1 0 1 1 0 0 1 0 1 1 0 0 1 0 1 1 0 0 1 0 1 1 0 0 1 0 1 1 0 0 1 0 1 1 0 0 1 0 1 1 0 0 1 0 1 1 0 0 1 0 1 1 0 0 1 0 1 1 0 0 1 0 1 1 0 0 1 0 1 1 0 0 1 0 1 1 0 0 1 0 1 1 0 0 1 0 1 1 0 0 1 0 1 1 0 0 1 0 1 1 0 0 1 0 1 1 0 0 1 0 1 1 0 0 1 0 1 1 0 0 1 0 1 1 0 0 1 0 1 1 0 0 1 0 1 1 0 0 1 0 1 1 0 0 1 0 1 1 0 0 1 0 1 1 0 0 1 0 1 1 0 0 1 0 1 1 0 0 1 0 1 1 0 0 1 0 1 1 0 0 1 0 1 1 0 0 1 0 1 1 0 0 1 0 1 1 0 0 1 0 1 1 0 0 1 0 1 1 0 0 1 0 1 1 0 0 1 0 1 1 0 0 1 0 1 1 0 0 1 0 1 1 0 0 1 0 1 1 0 0 1 0 1 1 0 0 1 0 1 1 0 0 1 0 1 1 0 0 1 0 1 1 0 0 1 0 1 1 0 0 1 0 1 1 0 0 1 0 1 1 0 0 1 0 1 1 0 0 1 0 1 1 0 0 1 0 1 1 0 0 1 0 1 1 0 0 1 0 1 1 0 0 1 0 1 1 0 0 1 0 1 1 0 0 1 0 1 1 0 0 1 0 1 1 0 0 1 0 1 1 0 0 1 0 1 1 0 0 1 0 1 1 0 0 1 0 1 1 0 0 1 0 1 1 0 0 1 0 1 1 0 0 1 0 1 1 0 0 1 0 1 1 0 0 1 0 1 1 0 0 1 0 1 1 0 0 1 0 1 1 0 0 1 0 1 1 0 0 1 0 1 1 0 0 1 0 1 1 0 0 1 0 1 1 0 0 1 0 1 1 0 0 1 0 1 1 0 0 1 0 1 1 0 0 1 0 1 1 0 0 1 0 1 1 0 0 1 0 1 1 0 0 1 0 1 1 0 0 1 0 1 1 0 0 1 0 1 1 0 0 1 0 1 1 0 0 1 0 1 1 0 0 1 0 1 1 0 0 1 0 1 1 0 0 1 0 1 1 0 0 1 0 1 1 0 0 1 0 1 1 0 0 1 0 1 1 0 0 1 0 1 1 0 0 1 0 1 1 0 0 1 0 1 1 0 0 1 0 1 1 0 0 1 0 1 1 0 0 1 0 1 1 0 0 1 0 1 1 0 0 1 0 1 1 0 0 1 0 1 1 0 0 1 0 1 1 0 0 1 0 1 1 0 0 1 0 1 1 0 0 1 0 1 1 0 0 1 0 1 1 0 0 1 0 1 1 0 0 1 0 1 1 0 0 1 0 1 1 0 0 1 0 1 1 0 0 1 0 1 1 0 0 1 0 1 1 0 0 1 0 1 1 0 0 1 0 1 1 0 0 1 0 1 1 0 0 1 0 1 1 0 0 1 0 1 1 0 0 1 0 1 1 0 0 1 0 1 1 0 0 1 0 1 1 0 0 1 0 1 1 0 0 1 0 1 1 0 0 1 0 1 1 0 0 1 0 1 1 0 0 1 0 1 1 0 0 1 0 1 1 0 0 1 0 1 1 0 0 1 0 1 1 0 0 1 0 1 1 0 0 1 0 1 1 0 0 1 0 1 1 0 0 1 0 1 1 0 0 1 0 1 1 0 0 1 0 1 1 0 0 1 0 1 1 0 0 1 0 1 1 0 0 1 0 1 1 0 0 1 0 1 1 0 0 1 0 1 1 0 0 1 0 1 1 0 0 1 0 1 1 0 0 1 0 1 1 0 0 1 0 1 1 0 0 1 0 1 1 0 0 1 0 1 1 0 0 1 0 1 1 0 0 1 0 1 1 0 0 1 0 1 1 0 0 1 0 1 1 0 0 1 0 1 1 0 0 1 0 1 1 0 0 1 0 1 1 0 0 1 0 1 1 0 0 1 0 1 1 0 0 1 0 1 1 0 0 1 0 1 1 0 0 1 0 1 1 0 0 1 0 1 1 0 0 1 0 1 1 0 0 1 0 1 1 0 0 1 0 1 1 0 0 1 0 1 1 0 0 1 0 1 1 0 0 1 0 1 1 0 0 1 0 1 1 0 0 1 0 1 1 0 0 1 0 1 1 0 0 1 0 1 1 0 0 1 0 1 1 0 0 1 0 1 1 0 0 1 0 1 1 0 0 1 0 1 1 0 0 1 0 1 1 0 0 1 0 1 1 0 0 1 0 1 1 0 0 1 0 1 1 0 0 1 0 1 1 0 0 1 0 1 1 0 0 1 0 1 1 0 0 1 0 1 1 0 0 1 0 1 1 0 0 1 0 1 1 0 0 1 0 1 1 0 0 1 0 1 1 0 0 1 0 1 1 0 0 1 0 1 1 0 0 1 0 1 1 0 0 1 0 1 1 0 0 1 0 1 1 0 0 1 0 1 1 0 0 1 0 1 1 0 0 1 0 1 1 0 0 1 0 1 1 0 0 1 0 1 1 0 0 1 0 1 1 0 0 1 0 1 1 0 0 1 0 1 1 0 0 1 0 1 1 0 0 1 0 1 1 0 0 1 0 1 1 0 0 1 0 1 1 0 0 1 0 1 1 0 0 1 0 1 1 0 0 1 0 1 1 0 0 1 0 1 1 0 0 1 0 1 1 0 0 1 0 1 1 0 0 1 0 1 1 0 0 1 0 1 1 0 0 1 0 1 1 0 0 1 0 1 1 0 0 1 0 1 1 0 0 1 0 1 1 0 0 1 0 1 1 0 0 1 0 1 1 0 0 1 0 1 1 0 0 1 0 1 1 0 0 1 0 1 1 0 0 1 0 1 1 0 0 1 0 1 1 0 0 1 0 1 1 0 0 1 0 1 1 0 0 1 0 1 1 0 0 1 0 1 1 0 0 1 0 1 1 0 0 1 0 1 1 0 0 1 0 1 1 0 0 1 0 1 1 0 0 1 0 1 1 0 0 1 0 1 1 0 0 1 0 1 1 0 0 1 0 1 1 0 0 1 0 1 1 0 0 1 0 1 1 0 0 1 0 1 1 0 0 1 0 1 1 0 0 1 0 1 1 0 0 1 0 1 1 0 0 1 0 1 1 0 0 1 0 1 1 0 0 1 0 1 1 0 0 1 0 1 1 0 0 1 0 1 1 0 0 1 0 1 1 0 0 1 0 1 1 0 0 1 0 1 1 0 0 1 0 1 1 0 0 1 0 1 1 0 0 1 0 1 1 0 0 1 0 1 1 0 0 1 0 1 1 0 0 1 0 1 1 0 0 1 0 1 1 0 0 1 0 1 1 0 0 1 0 1 1 0 0 1 0 1 1 0 0 1 0 1 1 0 0 1 0 1 1 0 0 1 0 1 1 0 0 1 0 1 1 0 0 1 0 1 1 0 0 1 0 1 1 0 0 1 0 1 1 0 0 1 0 1 1 0 0 1 0 1 1 0 0 1 0 1 1 0 0 1 0 1 1 0 0 1 0 1 1 0 0 1 0 1 1 0 0 1 0 1 1 0 0 1 0 1 1 0 0 1 0 1 1 0 0 1 0 1 1 0 0 1 0 1 1 0 0 1 0 1 1 0 0 1 0 1 1 0 0 1 0 1 1 0 0 1 0 1 1 0 0 1 0 1 1 0 0 1 0 1 1 0 0 1 0 1 1 0 0 1 0 1 1 0 0 1 0 1 1 0 0 1 0 1 1 0 0 1 0 1 1 0 0 1 0 1 1 0 0 1 0 1 1 0 0 1 0 1 1 0 0 1 0 1 1 0 0 1 0 1 1 0 0 1 0 1 1 0 0 1 0 1 1 0 0 1 0 1 1 0 0 1 0 1 1 0 0 1 0 1 1 0 0 1 0 1 1 0 0 1 0 1 1 0 0 1 0 1 1 0 0 1 0 1 1 0 0 1 0 1 1 0 0 1 0 1 1 0 0 1 0 1 1 0 0 1 0 1 1 0 0 1 0 1 1 0 0 1 0 1 1 0 0 1 0 1 1 0 0 1 0 1 1 0 0 1 0 1 1 0 0 1 0 1 1 0 0 1 0 1 1 0 0 1 0 1 1 0 0 1 0 1 1 0 0 1 0 1 1 0 0 1 0 1 1 0 0 1 0 1 1 0 0 1 0 1 1 0 0 1 0 1 1 0 0 1 0 1 1 0 0 1 0 1 1 0 0 1 0 1 1 0 0 1 0 1 1 0 0 1 0 1 1 0 0 1 0 1 1 0 0 1 0 1 1 0 0 1 0 1 1 0 0 1 0 1 1 0 0 1 0 1 1 0 0 1 0 1 1 0 0 1 0 1 1 0 0 1 0 1 1 0 0 1 0 1 1 0 0 1 0 1 1 0 0 1 0 1 1 0 0 1 0 1 1 0 0 1 0 1 1 0 0 1 0 1 1 0 0 1 0 1 1 0 0 1 0 1 1 0 0 1 0 1 1 0 0 1 0 1 1 0 0 1 0 1 1 0 0 1 0 1 1 0 0 1 0 1 1 0 0 1 0 1 1 0 0 1 0 1 1 0 0 1 0 1 1 0 0 1 0 1 1 0 0 1 0 1 1 0 0 1 0 1 1 0 0 1 0 1 1 0 0 1 0 1 1 0 0 1 0 1 1 0 0 1 0 1 1 0 0 1 0 1 1 0 0 1 0 1 1 0 0 1 0 1 1 0 0 1 0 1 1 0 0 1 0 1 1 0 0 1 0 1 1 0 0 1 0 1 1 0 0 1 0 1 1 0 0 1 0 1 1 0 0 1 0 1 1 0 0 1 0 1 1 0 0 1 0 1 1 0 0 1 0 1 1 0 0 1 0 1 1 0 0 1 0 1 1 0 0 1 0 1 1 0 0 1 0 1 1 0 0 1 0 1 1 0 0 1 0 1 1 0 0 1 0 1 1 0 0 1 0 1 1 0 0 1 0 1 1 0 0 1 0 1 1 0 0 1 0 1 1 0 0 1 0 1 1 0 0 1 0 1 1 0 0 1 0 1 1 0 0 1 0 1 1 0 0 1 0 1 1 0 0 1 0 1 1 0 0 1 0 1 1 0 0 1 0 1 1 0 0 1 0 1 1 0 0 1 0 1 1 0 0 1 0 1 1 0 0 1 0 1 1 0 0 1 0 1 1 0 0 1 0 1 1 0 0 1 0 1 1 0 0 1 0 1 1 0 0 1 0 1 1 0 0 1 0 1 1 0 0 1 0 1 1 0 0 1 0 1 1 0 0 1 0 1 1 0 0 1 0 1 1 0 0 1 0 1 1 0 0 1 0 1 1 0 0 1 0 1 1 0 0 1 0 1 1 0 0 1 0 1 1 0 0 1 0 1 1 0 0 1 0 1 1 0 0 1 0 1 1 0 0 1 0 1 1 0 0 1 0 1 1 0 0 1 0 1 1 0 0 1 0 1 1 0 0 1 0 1 1 0 0 1 0 1 1 0 0 1 0 1 1 0 0 1 0 1 1 0 0 1 0 1 1 0 0 1 0 1 1 0 0 1 0 1 1 0 0 1 0 1 1 0 0 1 0 1 1 0 0 1 0 1 1 0 0 1 0 1 1 0 0 1 0 1 1 0 0 1 0 1 1 0 0 1 0 1 1 0 0 1 0 1 1 0 0 1 0 1 1 0 0 1 0 1 1 0 0 1 0 1 1 0 0 1 0 1 1 0 0 1 0 1 1 0 0 1 0 1 1 0 0 1 0 1 1 0 0 1 0 1 1 0 0 1 0 1 1 0 0 1 0 1 1 0 0 1 0 1 1 0 0 1 0 1 1 0 0 1 0 1 1 0 0 1 0 1 1 0 0 1 0 1 1 0 0 1 0 1 1 0 0 1 0 1 1 0 0 1 0 1 1 0 0 1 0 1 1 0 0 1 0 1 1 0 0 1 0 1 1 0 0 1 0 1 1 0 0 1 0 1 1 0 0 1 0 1 1 0 0 1 0 1 1 0 0 1 0 1 1 0 0 1 0 1 1 0 0 1 0 1 1 0 0 1 0 1 1 0 0 1 0 1 1 0 0 1 0 1 1 0 0 1 0 1 1 0 0 1 0 1 1 0 0 1 0 1 1 0 0 1 0 1 1 0 0 1 0 1 1 0 0 1 0 1 1 0 0 1 0 1 1 0 0 1 0 1 1 0 0 1 0 1 1 0 0 1 0 1 1 0 0 1 0 1 1 0 0 1 0 1 1 0 0 1 0 1 1 0 0 1 0 1 1 0 0 1 0 1 1 0 0 1 0 1 1 0 0 1 0 1 1 0 0 1 0 1 1 0 0 1 0 1 1 0 0 1 0 1 1 0 0 1 0 1 1 0 0 1 0 1 1 0 0 1 0 1 1 0 0 1 0 1 1 0 0 1 0 1 1 0 0 1 0 1 1 0 0 1 0 1 1 0 0 1 0 1 1 0 0 1 0 1 1 0 0 1 0 1 1 0 0 1 0 1 1 0 0 1 0 1 1 0 0 1 0 1 1 0 0 1 0 1 1 0 0 1 0 1 1 0 0 1 0 1 1 0 0 1 0 1 1 0 0 1 0 1 1 0 0 1 0 1 1 0 0 1 0 1 1 0 0 1 0 1 1 0 0 1 0 1 1 0 0 1 0 1 1 0 0 1 0 1 1 0 0 1 0 1 1 0 0 1 0 1 1 0 0 1 0 1 1 0 0 1 0 1 1 0 0 1 0 1 1 0 0 1 0 1 1 0 0 1 0 1 1 0 0 1 0 1 1 0 0 1 0 1 1 0 0 1 0 1 1 0 0 1 0 1 1 0 0 1 0 1 1 0 0 1 0 1 1 0 0 1 0 1 1 0 0 1 0 1 1 0 0 1 0 1 1 0 0 1 0 1 1 0 0 1 0 1 1 0 0 1 0 1 1 0 0 1 0 1 1 0 0 1 0 1 1 0 0 1 0 1 1 0 0 1 0 1 1 0 0 1 0 1 1 0 0 1 0 1 1 0 0 1 0 1 1 0 0 1 0 1 1 0 0 1 0 1 1 0 0 1 0 1 1 0 0 1 0 1 1 0 0 1 0 1 1 0 0 1 0 1 1 0 0 1 0 1 1 0 0 1 0 1 1 0 0 1 0 1 1 0 0 1 0 1 1 0 0 1 0 1 1 0 0 1 0 1 1 0 0 1 0 1 1 0 0 1 0 1 1 0 0 1 0 1 1 0 0 1 0 1 1 0 0 1 0 1 1 0 0 1 0 1 1 0 0 1 0 1 1 0 0 1 0 1 1 0 0 1 0 1 1 0 0 1 0 1 1 0 0 1 0 1 1 0 0 1 0 1 1 0 0 1 0 1 1 0 0 1 0 1 1 0 0 1 0 1 1 0 0 1 0 1 1 0 0 1 0 1 1 0 0 1 0 1 1 0 0 1 0 1 1 0 0 1 0 1 1 0 0 1 0 1 1 0 0 1 0 1 1 0 0 1 0 1 1 0 0 1 0 1 1 0 0 1 0 1 1 0 0 1 0 1 1 0 0 1 0 1 1 0 0 1 0 1 1 0 0 1 0 1 1 0 0 1 0 1 1 0 0 1 0 1 1 0 0 1 0 1 1 0 0 1 0 1 1 0 0 1 0 1 1 0 0 1 0 1 1 0 0 1 0 1 1 0 0 1 0 1 1 0 0 1 0 1 1 0 0 1 0 1 1 0 0 1 0 1 1 0 0 1 0 1 1 0 0 1 0 1 1 0 0 1 0 1 1 0 0 1 0 1 1 0 0 1 0 1 1 0 0 1 0 1 1 0 0 1 0 1 1 0 0 1 0 1 1 0 0 1 0 1 1 0 0 1 0 1 1 0 0 1 0 1 1 0 0 1 0 1 1 0 0 1 0 1 1 0 0 1 0 1 1 0 0 1 0 1 1 0 0 1 0 1 1 0 0 1 0 1 1 0 0 1 0 1 1 0 0 1 0 1 1 0 0 1 0 1 1 0 0 1 0 1 1 0 0 1 0 1 1 0 0 1 0 1 1 0 0 1 0 1 1 0 0 1 0 1 1 0 0 1 0 1 1 0 0 1 0 1 1 0 0 1 0 1 1 0 0 1 0 1 1 0 0 1 0 1 1 0 0 1 0 1 1 0 0 1 0 1 1 0 0 1 0 1 1 0 0 1 0 1 1 0 0 1 0 1 1 0 0 1 0 1 1 0 0 1 0 1 1 0 0 1 0 1 1 0 0 1 0 1 1 0 0 1 0 1 1 0 0 1 0 1 1 0 0 1 0 1 1 0 0 1 0 1 1 0 0 1 0 1 1 0 0 1 0 1 1 0 0 1 0 1 1 0 0 1 0 1 1 0 0 1 0 1 1 0 0 1 0 1 1 0 0 1 0 1 1 0 0 1 0 1 1 0 0 1 0 1 1 0 0 1 0 1 1 0 0 1 0 1 1 0 0 1 0 1 1 0 0 1 0 1 1 0 0 1 0 1 1 0 0 1 0 1 1 0 0 1 0 1 1 0 0 1 0 1 1 0 0 1 0 1 1 0 0 1 0 1 1 0 0 1 0 1 1 0 0 1 0 1 1 0 0 1 0 1 1 0 0 1 0 1 1 0 0 1 0 1 1 0 0 1 0 1 1 0 0 1 0 1 1 0 0 1 0 1 1 0 0 1 0 1 1 0 0 1 0 1 1 0 0 1 0 1 1 0 0 1 0 1 1 0 0 1 0 1 1 0 0 1 0 1 1 0 0 1 0 1 1 0 0 1 0 1 1 0 0 1 0 1 1 0 0 1 0 1 1 0 0 1 0 1 1 0 0 1 0 1 1 0 0 1 0 1 1 0 0 1 0 1 1 0 0 1 0 1 1 0 0 1 0 1 1 0 0 1 0 1 1 0 0 1 0 1 1 0 0 1 0 1 1 0 0 1 0 1 1 0 0 1 0 1 1 0 0 1 0 1 1 0 0 1 0 1 1 0 0 1 0 1 1 0 0 1 0 1 1 0 0 1 0 1 1 0 0 1 0 1 1 0 0 1 0 1 1 0 0 1 0 1 1 0 0 1 0 1 1 0 0 1 0 1 1 0 0 1 0 1 1 0 0 1 0 1 1 0 0 1 0 1 1 0 0 1 0 1 1 0 0 1 0 1 1 0 0 1 0 1 1 0 0 1 0 1 1 0 0 1 0 1 1 0 0 1 0 1 1 0 0 1 0 1 1 0 0 1 0 1 1 0 0 1 0 1 1 0 0 1 0 1 1 0 0 1 0 1 1 0 0 1 0 1 1 0 0 1 0 1 1 0 0 1 0 1 1 0 0 1 0 1 1 0 0 1 0 1 1 0 0 1 0 1 1 0 0 1 0 1 1 0 0 1 0 1 1 0 0 1 0 1 1 0 0 1 0 1 1 0 0 1 0 1 1 0 0 1 0 1 1 0 0 1 0 1 1 0 0 1 0 1 1 0 0 1 0 1 1 0 0 1 0 1 1 0 0 1 0 1 1 0 0 1 0 1 1 0 0 1 0 1 1 0 0 1 0 1 1 0 0 1 0 1 1 0 0 1 0 1 1 0 0 1 0 1 1 0 0 1 0 1 1 0 0 1 0 1 1 0 0 1 0 1 1 0 0 1 0 1 1 0 0 1 0 1 1 0 0 1 0 1 1 0 0 1 0 1 1 0 0 1 0 1 1 0 0 1 0 1 1 0 0 1 0 1 1 0 0 1 0 1 1 0 0 1 0 1 1 0 0 1 0 1 1 0 0 1 0 1 1 0 0 1 0 1 1 0 0 1 0 1 1 0 0 1 0 1 1 0 0 1 0 1 1 0 0 1 0 1 1 0 0 1 0 1 1 0 0 1 0 1 1 0 0 1 0 1 1 0 0 1 0 1 1 0 0 1 0 1 1 0 0 1 0 1 1 0 0 1 0 1 1 0 0 1 0 1 1 0 0 1 0 1 1 0 0 1 0 1 1 0 0 1 0 1 1 0 0 1 0 1 1 0 0 1 0 1 1 0 0 1 0 1 1 0 0 1 0 1 1 0 0 1 0 1 1 0 0 1 0 1 1 0 0 1 0 1 1 0 0 1 0 1 1 0 0 1 0 1 1 0 0 1 0 1 1 0 0 1 0 1 1 0 0 1 0 1 1 0 0 1 0 1 1 0 0 1 0 1 1 0 0 1 0 1 1 0 0 1 0 1 1 0 0 1 0 1 1 0 0 1 0 1 1 0 0 1 0 1 1 0 0 1 0 1 1 0 0 1 0 1 1 0 0 1 0 1 1 0 0 1 0 1 1 0 0 1 0 1 1 0 0 1 0 1 1 0 0 1 0 1 1 0 0 1 0 1 1 0 0 1 0 1 1 0 0 1 0 1 1 0 0 1 0 1 1 0 0 1 0 1 1 0 0 1 0 1 1 0 0 1 0 1 1 0 0 1 0 1 1 0 0 1 0 1 1 0 0 1 0 1 1 0 0 1 0 1 1 0 0 1 0 1 1 0 0 1 0 1 1 0 0 1 0 1 1 0 0 1 0 1 1 0 0 1 0 1 1 0 0 1 0 1 1 0 0 1 0 1 1 0 0 1 0 1 1 0 0 1 0 1 1 0 0 1 0 1 1 0 0 1 0 1 1 0 0 1 0 1 1 0 0 1 0 1 1 0 0 1 0 1 1 0 0 1 0 1 1 0 0 1 0 1 1 0 0 1 0 1 1 0 0 1 0 1 1 0 0 1 0 1 1 0 0 1 0 1 1 0 0 1 0 1 1 0 0 1 0 1 1 0 0 1 0 1 1 0 0 1 0 1 1 0 0 1 0 1 1 0 0 1 0 1 1 0 0 1 0 1 1 0 0 1 0 1 1 0 0 1 0 1 1 0 0 1 0 1 1 0 0 1 0 1 1 0 0 1 0 1 1 0 0 1 0 1 1 0 0 1 0 1 1 0 0 1 0 1 1 0 0 1 0 1 1 0 0 1 0 1 1 0 0 1 0 1 1 0 0 1 0 1 1 0 0 1 0 1 1 0 0 1 0 1 1 0 0 1 0 1 1 0 0 1 0 1 1 0 0 1 0 1 1 0 0 1 0 1 1 0 0 1 0 1 1 0 0 1 0 1 1 0 0 1 0 1 1 0 0 1 0 1 1 0 0 1 0 1 1 0 0 1 0 1 1 0 0 1 0 1 1 0 0 1 0 1 1 0 0 1 0 1 1 0 0 1 0 1 1 0 0 1 0 1 1 0 0 1 0 1 1 0 0 1 0 1 1 0 0 1 0 1 1 0 0 1 0 1 1 0 0 1 0 1 1 0 0 1 0 1 1 0 0 1 0 1 1 0 0 1 0 1 1 0 0 1 0 1 1 0 0 1 0 1 1 0 0 1 0 1 1 0 0 1 0 1 1 0 0 1 0 1 1 0 0 1 0 1 1 0 0 1 0 1 1 0 0 1 0 1 1 0 0 1 0 1 1</float_array>
          <technique_common>
            <accessor source="#YukKutusu-mesh-map-array" count="10788" stride="2">
              <param name="S" type="float"/>
              <param name="T" type="float"/>
            </accessor>
          </technique_common>
        </source>
        <vertices id="YukKutusu-mesh-vertices">
          <input semantic="POSITION" source="#YukKutusu-mesh-positions"/>
        </vertices>
        <triangles material="Material_001-material" count="3596">
          <input semantic="VERTEX" source="#YukKutusu-mesh-vertices" offset="0"/>
          <input semantic="NORMAL" source="#YukKutusu-mesh-normals" offset="1"/>
          <input semantic="TEXCOORD" source="#YukKutusu-mesh-map" offset="2" set="0"/>
          <p>0 0 0 1 0 1 2 0 2 2 0 3 1 0 4 3 0 5 4 1 6 0 1 7 5 1 8 5 1 9 0 1 10 2 1 11 5 2 12 2 2 13 6 2 14 6 2 15 2 2 16 3 2 17 6 3 18 1 3 19 7 3 20 7 3 21 1 3 22 8 3 23 7 3 24 8 3 25 9 3 26 9 3 27 8 3 28 10 3 29 10 3 30 8 3 31 11 3 32 6 3 33 3 3 34 1 3 35 8 2 36 1 2 37 12 2 38 12 2 39 1 2 40 0 2 41 12 2 42 0 2 43 13 2 44 13 2 45 0 2 46 14 2 47 13 2 48 14 2 49 15 2 50 15 2 51 14 2 52 16 2 53 0 2 54 4 2 55 14 2 56 14 2 57 4 2 58 17 2 59 13 2 60 18 2 61 12 2 62 12 2 63 18 2 64 19 2 65 20 4 66 21 4 67 22 4 68 22 4 69 21 4 70 23 4 71 13 5 72 15 5 73 24 5 74 24 5 75 15 5 76 25 5 77 18 3 78 13 3 79 26 3 80 26 3 81 13 3 82 24 3 83 26 2 84 24 2 85 27 2 86 27 2 87 24 2 88 25 2 89 27 1 90 15 1 91 28 1 92 28 1 93 15 1 94 16 1 95 28 1 96 16 1 97 29 1 98 29 1 99 16 1 100 30 1 101 30 1 102 16 1 103 31 1 104 27 1 105 25 1 106 15 1 107 16 0 108 14 0 109 31 0 110 31 0 111 14 0 112 32 0 113 14 3 114 17 3 115 32 3 116 32 3 117 17 3 118 33 3 119 30 2 120 31 2 121 33 2 122 33 2 123 31 2 124 32 2 125 5 5 126 6 5 127 4 5 128 4 5 129 6 5 130 7 5 131 4 5 132 7 5 133 29 5 134 4 5 135 29 5 136 17 5 137 17 5 138 29 5 139 30 5 140 17 5 141 30 5 142 33 5 143 12 1 144 19 1 145 34 1 146 34 1 147 19 1 148 35 1 149 8 5 150 12 5 151 11 5 152 11 5 153 12 5 154 34 5 155 10 2 156 11 2 157 35 2 158 35 2 159 11 2 160 34 2 161 20 0 162 22 0 163 36 0 164 36 0 165 22 0 166 37 0 167 22 3 168 23 3 169 37 3 170 37 3 171 23 3 172 38 3 173 23 5 174 21 5 175 38 5 176 38 5 177 21 5 178 39 5 179 21 1 180 20 1 181 39 1 182 39 1 183 20 1 184 36 1 185 26 0 186 27 0 187 18 0 188 18 0 189 27 0 190 28 0 191 18 0 192 28 0 193 9 0 194 18 0 195 9 0 196 19 0 197 19 0 198 9 0 199 10 0 200 19 0 201 10 0 202 35 0 203 37 4 204 7 4 205 36 4 206 36 4 207 7 4 208 9 4 209 36 4 210 9 4 211 39 4 212 39 4 213 9 4 214 38 4 215 38 4 216 9 4 217 28 4 218 38 4 219 28 4 220 29 4 221 7 4 222 37 4 223 29 4 224 29 4 225 37 4 226 38 4 227 40 4 228 41 4 229 42 4 230 42 4 231 41 4 232 43 4 233 42 4 234 43 4 235 44 4 236 40 4 237 45 4 238 41 4 239 41 4 240 45 4 241 46 4 242 46 4 243 45 4 244 47 4 245 46 4 246 47 4 247 44 4 248 44 4 249 47 4 250 42 4 251 48 2 252 49 2 253 50 2 254 50 2 255 49 2 256 51 2 257 51 2 258 49 2 259 52 2 260 52 2 261 49 2 262 53 2 263 52 2 264 53 2 265 54 2 266 54 2 267 53 2 268 55 2 269 56 2 270 57 2 271 58 2 272 58 6 273 57 6 274 59 6 275 59 2 276 57 2 277 60 2 278 59 2 279 60 2 280 61 2 281 61 7 282 60 7 283 62 7 284 62 2 285 60 2 286 63 2 287 47 5 288 64 5 289 42 5 290 42 5 291 64 5 292 65 5 293 42 5 294 65 5 295 59 5 296 59 5 297 65 5 298 58 5 299 47 5 300 52 5 301 64 5 302 64 5 303 52 5 304 54 5 305 45 1 306 51 1 307 47 1 308 47 1 309 51 1 310 52 1 311 55 3 312 66 3 313 54 3 314 54 8 315 66 8 316 67 8 317 54 9 318 67 9 319 68 9 320 68 3 321 69 3 322 54 3 323 54 3 324 69 3 325 64 3 326 64 10 327 69 10 328 70 10 329 64 11 330 70 11 331 71 11 332 64 3 333 71 3 334 72 3 335 72 12 336 71 12 337 73 12 338 72 13 339 73 13 340 74 13 341 72 3 342 74 3 343 50 3 344 50 14 345 74 14 346 75 14 347 50 15 348 75 15 349 76 15 350 76 3 351 77 3 352 50 3 353 50 16 354 77 16 355 48 16 356 72 2 357 78 2 358 64 2 359 64 2 360 78 2 361 65 2 362 63 17 363 79 17 364 62 17 365 62 18 366 79 18 367 80 18 368 62 19 369 80 19 370 81 19 371 81 1 372 82 1 373 62 1 374 62 1 375 82 1 376 78 1 377 78 20 378 82 20 379 83 20 380 78 21 381 83 21 382 84 21 383 78 1 384 84 1 385 65 1 386 65 22 387 84 22 388 85 22 389 65 23 390 85 23 391 86 23 392 65 1 393 86 1 394 58 1 395 58 24 396 86 24 397 87 24 398 58 25 399 87 25 400 88 25 401 88 1 402 89 1 403 58 1 404 58 26 405 89 26 406 56 26 407 61 3 408 40 3 409 59 3 410 59 3 411 40 3 412 42 3 413 51 27 414 45 27 415 72 27 416 72 0 417 45 0 418 40 0 419 72 0 420 40 0 421 78 0 422 78 0 423 40 0 424 61 0 425 78 0 426 61 0 427 62 0 428 72 0 429 50 0 430 51 0 431 49 28 432 48 28 433 90 28 434 90 29 435 48 29 436 91 29 437 90 30 438 91 30 439 92 30 440 92 30 441 91 30 442 93 30 443 92 31 444 93 31 445 94 31 446 94 31 447 93 31 448 95 31 449 94 32 450 95 32 451 96 32 452 96 33 453 95 33 454 97 33 455 96 34 456 97 34 457 98 34 458 98 34 459 97 34 460 99 34 461 98 35 462 99 35 463 100 35 464 100 36 465 99 36 466 101 36 467 100 37 468 101 37 469 102 37 470 102 38 471 101 38 472 103 38 473 102 39 474 103 39 475 104 39 476 104 39 477 103 39 478 105 39 479 104 40 480 105 40 481 106 40 482 106 41 483 105 41 484 107 41 485 106 42 486 107 42 487 108 42 488 108 42 489 107 42 490 109 42 491 108 43 492 109 43 493 110 43 494 110 43 495 109 43 496 111 43 497 110 44 498 111 44 499 55 44 500 55 45 501 111 45 502 112 45 503 55 46 504 112 46 505 66 46 506 66 46 507 112 46 508 113 46 509 66 47 510 113 47 511 67 47 512 67 48 513 113 48 514 114 48 515 67 49 516 114 49 517 68 49 518 68 50 519 114 50 520 115 50 521 68 51 522 115 51 523 69 51 524 69 52 525 115 52 526 116 52 527 69 53 528 116 53 529 70 53 530 70 54 531 116 54 532 117 54 533 70 55 534 117 55 535 71 55 536 71 55 537 117 55 538 118 55 539 71 56 540 118 56 541 73 56 542 73 56 543 118 56 544 119 56 545 73 57 546 119 57 547 74 57 548 74 58 549 119 58 550 120 58 551 74 59 552 120 59 553 75 59 554 75 60 555 120 60 556 121 60 557 75 61 558 121 61 559 76 61 560 76 62 561 121 62 562 122 62 563 76 63 564 122 63 565 77 63 566 77 64 567 122 64 568 123 64 569 77 65 570 123 65 571 48 65 572 48 65 573 123 65 574 124 65 575 48 66 576 124 66 577 91 66 578 55 67 579 53 67 580 110 67 581 125 68 582 85 68 583 126 68 584 126 69 585 85 69 586 84 69 587 126 70 588 84 70 589 127 70 590 127 71 591 84 71 592 83 71 593 127 72 594 83 72 595 128 72 596 128 73 597 83 73 598 82 73 599 128 74 600 82 74 601 129 74 602 129 75 603 82 75 604 81 75 605 129 76 606 81 76 607 130 76 608 130 62 609 81 62 610 80 62 611 130 77 612 80 77 613 131 77 614 131 63 615 80 63 616 79 63 617 131 78 618 79 78 619 132 78 620 132 79 621 79 79 622 63 79 623 132 80 624 63 80 625 133 80 626 133 81 627 63 81 628 134 81 629 133 82 630 134 82 631 135 82 632 135 83 633 134 83 634 136 83 635 135 84 636 136 84 637 137 84 638 137 84 639 136 84 640 138 84 641 137 85 642 138 85 643 139 85 644 139 86 645 138 86 646 140 86 647 139 87 648 140 87 649 141 87 650 141 88 651 140 88 652 142 88 653 141 89 654 142 89 655 143 89 656 143 90 657 142 90 658 144 90 659 143 91 660 144 91 661 145 91 662 145 92 663 144 92 664 146 92 665 145 93 666 146 93 667 147 93 668 147 94 669 146 94 670 148 94 671 147 95 672 148 95 673 149 95 674 149 96 675 148 96 676 150 96 677 149 97 678 150 97 679 151 97 680 151 97 681 150 97 682 152 97 683 151 98 684 152 98 685 153 98 686 153 99 687 152 99 688 154 99 689 153 100 690 154 100 691 56 100 692 56 101 693 154 101 694 57 101 695 85 102 696 125 102 697 86 102 698 86 103 699 125 103 700 155 103 701 86 104 702 155 104 703 87 104 704 87 105 705 155 105 706 156 105 707 87 50 708 156 50 709 88 50 710 88 106 711 156 106 712 157 106 713 88 107 714 157 107 715 89 107 716 89 47 717 157 47 718 158 47 719 89 108 720 158 108 721 56 108 722 56 109 723 158 109 724 159 109 725 56 110 726 159 110 727 153 110 728 63 111 729 60 111 730 134 111 731 160 1 732 161 1 733 162 1 734 162 1 735 161 1 736 163 1 737 162 1 738 163 1 739 164 1 740 164 1 741 163 1 742 165 1 743 164 1 744 165 1 745 166 1 746 166 1 747 165 1 748 167 1 749 166 1 750 167 1 751 168 1 752 168 1 753 167 1 754 169 1 755 168 1 756 169 1 757 170 1 758 170 1 759 169 1 760 171 1 761 170 1 762 171 1 763 172 1 764 172 1 765 171 1 766 173 1 767 172 1 768 173 1 769 174 1 770 174 1 771 173 1 772 175 1 773 174 1 774 175 1 775 176 1 776 176 1 777 175 1 778 177 1 779 176 1 780 177 1 781 178 1 782 178 1 783 177 1 784 179 1 785 178 1 786 179 1 787 180 1 788 180 1 789 179 1 790 181 1 791 180 1 792 181 1 793 182 1 794 180 1 795 182 1 796 183 1 797 183 1 798 182 1 799 184 1 800 183 1 801 184 1 802 185 1 803 185 1 804 184 1 805 186 1 806 185 1 807 186 1 808 187 1 809 187 1 810 186 1 811 188 1 812 187 1 813 188 1 814 189 1 815 189 1 816 188 1 817 190 1 818 189 1 819 190 1 820 191 1 821 191 1 822 190 1 823 192 1 824 191 1 825 192 1 826 193 1 827 193 1 828 192 1 829 194 1 830 193 1 831 194 1 832 195 1 833 195 1 834 194 1 835 196 1 836 195 1 837 196 1 838 197 1 839 197 1 840 196 1 841 198 1 842 197 1 843 198 1 844 199 1 845 199 1 846 198 1 847 200 1 848 199 1 849 200 1 850 201 1 851 199 1 852 201 1 853 202 1 854 202 1 855 201 1 856 203 1 857 202 1 858 203 1 859 204 1 860 204 112 861 203 112 862 205 112 863 204 113 864 205 113 865 206 113 866 206 1 867 205 1 868 207 1 869 206 1 870 207 1 871 208 1 872 208 114 873 207 114 874 209 114 875 208 115 876 209 115 877 210 115 878 210 116 879 209 116 880 211 116 881 210 117 882 211 117 883 212 117 884 212 1 885 211 1 886 213 1 887 212 118 888 213 118 889 214 118 890 214 119 891 213 119 892 215 119 893 214 120 894 215 120 895 216 120 896 216 121 897 215 121 898 217 121 899 216 122 900 217 122 901 218 122 902 218 123 903 217 123 904 219 123 905 218 124 906 219 124 907 220 124 908 218 125 909 220 125 910 221 125 911 221 126 912 220 126 913 222 126 914 221 1 915 222 1 916 223 1 917 223 127 918 222 127 919 224 127 920 223 128 921 224 128 922 225 128 923 225 1 924 224 1 925 226 1 926 225 1 927 226 1 928 227 1 929 227 129 930 226 129 931 228 129 932 227 1 933 228 1 934 229 1 935 229 130 936 228 130 937 230 130 938 229 1 939 230 1 940 231 1 941 231 1 942 230 1 943 232 1 944 231 1 945 232 1 946 233 1 947 233 131 948 232 131 949 234 131 950 233 1 951 234 1 952 235 1 953 235 1 954 234 1 955 160 1 956 235 1 957 160 1 958 162 1 959 235 132 960 162 132 961 236 132 962 236 133 963 162 133 964 164 133 965 236 134 966 164 134 967 237 134 968 237 135 969 164 135 970 166 135 971 237 136 972 166 136 973 238 136 974 238 137 975 166 137 976 168 137 977 238 138 978 168 138 979 239 138 980 239 139 981 168 139 982 170 139 983 239 140 984 170 140 985 240 140 986 240 141 987 170 141 988 172 141 989 240 142 990 172 142 991 241 142 992 241 143 993 172 143 994 174 143 995 241 144 996 174 144 997 242 144 998 242 145 999 174 145 1000 176 145 1001 242 146 1002 176 146 1003 243 146 1004 243 147 1005 176 147 1006 178 147 1007 243 148 1008 178 148 1009 244 148 1010 244 149 1011 178 149 1012 180 149 1013 244 150 1014 180 150 1015 245 150 1016 245 151 1017 180 151 1018 183 151 1019 245 152 1020 183 152 1021 246 152 1022 246 153 1023 183 153 1024 185 153 1025 246 154 1026 185 154 1027 247 154 1028 247 155 1029 185 155 1030 187 155 1031 247 156 1032 187 156 1033 248 156 1034 248 157 1035 187 157 1036 189 157 1037 248 158 1038 189 158 1039 249 158 1040 249 159 1041 189 159 1042 191 159 1043 249 160 1044 191 160 1045 250 160 1046 250 161 1047 191 161 1048 193 161 1049 250 162 1050 193 162 1051 251 162 1052 251 163 1053 193 163 1054 195 163 1055 251 164 1056 195 164 1057 252 164 1058 252 165 1059 195 165 1060 197 165 1061 252 166 1062 197 166 1063 253 166 1064 253 167 1065 197 167 1066 199 167 1067 253 168 1068 199 168 1069 202 168 1070 253 169 1071 202 169 1072 254 169 1073 254 170 1074 202 170 1075 204 170 1076 254 171 1077 204 171 1078 255 171 1079 255 172 1080 204 172 1081 206 172 1082 255 173 1083 206 173 1084 256 173 1085 256 174 1086 206 174 1087 208 174 1088 256 175 1089 208 175 1090 257 175 1091 257 176 1092 208 176 1093 210 176 1094 257 177 1095 210 177 1096 258 177 1097 258 178 1098 210 178 1099 212 178 1100 258 179 1101 212 179 1102 259 179 1103 259 180 1104 212 180 1105 214 180 1106 259 181 1107 214 181 1108 260 181 1109 260 182 1110 214 182 1111 216 182 1112 260 183 1113 216 183 1114 261 183 1115 261 184 1116 216 184 1117 218 184 1118 261 185 1119 218 185 1120 262 185 1121 262 186 1122 218 186 1123 221 186 1124 262 187 1125 221 187 1126 263 187 1127 263 188 1128 221 188 1129 223 188 1130 263 189 1131 223 189 1132 264 189 1133 264 190 1134 223 190 1135 225 190 1136 264 191 1137 225 191 1138 265 191 1139 265 192 1140 225 192 1141 227 192 1142 265 193 1143 227 193 1144 266 193 1145 266 194 1146 227 194 1147 229 194 1148 266 195 1149 229 195 1150 267 195 1151 267 196 1152 229 196 1153 231 196 1154 267 197 1155 231 197 1156 268 197 1157 268 198 1158 231 198 1159 233 198 1160 268 199 1161 233 199 1162 269 199 1163 269 200 1164 233 200 1165 235 200 1166 269 201 1167 235 201 1168 236 201 1169 269 1 1170 236 1 1171 270 1 1172 270 1 1173 236 1 1174 237 1 1175 270 1 1176 237 1 1177 271 1 1178 271 202 1179 237 202 1180 238 202 1181 271 1 1182 238 1 1183 272 1 1184 272 1 1185 238 1 1186 239 1 1187 272 203 1188 239 203 1189 240 203 1190 272 1 1191 240 1 1192 273 1 1193 273 204 1194 240 204 1195 241 204 1196 273 205 1197 241 205 1198 274 205 1199 274 206 1200 241 206 1201 242 206 1202 274 1 1203 242 1 1204 275 1 1205 275 207 1206 242 207 1207 243 207 1208 275 208 1209 243 208 1210 244 208 1211 275 1 1212 244 1 1213 276 1 1214 276 1 1215 244 1 1216 245 1 1217 276 1 1218 245 1 1219 277 1 1220 277 209 1221 245 209 1222 246 209 1223 277 210 1224 246 210 1225 247 210 1226 277 1 1227 247 1 1228 278 1 1229 278 211 1230 247 211 1231 248 211 1232 278 212 1233 248 212 1234 279 212 1235 279 213 1236 248 213 1237 249 213 1238 279 1 1239 249 1 1240 280 1 1241 280 214 1242 249 214 1243 250 214 1244 280 1 1245 250 1 1246 251 1 1247 280 1 1248 251 1 1249 281 1 1250 281 215 1251 251 215 1252 252 215 1253 281 1 1254 252 1 1255 282 1 1256 282 1 1257 252 1 1258 253 1 1259 282 1 1260 253 1 1261 254 1 1262 282 1 1263 254 1 1264 283 1 1265 283 216 1266 254 216 1267 255 216 1268 283 1 1269 255 1 1270 284 1 1271 284 1 1272 255 1 1273 256 1 1274 284 1 1275 256 1 1276 257 1 1277 284 1 1278 257 1 1279 285 1 1280 285 217 1281 257 217 1282 258 217 1283 285 1 1284 258 1 1285 286 1 1286 286 218 1287 258 218 1288 259 218 1289 286 219 1290 259 219 1291 287 219 1292 287 220 1293 259 220 1294 260 220 1295 287 221 1296 260 221 1297 261 221 1298 287 1 1299 261 1 1300 288 1 1301 288 1 1302 261 1 1303 262 1 1304 288 1 1305 262 1 1306 289 1 1307 289 222 1308 262 222 1309 263 222 1310 289 223 1311 263 223 1312 264 223 1313 289 1 1314 264 1 1315 290 1 1316 290 224 1317 264 224 1318 265 224 1319 290 1 1320 265 1 1321 291 1 1322 291 225 1323 265 225 1324 266 225 1325 291 1 1326 266 1 1327 292 1 1328 292 1 1329 266 1 1330 267 1 1331 292 1 1332 267 1 1333 268 1 1334 292 1 1335 268 1 1336 293 1 1337 293 226 1338 268 226 1339 269 226 1340 293 1 1341 269 1 1342 270 1 1343 271 227 1344 294 227 1345 270 227 1346 270 228 1347 294 228 1348 295 228 1349 270 229 1350 295 229 1351 293 229 1352 293 230 1353 295 230 1354 296 230 1355 293 231 1356 296 231 1357 292 231 1358 292 232 1359 296 232 1360 297 232 1361 292 233 1362 297 233 1363 291 233 1364 291 234 1365 297 234 1366 298 234 1367 291 235 1368 298 235 1369 290 235 1370 290 236 1371 298 236 1372 299 236 1373 290 237 1374 299 237 1375 289 237 1376 289 238 1377 299 238 1378 300 238 1379 289 239 1380 300 239 1381 288 239 1382 288 240 1383 300 240 1384 301 240 1385 288 241 1386 301 241 1387 287 241 1388 287 242 1389 301 242 1390 302 242 1391 287 243 1392 302 243 1393 286 243 1394 286 244 1395 302 244 1396 303 244 1397 286 245 1398 303 245 1399 285 245 1400 285 246 1401 303 246 1402 304 246 1403 285 247 1404 304 247 1405 284 247 1406 284 248 1407 304 248 1408 305 248 1409 284 249 1410 305 249 1411 283 249 1412 283 250 1413 305 250 1414 306 250 1415 283 251 1416 306 251 1417 282 251 1418 282 252 1419 306 252 1420 307 252 1421 282 253 1422 307 253 1423 281 253 1424 281 254 1425 307 254 1426 308 254 1427 281 255 1428 308 255 1429 280 255 1430 280 256 1431 308 256 1432 309 256 1433 280 257 1434 309 257 1435 279 257 1436 279 258 1437 309 258 1438 310 258 1439 279 259 1440 310 259 1441 278 259 1442 278 260 1443 310 260 1444 311 260 1445 278 261 1446 311 261 1447 277 261 1448 277 262 1449 311 262 1450 312 262 1451 277 263 1452 312 263 1453 276 263 1454 276 264 1455 312 264 1456 313 264 1457 276 265 1458 313 265 1459 275 265 1460 275 266 1461 313 266 1462 314 266 1463 275 267 1464 314 267 1465 274 267 1466 274 268 1467 314 268 1468 315 268 1469 274 269 1470 315 269 1471 273 269 1472 273 270 1473 315 270 1474 316 270 1475 273 271 1476 316 271 1477 272 271 1478 272 272 1479 316 272 1480 317 272 1481 272 273 1482 317 273 1483 271 273 1484 271 274 1485 317 274 1486 294 274 1487 294 275 1488 119 275 1489 295 275 1490 295 1 1491 119 1 1492 118 1 1493 295 1 1494 118 1 1495 296 1 1496 296 276 1497 118 276 1498 117 276 1499 296 1 1500 117 1 1501 116 1 1502 119 1 1503 294 1 1504 120 1 1505 120 1 1506 294 1 1507 317 1 1508 120 277 1509 317 277 1510 121 277 1511 121 278 1512 317 278 1513 316 278 1514 121 279 1515 316 279 1516 122 279 1517 122 280 1518 316 280 1519 315 280 1520 122 1 1521 315 1 1522 123 1 1523 123 281 1524 315 281 1525 314 281 1526 123 282 1527 314 282 1528 124 282 1529 124 283 1530 314 283 1531 313 283 1532 124 284 1533 313 284 1534 312 284 1535 124 285 1536 312 285 1537 91 285 1538 91 286 1539 312 286 1540 311 286 1541 91 1 1542 311 1 1543 93 1 1544 93 287 1545 311 287 1546 310 287 1547 93 1 1548 310 1 1549 95 1 1550 95 288 1551 310 288 1552 309 288 1553 95 289 1554 309 289 1555 97 289 1556 97 1 1557 309 1 1558 308 1 1559 97 1 1560 308 1 1561 99 1 1562 99 290 1563 308 290 1564 307 290 1565 99 1 1566 307 1 1567 101 1 1568 101 1 1569 307 1 1570 103 1 1571 103 290 1572 307 290 1573 306 290 1574 103 1 1575 306 1 1576 105 1 1577 105 1 1578 306 1 1579 305 1 1580 105 291 1581 305 291 1582 107 291 1583 107 287 1584 305 287 1585 304 287 1586 107 291 1587 304 291 1588 109 291 1589 109 292 1590 304 292 1591 303 292 1592 109 1 1593 303 1 1594 111 1 1595 111 293 1596 303 293 1597 302 293 1598 111 285 1599 302 285 1600 112 285 1601 112 294 1602 302 294 1603 301 294 1604 112 295 1605 301 295 1606 300 295 1607 112 296 1608 300 296 1609 113 296 1610 113 297 1611 300 297 1612 299 297 1613 113 1 1614 299 1 1615 114 1 1616 114 298 1617 299 298 1618 298 298 1619 114 1 1620 298 1 1621 115 1 1622 115 280 1623 298 280 1624 297 280 1625 115 279 1626 297 279 1627 116 279 1628 116 1 1629 297 1 1630 296 1 1631 49 299 1632 90 299 1633 53 299 1634 53 1 1635 90 1 1636 110 1 1637 110 1 1638 90 1 1639 108 1 1640 108 300 1641 90 300 1642 92 300 1643 108 301 1644 92 301 1645 106 301 1646 106 302 1647 92 302 1648 94 302 1649 106 303 1650 94 303 1651 104 303 1652 104 304 1653 94 304 1654 96 304 1655 104 1 1656 96 1 1657 102 1 1658 102 305 1659 96 305 1660 98 305 1661 102 1 1662 98 1 1663 100 1 1664 60 3 1665 57 3 1666 134 3 1667 134 306 1668 57 306 1669 154 306 1670 134 307 1671 154 307 1672 152 307 1673 134 308 1674 152 308 1675 136 308 1676 136 309 1677 152 309 1678 150 309 1679 136 310 1680 150 310 1681 138 310 1682 138 311 1683 150 311 1684 148 311 1685 138 3 1686 148 3 1687 140 3 1688 140 312 1689 148 312 1690 146 312 1691 140 313 1692 146 313 1693 142 313 1694 142 3 1695 146 3 1696 144 3 1697 125 3 1698 126 3 1699 318 3 1700 318 3 1701 126 3 1702 127 3 1703 318 314 1704 127 314 1705 319 314 1706 319 315 1707 127 315 1708 128 315 1709 319 316 1710 128 316 1711 320 316 1712 320 317 1713 128 317 1714 129 317 1715 320 3 1716 129 3 1717 321 3 1718 321 318 1719 129 318 1720 130 318 1721 321 3 1722 130 3 1723 322 3 1724 322 319 1725 130 319 1726 131 319 1727 322 3 1728 131 3 1729 323 3 1730 323 320 1731 131 320 1732 132 320 1733 323 321 1734 132 321 1735 324 321 1736 324 322 1737 132 322 1738 325 322 1739 325 323 1740 132 323 1741 133 323 1742 325 3 1743 133 3 1744 326 3 1745 326 324 1746 133 324 1747 135 324 1748 326 3 1749 135 3 1750 327 3 1751 327 325 1752 135 325 1753 137 325 1754 327 326 1755 137 326 1756 328 326 1757 328 327 1758 137 327 1759 139 327 1760 328 328 1761 139 328 1762 329 328 1763 329 329 1764 139 329 1765 141 329 1766 329 330 1767 141 330 1768 330 330 1769 330 3 1770 141 3 1771 143 3 1772 330 3 1773 143 3 1774 331 3 1775 331 331 1776 143 331 1777 145 331 1778 331 332 1779 145 332 1780 147 332 1781 331 333 1782 147 333 1783 332 333 1784 332 334 1785 147 334 1786 149 334 1787 332 3 1788 149 3 1789 333 3 1790 333 325 1791 149 325 1792 151 325 1793 333 3 1794 151 3 1795 334 3 1796 334 335 1797 151 335 1798 153 335 1799 334 3 1800 153 3 1801 335 3 1802 335 336 1803 153 336 1804 159 336 1805 335 337 1806 159 337 1807 336 337 1808 336 338 1809 159 338 1810 337 338 1811 337 339 1812 159 339 1813 158 339 1814 337 3 1815 158 3 1816 338 3 1817 338 340 1818 158 340 1819 157 340 1820 338 3 1821 157 3 1822 339 3 1823 339 318 1824 157 318 1825 156 318 1826 339 341 1827 156 341 1828 340 341 1829 340 342 1830 156 342 1831 155 342 1832 340 343 1833 155 343 1834 341 343 1835 341 344 1836 155 344 1837 125 344 1838 341 345 1839 125 345 1840 318 345 1841 319 346 1842 342 346 1843 318 346 1844 318 347 1845 342 347 1846 343 347 1847 318 348 1848 343 348 1849 341 348 1850 341 349 1851 343 349 1852 344 349 1853 341 350 1854 344 350 1855 340 350 1856 340 351 1857 344 351 1858 345 351 1859 340 352 1860 345 352 1861 339 352 1862 339 353 1863 345 353 1864 346 353 1865 339 354 1866 346 354 1867 338 354 1868 338 355 1869 346 355 1870 347 355 1871 338 356 1872 347 356 1873 337 356 1874 337 357 1875 347 357 1876 348 357 1877 337 358 1878 348 358 1879 336 358 1880 336 359 1881 348 359 1882 349 359 1883 336 360 1884 349 360 1885 335 360 1886 335 361 1887 349 361 1888 350 361 1889 335 362 1890 350 362 1891 334 362 1892 334 363 1893 350 363 1894 351 363 1895 334 364 1896 351 364 1897 333 364 1898 333 365 1899 351 365 1900 352 365 1901 333 366 1902 352 366 1903 332 366 1904 332 367 1905 352 367 1906 353 367 1907 332 368 1908 353 368 1909 331 368 1910 331 369 1911 353 369 1912 354 369 1913 331 370 1914 354 370 1915 330 370 1916 330 371 1917 354 371 1918 355 371 1919 330 372 1920 355 372 1921 329 372 1922 329 373 1923 355 373 1924 356 373 1925 329 374 1926 356 374 1927 328 374 1928 328 375 1929 356 375 1930 357 375 1931 328 376 1932 357 376 1933 327 376 1934 327 377 1935 357 377 1936 358 377 1937 327 378 1938 358 378 1939 326 378 1940 326 379 1941 358 379 1942 359 379 1943 326 380 1944 359 380 1945 325 380 1946 325 381 1947 359 381 1948 360 381 1949 325 382 1950 360 382 1951 324 382 1952 324 383 1953 360 383 1954 361 383 1955 324 384 1956 361 384 1957 323 384 1958 323 385 1959 361 385 1960 362 385 1961 323 386 1962 362 386 1963 322 386 1964 322 387 1965 362 387 1966 363 387 1967 322 388 1968 363 388 1969 321 388 1970 321 389 1971 363 389 1972 364 389 1973 321 390 1974 364 390 1975 320 390 1976 320 391 1977 364 391 1978 365 391 1979 320 392 1980 365 392 1981 319 392 1982 319 393 1983 365 393 1984 342 393 1985 342 3 1986 366 3 1987 343 3 1988 343 3 1989 366 3 1990 367 3 1991 343 3 1992 367 3 1993 368 3 1994 366 3 1995 342 3 1996 369 3 1997 369 394 1998 342 394 1999 365 394 2000 369 3 2001 365 3 2002 370 3 2003 370 3 2004 365 3 2005 371 3 2006 371 3 2007 365 3 2008 364 3 2009 371 3 2010 364 3 2011 372 3 2012 372 395 2013 364 395 2014 363 395 2015 372 3 2016 363 3 2017 373 3 2018 373 396 2019 363 396 2020 362 396 2021 373 3 2022 362 3 2023 374 3 2024 374 3 2025 362 3 2026 375 3 2027 375 397 2028 362 397 2029 361 397 2030 375 3 2031 361 3 2032 376 3 2033 376 398 2034 361 398 2035 360 398 2036 376 3 2037 360 3 2038 377 3 2039 377 3 2040 360 3 2041 378 3 2042 378 399 2043 360 399 2044 359 399 2045 378 3 2046 359 3 2047 379 3 2048 379 400 2049 359 400 2050 358 400 2051 379 3 2052 358 3 2053 380 3 2054 380 3 2055 358 3 2056 357 3 2057 380 3 2058 357 3 2059 381 3 2060 381 3 2061 357 3 2062 382 3 2063 382 401 2064 357 401 2065 356 401 2066 382 3 2067 356 3 2068 383 3 2069 383 3 2070 356 3 2071 355 3 2072 383 3 2073 355 3 2074 384 3 2075 384 3 2076 355 3 2077 385 3 2078 385 3 2079 355 3 2080 354 3 2081 385 3 2082 354 3 2083 386 3 2084 386 402 2085 354 402 2086 353 402 2087 386 3 2088 353 3 2089 387 3 2090 387 3 2091 353 3 2092 388 3 2093 388 3 2094 353 3 2095 352 3 2096 388 3 2097 352 3 2098 389 3 2099 389 403 2100 352 403 2101 351 403 2102 389 404 2103 351 404 2104 390 404 2105 390 405 2106 351 405 2107 350 405 2108 390 3 2109 350 3 2110 391 3 2111 391 406 2112 350 406 2113 392 406 2114 392 407 2115 350 407 2116 349 407 2117 392 3 2118 349 3 2119 393 3 2120 393 408 2121 349 408 2122 348 408 2123 393 409 2124 348 409 2125 394 409 2126 394 410 2127 348 410 2128 395 410 2129 395 411 2130 348 411 2131 347 411 2132 395 3 2133 347 3 2134 396 3 2135 396 412 2136 347 412 2137 346 412 2138 396 3 2139 346 3 2140 397 3 2141 397 3 2142 346 3 2143 345 3 2144 397 3 2145 345 3 2146 398 3 2147 398 413 2148 345 413 2149 399 413 2150 399 414 2151 345 414 2152 344 414 2153 399 3 2154 344 3 2155 368 3 2156 368 3 2157 344 3 2158 343 3 2159 366 415 2160 400 415 2161 367 415 2162 367 416 2163 400 416 2164 401 416 2165 367 417 2166 401 417 2167 402 417 2168 400 418 2169 366 418 2170 403 418 2171 403 419 2172 366 419 2173 369 419 2174 403 420 2175 369 420 2176 404 420 2177 404 421 2178 369 421 2179 370 421 2180 404 422 2181 370 422 2182 405 422 2183 405 423 2184 370 423 2185 371 423 2186 405 424 2187 371 424 2188 406 424 2189 406 425 2190 371 425 2191 372 425 2192 406 426 2193 372 426 2194 407 426 2195 407 427 2196 372 427 2197 373 427 2198 407 428 2199 373 428 2200 408 428 2201 408 429 2202 373 429 2203 374 429 2204 408 430 2205 374 430 2206 409 430 2207 409 431 2208 374 431 2209 375 431 2210 409 432 2211 375 432 2212 410 432 2213 410 433 2214 375 433 2215 376 433 2216 410 434 2217 376 434 2218 411 434 2219 411 435 2220 376 435 2221 377 435 2222 411 436 2223 377 436 2224 412 436 2225 412 437 2226 377 437 2227 378 437 2228 412 438 2229 378 438 2230 413 438 2231 413 439 2232 378 439 2233 379 439 2234 413 440 2235 379 440 2236 414 440 2237 414 441 2238 379 441 2239 380 441 2240 414 442 2241 380 442 2242 415 442 2243 415 443 2244 380 443 2245 381 443 2246 415 444 2247 381 444 2248 416 444 2249 416 445 2250 381 445 2251 382 445 2252 416 446 2253 382 446 2254 417 446 2255 417 447 2256 382 447 2257 383 447 2258 417 448 2259 383 448 2260 418 448 2261 418 449 2262 383 449 2263 384 449 2264 418 450 2265 384 450 2266 419 450 2267 419 451 2268 384 451 2269 420 451 2270 420 452 2271 384 452 2272 385 452 2273 420 453 2274 385 453 2275 421 453 2276 421 454 2277 385 454 2278 386 454 2279 421 455 2280 386 455 2281 422 455 2282 422 456 2283 386 456 2284 387 456 2285 422 457 2286 387 457 2287 423 457 2288 423 458 2289 387 458 2290 388 458 2291 423 459 2292 388 459 2293 424 459 2294 424 460 2295 388 460 2296 389 460 2297 424 461 2298 389 461 2299 425 461 2300 425 462 2301 389 462 2302 390 462 2303 425 463 2304 390 463 2305 426 463 2306 426 464 2307 390 464 2308 391 464 2309 426 465 2310 391 465 2311 427 465 2312 427 466 2313 391 466 2314 392 466 2315 427 467 2316 392 467 2317 428 467 2318 428 468 2319 392 468 2320 393 468 2321 428 469 2322 393 469 2323 429 469 2324 429 470 2325 393 470 2326 394 470 2327 429 471 2328 394 471 2329 430 471 2330 430 472 2331 394 472 2332 395 472 2333 430 473 2334 395 473 2335 431 473 2336 431 474 2337 395 474 2338 396 474 2339 431 475 2340 396 475 2341 432 475 2342 432 476 2343 396 476 2344 397 476 2345 432 477 2346 397 477 2347 433 477 2348 433 478 2349 397 478 2350 398 478 2351 433 479 2352 398 479 2353 434 479 2354 434 480 2355 398 480 2356 399 480 2357 434 481 2358 399 481 2359 435 481 2360 435 482 2361 399 482 2362 368 482 2363 435 483 2364 368 483 2365 402 483 2366 402 484 2367 368 484 2368 367 484 2369 400 3 2370 436 3 2371 401 3 2372 401 3 2373 436 3 2374 437 3 2375 401 3 2376 437 3 2377 438 3 2378 436 3 2379 400 3 2380 439 3 2381 439 3 2382 400 3 2383 403 3 2384 439 3 2385 403 3 2386 440 3 2387 440 3 2388 403 3 2389 404 3 2390 440 3 2391 404 3 2392 441 3 2393 441 3 2394 404 3 2395 405 3 2396 441 3 2397 405 3 2398 442 3 2399 442 3 2400 405 3 2401 406 3 2402 442 3 2403 406 3 2404 443 3 2405 443 3 2406 406 3 2407 407 3 2408 443 3 2409 407 3 2410 444 3 2411 444 3 2412 407 3 2413 408 3 2414 444 3 2415 408 3 2416 445 3 2417 445 3 2418 408 3 2419 409 3 2420 445 3 2421 409 3 2422 446 3 2423 446 3 2424 409 3 2425 410 3 2426 446 3 2427 410 3 2428 447 3 2429 447 3 2430 410 3 2431 448 3 2432 448 3 2433 410 3 2434 411 3 2435 448 3 2436 411 3 2437 449 3 2438 449 3 2439 411 3 2440 412 3 2441 449 3 2442 412 3 2443 450 3 2444 450 3 2445 412 3 2446 413 3 2447 450 3 2448 413 3 2449 451 3 2450 451 3 2451 413 3 2452 414 3 2453 451 3 2454 414 3 2455 452 3 2456 452 3 2457 414 3 2458 415 3 2459 452 3 2460 415 3 2461 453 3 2462 453 3 2463 415 3 2464 416 3 2465 453 3 2466 416 3 2467 454 3 2468 454 3 2469 416 3 2470 417 3 2471 454 3 2472 417 3 2473 455 3 2474 455 3 2475 417 3 2476 418 3 2477 455 3 2478 418 3 2479 456 3 2480 456 3 2481 418 3 2482 419 3 2483 456 3 2484 419 3 2485 457 3 2486 457 3 2487 419 3 2488 458 3 2489 458 3 2490 419 3 2491 420 3 2492 458 3 2493 420 3 2494 459 3 2495 459 3 2496 420 3 2497 421 3 2498 459 485 2499 421 485 2500 460 485 2501 460 486 2502 421 486 2503 422 486 2504 460 487 2505 422 487 2506 461 487 2507 461 3 2508 422 3 2509 423 3 2510 461 3 2511 423 3 2512 462 3 2513 462 488 2514 423 488 2515 424 488 2516 462 3 2517 424 3 2518 463 3 2519 463 489 2520 424 489 2521 425 489 2522 463 3 2523 425 3 2524 464 3 2525 464 490 2526 425 490 2527 426 490 2528 464 3 2529 426 3 2530 465 3 2531 465 491 2532 426 491 2533 427 491 2534 465 492 2535 427 492 2536 466 492 2537 466 493 2538 427 493 2539 428 493 2540 466 494 2541 428 494 2542 467 494 2543 467 495 2544 428 495 2545 468 495 2546 468 496 2547 428 496 2548 429 496 2549 468 497 2550 429 497 2551 469 497 2552 469 498 2553 429 498 2554 430 498 2555 469 3 2556 430 3 2557 470 3 2558 470 499 2559 430 499 2560 431 499 2561 470 3 2562 431 3 2563 471 3 2564 471 500 2565 431 500 2566 432 500 2567 471 501 2568 432 501 2569 472 501 2570 472 502 2571 432 502 2572 433 502 2573 472 503 2574 433 503 2575 473 503 2576 473 3 2577 433 3 2578 434 3 2579 473 504 2580 434 504 2581 474 504 2582 474 505 2583 434 505 2584 435 505 2585 474 506 2586 435 506 2587 475 506 2588 475 3 2589 435 3 2590 402 3 2591 475 3 2592 402 3 2593 438 3 2594 438 3 2595 402 3 2596 401 3 2597 436 507 2598 163 507 2599 437 507 2600 437 508 2601 163 508 2602 161 508 2603 437 509 2604 161 509 2605 438 509 2606 438 510 2607 161 510 2608 160 510 2609 438 511 2610 160 511 2611 475 511 2612 475 512 2613 160 512 2614 234 512 2615 475 513 2616 234 513 2617 474 513 2618 474 514 2619 234 514 2620 232 514 2621 474 515 2622 232 515 2623 473 515 2624 473 516 2625 232 516 2626 230 516 2627 473 517 2628 230 517 2629 472 517 2630 472 518 2631 230 518 2632 228 518 2633 472 519 2634 228 519 2635 471 519 2636 471 520 2637 228 520 2638 226 520 2639 471 521 2640 226 521 2641 470 521 2642 470 522 2643 226 522 2644 224 522 2645 470 523 2646 224 523 2647 469 523 2648 469 524 2649 224 524 2650 222 524 2651 469 525 2652 222 525 2653 468 525 2654 468 526 2655 222 526 2656 220 526 2657 468 527 2658 220 527 2659 467 527 2660 467 528 2661 220 528 2662 219 528 2663 467 529 2664 219 529 2665 466 529 2666 466 530 2667 219 530 2668 217 530 2669 466 531 2670 217 531 2671 465 531 2672 465 532 2673 217 532 2674 215 532 2675 465 533 2676 215 533 2677 464 533 2678 464 534 2679 215 534 2680 213 534 2681 464 535 2682 213 535 2683 463 535 2684 463 536 2685 213 536 2686 211 536 2687 463 537 2688 211 537 2689 462 537 2690 462 538 2691 211 538 2692 209 538 2693 462 539 2694 209 539 2695 461 539 2696 461 540 2697 209 540 2698 207 540 2699 461 541 2700 207 541 2701 460 541 2702 460 542 2703 207 542 2704 205 542 2705 460 543 2706 205 543 2707 459 543 2708 459 544 2709 205 544 2710 203 544 2711 459 545 2712 203 545 2713 458 545 2714 458 546 2715 203 546 2716 201 546 2717 458 547 2718 201 547 2719 457 547 2720 457 548 2721 201 548 2722 200 548 2723 457 549 2724 200 549 2725 456 549 2726 456 550 2727 200 550 2728 198 550 2729 456 551 2730 198 551 2731 455 551 2732 455 552 2733 198 552 2734 196 552 2735 455 553 2736 196 553 2737 454 553 2738 454 553 2739 196 553 2740 194 553 2741 454 554 2742 194 554 2743 453 554 2744 453 555 2745 194 555 2746 192 555 2747 453 556 2748 192 556 2749 452 556 2750 452 557 2751 192 557 2752 190 557 2753 452 558 2754 190 558 2755 451 558 2756 451 559 2757 190 559 2758 188 559 2759 451 560 2760 188 560 2761 450 560 2762 450 560 2763 188 560 2764 186 560 2765 450 561 2766 186 561 2767 449 561 2768 449 562 2769 186 562 2770 184 562 2771 449 563 2772 184 563 2773 448 563 2774 448 563 2775 184 563 2776 182 563 2777 448 564 2778 182 564 2779 447 564 2780 447 565 2781 182 565 2782 181 565 2783 447 566 2784 181 566 2785 446 566 2786 446 567 2787 181 567 2788 179 567 2789 446 568 2790 179 568 2791 445 568 2792 445 568 2793 179 568 2794 177 568 2795 445 569 2796 177 569 2797 444 569 2798 444 570 2799 177 570 2800 175 570 2801 444 571 2802 175 571 2803 443 571 2804 443 572 2805 175 572 2806 173 572 2807 443 573 2808 173 573 2809 442 573 2810 442 573 2811 173 573 2812 171 573 2813 442 574 2814 171 574 2815 441 574 2816 441 575 2817 171 575 2818 169 575 2819 441 576 2820 169 576 2821 440 576 2822 440 577 2823 169 577 2824 167 577 2825 440 578 2826 167 578 2827 439 578 2828 439 579 2829 167 579 2830 165 579 2831 439 580 2832 165 580 2833 436 580 2834 436 581 2835 165 581 2836 163 581 2837 41 0 2838 46 0 2839 476 0 2840 476 0 2841 46 0 2842 477 0 2843 43 3 2844 41 3 2845 478 3 2846 478 3 2847 41 3 2848 476 3 2849 44 5 2850 43 5 2851 479 5 2852 479 5 2853 43 5 2854 478 5 2855 46 1 2856 44 1 2857 477 1 2858 477 1 2859 44 1 2860 479 1 2861 477 4 2862 479 4 2863 476 4 2864 476 4 2865 479 4 2866 478 4 2867 480 4 2868 481 4 2869 482 4 2870 482 4 2871 481 4 2872 483 4 2873 482 4 2874 483 4 2875 484 4 2876 480 4 2877 485 4 2878 481 4 2879 481 4 2880 485 4 2881 486 4 2882 486 4 2883 485 4 2884 487 4 2885 486 4 2886 487 4 2887 484 4 2888 484 4 2889 487 4 2890 482 4 2891 488 2 2892 489 2 2893 490 2 2894 490 2 2895 489 2 2896 491 2 2897 491 2 2898 489 2 2899 492 2 2900 492 2 2901 489 2 2902 493 2 2903 492 2 2904 493 2 2905 494 2 2906 494 2 2907 493 2 2908 495 2 2909 496 2 2910 497 2 2911 498 2 2912 498 582 2913 497 582 2914 499 582 2915 499 2 2916 497 2 2917 500 2 2918 499 2 2919 500 2 2920 501 2 2921 501 583 2922 500 583 2923 502 583 2924 502 2 2925 500 2 2926 503 2 2927 487 5 2928 504 5 2929 482 5 2930 482 5 2931 504 5 2932 505 5 2933 482 5 2934 505 5 2935 499 5 2936 499 5 2937 505 5 2938 498 5 2939 487 5 2940 492 5 2941 504 5 2942 504 5 2943 492 5 2944 494 5 2945 485 1 2946 491 1 2947 487 1 2948 487 1 2949 491 1 2950 492 1 2951 495 3 2952 506 3 2953 494 3 2954 494 584 2955 506 584 2956 507 584 2957 494 585 2958 507 585 2959 508 585 2960 508 3 2961 509 3 2962 494 3 2963 494 3 2964 509 3 2965 504 3 2966 504 586 2967 509 586 2968 510 586 2969 504 587 2970 510 587 2971 511 587 2972 504 3 2973 511 3 2974 512 3 2975 512 588 2976 511 588 2977 513 588 2978 512 589 2979 513 589 2980 514 589 2981 512 3 2982 514 3 2983 490 3 2984 490 590 2985 514 590 2986 515 590 2987 490 585 2988 515 585 2989 516 585 2990 516 3 2991 517 3 2992 490 3 2993 490 591 2994 517 591 2995 488 591 2996 512 2 2997 518 2 2998 504 2 2999 504 2 3000 518 2 3001 505 2 3002 503 1 3003 519 1 3004 502 1 3005 502 592 3006 519 592 3007 520 592 3008 502 593 3009 520 593 3010 521 593 3011 521 1 3012 522 1 3013 502 1 3014 502 1 3015 522 1 3016 518 1 3017 518 1 3018 522 1 3019 523 1 3020 518 594 3021 523 594 3022 524 594 3023 518 1 3024 524 1 3025 505 1 3026 505 595 3027 524 595 3028 525 595 3029 505 1 3030 525 1 3031 526 1 3032 505 1 3033 526 1 3034 498 1 3035 498 596 3036 526 596 3037 527 596 3038 498 593 3039 527 593 3040 528 593 3041 528 1 3042 529 1 3043 498 1 3044 498 597 3045 529 597 3046 496 597 3047 501 3 3048 480 3 3049 499 3 3050 499 3 3051 480 3 3052 482 3 3053 491 598 3054 485 598 3055 512 598 3056 512 0 3057 485 0 3058 480 0 3059 512 0 3060 480 0 3061 518 0 3062 518 0 3063 480 0 3064 501 0 3065 518 0 3066 501 0 3067 502 0 3068 512 0 3069 490 0 3070 491 0 3071 489 599 3072 488 599 3073 530 599 3074 530 600 3075 488 600 3076 531 600 3077 530 601 3078 531 601 3079 532 601 3080 532 601 3081 531 601 3082 533 601 3083 532 602 3084 533 602 3085 534 602 3086 534 603 3087 533 603 3088 535 603 3089 534 604 3090 535 604 3091 536 604 3092 536 605 3093 535 605 3094 537 605 3095 536 606 3096 537 606 3097 538 606 3098 538 606 3099 537 606 3100 539 606 3101 538 607 3102 539 607 3103 540 607 3104 540 608 3105 539 608 3106 541 608 3107 540 609 3108 541 609 3109 542 609 3110 542 610 3111 541 610 3112 543 610 3113 542 611 3114 543 611 3115 544 611 3116 544 611 3117 543 611 3118 545 611 3119 544 612 3120 545 612 3121 546 612 3122 546 613 3123 545 613 3124 547 613 3125 546 614 3126 547 614 3127 548 614 3128 548 615 3129 547 615 3130 549 615 3131 548 616 3132 549 616 3133 550 616 3134 550 616 3135 549 616 3136 551 616 3137 550 617 3138 551 617 3139 495 617 3140 495 618 3141 551 618 3142 552 618 3143 495 619 3144 552 619 3145 506 619 3146 506 619 3147 552 619 3148 553 619 3149 506 620 3150 553 620 3151 507 620 3152 507 621 3153 553 621 3154 554 621 3155 507 622 3156 554 622 3157 508 622 3158 508 623 3159 554 623 3160 555 623 3161 508 624 3162 555 624 3163 509 624 3164 509 625 3165 555 625 3166 556 625 3167 509 626 3168 556 626 3169 510 626 3170 510 627 3171 556 627 3172 557 627 3173 510 628 3174 557 628 3175 511 628 3176 511 628 3177 557 628 3178 558 628 3179 511 629 3180 558 629 3181 513 629 3182 513 629 3183 558 629 3184 559 629 3185 513 630 3186 559 630 3187 514 630 3188 514 631 3189 559 631 3190 560 631 3191 514 632 3192 560 632 3193 515 632 3194 515 633 3195 560 633 3196 561 633 3197 515 634 3198 561 634 3199 516 634 3200 516 635 3201 561 635 3202 562 635 3203 516 636 3204 562 636 3205 517 636 3206 517 637 3207 562 637 3208 563 637 3209 517 638 3210 563 638 3211 488 638 3212 488 638 3213 563 638 3214 564 638 3215 488 639 3216 564 639 3217 531 639 3218 495 640 3219 493 640 3220 550 640 3221 565 641 3222 525 641 3223 566 641 3224 566 642 3225 525 642 3226 524 642 3227 566 643 3228 524 643 3229 567 643 3230 567 644 3231 524 644 3232 523 644 3233 567 645 3234 523 645 3235 568 645 3236 568 646 3237 523 646 3238 522 646 3239 568 647 3240 522 647 3241 569 647 3242 569 648 3243 522 648 3244 521 648 3245 569 649 3246 521 649 3247 570 649 3248 570 650 3249 521 650 3250 520 650 3251 570 651 3252 520 651 3253 571 651 3254 571 637 3255 520 637 3256 519 637 3257 571 652 3258 519 652 3259 572 652 3260 572 638 3261 519 638 3262 503 638 3263 572 653 3264 503 653 3265 573 653 3266 573 654 3267 503 654 3268 574 654 3269 573 601 3270 574 601 3271 575 601 3272 575 655 3273 574 655 3274 576 655 3275 575 656 3276 576 656 3277 577 656 3278 577 657 3279 576 657 3280 578 657 3281 577 658 3282 578 658 3283 579 658 3284 579 659 3285 578 659 3286 580 659 3287 579 660 3288 580 660 3289 581 660 3290 581 660 3291 580 660 3292 582 660 3293 581 661 3294 582 661 3295 583 661 3296 583 662 3297 582 662 3298 584 662 3299 583 663 3300 584 663 3301 585 663 3302 585 664 3303 584 664 3304 586 664 3305 585 665 3306 586 665 3307 587 665 3308 587 665 3309 586 665 3310 588 665 3311 587 666 3312 588 666 3313 589 666 3314 589 667 3315 588 667 3316 590 667 3317 589 668 3318 590 668 3319 591 668 3320 591 669 3321 590 669 3322 592 669 3323 591 616 3324 592 616 3325 593 616 3326 593 670 3327 592 670 3328 594 670 3329 593 671 3330 594 671 3331 496 671 3332 496 672 3333 594 672 3334 497 672 3335 525 673 3336 565 673 3337 526 673 3338 526 674 3339 565 674 3340 595 674 3341 526 675 3342 595 675 3343 527 675 3344 527 676 3345 595 676 3346 596 676 3347 527 677 3348 596 677 3349 528 677 3350 528 678 3351 596 678 3352 597 678 3353 528 679 3354 597 679 3355 529 679 3356 529 621 3357 597 621 3358 598 621 3359 529 619 3360 598 619 3361 496 619 3362 496 680 3363 598 680 3364 599 680 3365 496 681 3366 599 681 3367 593 681 3368 503 682 3369 500 682 3370 574 682 3371 600 1 3372 601 1 3373 602 1 3374 602 1 3375 601 1 3376 603 1 3377 602 1 3378 603 1 3379 604 1 3380 604 1 3381 603 1 3382 605 1 3383 604 1 3384 605 1 3385 606 1 3386 606 1 3387 605 1 3388 607 1 3389 606 1 3390 607 1 3391 608 1 3392 608 1 3393 607 1 3394 609 1 3395 608 1 3396 609 1 3397 610 1 3398 610 1 3399 609 1 3400 611 1 3401 610 1 3402 611 1 3403 612 1 3404 612 1 3405 611 1 3406 613 1 3407 612 1 3408 613 1 3409 614 1 3410 614 1 3411 613 1 3412 615 1 3413 614 1 3414 615 1 3415 616 1 3416 616 1 3417 615 1 3418 617 1 3419 616 1 3420 617 1 3421 618 1 3422 618 1 3423 617 1 3424 619 1 3425 618 1 3426 619 1 3427 620 1 3428 620 1 3429 619 1 3430 621 1 3431 620 1 3432 621 1 3433 622 1 3434 620 1 3435 622 1 3436 623 1 3437 623 1 3438 622 1 3439 624 1 3440 623 1 3441 624 1 3442 625 1 3443 625 1 3444 624 1 3445 626 1 3446 625 1 3447 626 1 3448 627 1 3449 627 1 3450 626 1 3451 628 1 3452 627 1 3453 628 1 3454 629 1 3455 629 1 3456 628 1 3457 630 1 3458 629 1 3459 630 1 3460 631 1 3461 631 1 3462 630 1 3463 632 1 3464 631 1 3465 632 1 3466 633 1 3467 633 1 3468 632 1 3469 634 1 3470 633 1 3471 634 1 3472 635 1 3473 635 1 3474 634 1 3475 636 1 3476 635 1 3477 636 1 3478 637 1 3479 637 1 3480 636 1 3481 638 1 3482 637 1 3483 638 1 3484 639 1 3485 639 1 3486 638 1 3487 640 1 3488 639 1 3489 640 1 3490 641 1 3491 639 1 3492 641 1 3493 642 1 3494 642 1 3495 641 1 3496 643 1 3497 642 1 3498 643 1 3499 644 1 3500 644 1 3501 643 1 3502 645 1 3503 644 1 3504 645 1 3505 646 1 3506 646 1 3507 645 1 3508 647 1 3509 646 1 3510 647 1 3511 648 1 3512 648 1 3513 647 1 3514 649 1 3515 648 1 3516 649 1 3517 650 1 3518 650 1 3519 649 1 3520 651 1 3521 650 1 3522 651 1 3523 652 1 3524 652 1 3525 651 1 3526 653 1 3527 652 1 3528 653 1 3529 654 1 3530 654 1 3531 653 1 3532 655 1 3533 654 1 3534 655 1 3535 656 1 3536 656 1 3537 655 1 3538 657 1 3539 656 1 3540 657 1 3541 658 1 3542 658 1 3543 657 1 3544 659 1 3545 658 1 3546 659 1 3547 660 1 3548 658 1 3549 660 1 3550 661 1 3551 661 1 3552 660 1 3553 662 1 3554 661 1 3555 662 1 3556 663 1 3557 663 1 3558 662 1 3559 664 1 3560 663 1 3561 664 1 3562 665 1 3563 665 1 3564 664 1 3565 666 1 3566 665 1 3567 666 1 3568 667 1 3569 667 1 3570 666 1 3571 668 1 3572 667 1 3573 668 1 3574 669 1 3575 669 1 3576 668 1 3577 670 1 3578 669 1 3579 670 1 3580 671 1 3581 671 1 3582 670 1 3583 672 1 3584 671 1 3585 672 1 3586 673 1 3587 673 1 3588 672 1 3589 674 1 3590 673 1 3591 674 1 3592 675 1 3593 675 1 3594 674 1 3595 600 1 3596 675 1 3597 600 1 3598 602 1 3599 675 683 3600 602 683 3601 676 683 3602 676 684 3603 602 684 3604 604 684 3605 676 685 3606 604 685 3607 677 685 3608 677 686 3609 604 686 3610 606 686 3611 677 687 3612 606 687 3613 678 687 3614 678 688 3615 606 688 3616 608 688 3617 678 689 3618 608 689 3619 679 689 3620 679 690 3621 608 690 3622 610 690 3623 679 691 3624 610 691 3625 680 691 3626 680 692 3627 610 692 3628 612 692 3629 680 693 3630 612 693 3631 681 693 3632 681 694 3633 612 694 3634 614 694 3635 681 695 3636 614 695 3637 682 695 3638 682 696 3639 614 696 3640 616 696 3641 682 697 3642 616 697 3643 683 697 3644 683 698 3645 616 698 3646 618 698 3647 683 699 3648 618 699 3649 684 699 3650 684 700 3651 618 700 3652 620 700 3653 684 701 3654 620 701 3655 685 701 3656 685 702 3657 620 702 3658 623 702 3659 685 703 3660 623 703 3661 686 703 3662 686 704 3663 623 704 3664 625 704 3665 686 705 3666 625 705 3667 687 705 3668 687 706 3669 625 706 3670 627 706 3671 687 707 3672 627 707 3673 688 707 3674 688 708 3675 627 708 3676 629 708 3677 688 709 3678 629 709 3679 689 709 3680 689 710 3681 629 710 3682 631 710 3683 689 711 3684 631 711 3685 690 711 3686 690 712 3687 631 712 3688 633 712 3689 690 713 3690 633 713 3691 691 713 3692 691 714 3693 633 714 3694 635 714 3695 691 715 3696 635 715 3697 692 715 3698 692 716 3699 635 716 3700 637 716 3701 692 717 3702 637 717 3703 693 717 3704 693 718 3705 637 718 3706 639 718 3707 693 719 3708 639 719 3709 642 719 3710 693 720 3711 642 720 3712 694 720 3713 694 721 3714 642 721 3715 644 721 3716 694 722 3717 644 722 3718 695 722 3719 695 723 3720 644 723 3721 646 723 3722 695 724 3723 646 724 3724 696 724 3725 696 725 3726 646 725 3727 648 725 3728 696 726 3729 648 726 3730 697 726 3731 697 727 3732 648 727 3733 650 727 3734 697 728 3735 650 728 3736 698 728 3737 698 729 3738 650 729 3739 652 729 3740 698 730 3741 652 730 3742 699 730 3743 699 731 3744 652 731 3745 654 731 3746 699 732 3747 654 732 3748 700 732 3749 700 733 3750 654 733 3751 656 733 3752 700 734 3753 656 734 3754 701 734 3755 701 735 3756 656 735 3757 658 735 3758 701 736 3759 658 736 3760 702 736 3761 702 737 3762 658 737 3763 661 737 3764 702 738 3765 661 738 3766 703 738 3767 703 739 3768 661 739 3769 663 739 3770 703 740 3771 663 740 3772 704 740 3773 704 741 3774 663 741 3775 665 741 3776 704 742 3777 665 742 3778 705 742 3779 705 743 3780 665 743 3781 667 743 3782 705 744 3783 667 744 3784 706 744 3785 706 745 3786 667 745 3787 669 745 3788 706 746 3789 669 746 3790 707 746 3791 707 747 3792 669 747 3793 671 747 3794 707 748 3795 671 748 3796 708 748 3797 708 749 3798 671 749 3799 673 749 3800 708 750 3801 673 750 3802 709 750 3803 709 751 3804 673 751 3805 675 751 3806 709 752 3807 675 752 3808 676 752 3809 709 1 3810 676 1 3811 710 1 3812 710 1 3813 676 1 3814 677 1 3815 710 1 3816 677 1 3817 711 1 3818 711 753 3819 677 753 3820 678 753 3821 711 1 3822 678 1 3823 712 1 3824 712 1 3825 678 1 3826 679 1 3827 712 1 3828 679 1 3829 680 1 3830 712 1 3831 680 1 3832 713 1 3833 713 1 3834 680 1 3835 681 1 3836 713 1 3837 681 1 3838 714 1 3839 714 1 3840 681 1 3841 682 1 3842 714 1 3843 682 1 3844 715 1 3845 715 1 3846 682 1 3847 683 1 3848 715 754 3849 683 754 3850 684 754 3851 715 1 3852 684 1 3853 716 1 3854 716 1 3855 684 1 3856 685 1 3857 716 1 3858 685 1 3859 717 1 3860 717 755 3861 685 755 3862 686 755 3863 717 1 3864 686 1 3865 687 1 3866 717 1 3867 687 1 3868 718 1 3869 718 1 3870 687 1 3871 688 1 3872 718 1 3873 688 1 3874 719 1 3875 719 1 3876 688 1 3877 689 1 3878 719 756 3879 689 756 3880 720 756 3881 720 1 3882 689 1 3883 690 1 3884 720 1 3885 690 1 3886 691 1 3887 720 1 3888 691 1 3889 721 1 3890 721 757 3891 691 757 3892 692 757 3893 721 1 3894 692 1 3895 722 1 3896 722 1 3897 692 1 3898 693 1 3899 722 1 3900 693 1 3901 694 1 3902 722 1 3903 694 1 3904 723 1 3905 723 758 3906 694 758 3907 695 758 3908 723 1 3909 695 1 3910 724 1 3911 724 1 3912 695 1 3913 696 1 3914 724 1 3915 696 1 3916 697 1 3917 724 1 3918 697 1 3919 725 1 3920 725 1 3921 697 1 3922 698 1 3923 725 1 3924 698 1 3925 726 1 3926 726 1 3927 698 1 3928 699 1 3929 726 1 3930 699 1 3931 727 1 3932 727 1 3933 699 1 3934 700 1 3935 727 755 3936 700 755 3937 701 755 3938 727 1 3939 701 1 3940 728 1 3941 728 1 3942 701 1 3943 702 1 3944 728 1 3945 702 1 3946 729 1 3947 729 754 3948 702 754 3949 703 754 3950 729 1 3951 703 1 3952 704 1 3953 729 1 3954 704 1 3955 730 1 3956 730 1 3957 704 1 3958 705 1 3959 730 1 3960 705 1 3961 731 1 3962 731 1 3963 705 1 3964 706 1 3965 731 759 3966 706 759 3967 732 759 3968 732 1 3969 706 1 3970 707 1 3971 732 1 3972 707 1 3973 708 1 3974 732 1 3975 708 1 3976 733 1 3977 733 753 3978 708 753 3979 709 753 3980 733 1 3981 709 1 3982 710 1 3983 711 760 3984 734 760 3985 710 760 3986 710 761 3987 734 761 3988 735 761 3989 710 762 3990 735 762 3991 733 762 3992 733 763 3993 735 763 3994 736 763 3995 733 764 3996 736 764 3997 732 764 3998 732 765 3999 736 765 4000 737 765 4001 732 766 4002 737 766 4003 731 766 4004 731 767 4005 737 767 4006 738 767 4007 731 768 4008 738 768 4009 730 768 4010 730 769 4011 738 769 4012 739 769 4013 730 770 4014 739 770 4015 729 770 4016 729 771 4017 739 771 4018 740 771 4019 729 772 4020 740 772 4021 728 772 4022 728 773 4023 740 773 4024 741 773 4025 728 774 4026 741 774 4027 727 774 4028 727 775 4029 741 775 4030 742 775 4031 727 776 4032 742 776 4033 726 776 4034 726 777 4035 742 777 4036 743 777 4037 726 778 4038 743 778 4039 725 778 4040 725 779 4041 743 779 4042 744 779 4043 725 780 4044 744 780 4045 724 780 4046 724 781 4047 744 781 4048 745 781 4049 724 782 4050 745 782 4051 723 782 4052 723 783 4053 745 783 4054 746 783 4055 723 784 4056 746 784 4057 722 784 4058 722 785 4059 746 785 4060 747 785 4061 722 786 4062 747 786 4063 721 786 4064 721 787 4065 747 787 4066 748 787 4067 721 788 4068 748 788 4069 720 788 4070 720 789 4071 748 789 4072 749 789 4073 720 790 4074 749 790 4075 719 790 4076 719 791 4077 749 791 4078 750 791 4079 719 792 4080 750 792 4081 718 792 4082 718 793 4083 750 793 4084 751 793 4085 718 794 4086 751 794 4087 717 794 4088 717 795 4089 751 795 4090 752 795 4091 717 796 4092 752 796 4093 716 796 4094 716 797 4095 752 797 4096 753 797 4097 716 798 4098 753 798 4099 715 798 4100 715 799 4101 753 799 4102 754 799 4103 715 800 4104 754 800 4105 714 800 4106 714 801 4107 754 801 4108 755 801 4109 714 802 4110 755 802 4111 713 802 4112 713 803 4113 755 803 4114 756 803 4115 713 804 4116 756 804 4117 712 804 4118 712 805 4119 756 805 4120 757 805 4121 712 806 4122 757 806 4123 711 806 4124 711 807 4125 757 807 4126 734 807 4127 734 808 4128 559 808 4129 735 808 4130 735 1 4131 559 1 4132 558 1 4133 735 1 4134 558 1 4135 736 1 4136 736 809 4137 558 809 4138 557 809 4139 736 810 4140 557 810 4141 556 810 4142 559 1 4143 734 1 4144 560 1 4145 560 1 4146 734 1 4147 757 1 4148 560 1 4149 757 1 4150 561 1 4151 561 811 4152 757 811 4153 756 811 4154 561 1 4155 756 1 4156 562 1 4157 562 812 4158 756 812 4159 755 812 4160 562 1 4161 755 1 4162 563 1 4163 563 813 4164 755 813 4165 754 813 4166 563 814 4167 754 814 4168 564 814 4169 564 815 4170 754 815 4171 753 815 4172 564 816 4173 753 816 4174 752 816 4175 564 817 4176 752 817 4177 531 817 4178 531 818 4179 752 818 4180 751 818 4181 531 1 4182 751 1 4183 533 1 4184 533 808 4185 751 808 4186 750 808 4187 533 1 4188 750 1 4189 535 1 4190 535 819 4191 750 819 4192 749 819 4193 535 1 4194 749 1 4195 537 1 4196 537 1 4197 749 1 4198 748 1 4199 537 1 4200 748 1 4201 539 1 4202 539 820 4203 748 820 4204 747 820 4205 539 1 4206 747 1 4207 541 1 4208 541 1 4209 747 1 4210 543 1 4211 543 820 4212 747 820 4213 746 820 4214 543 1 4215 746 1 4216 545 1 4217 545 1 4218 746 1 4219 745 1 4220 545 1 4221 745 1 4222 547 1 4223 547 821 4224 745 821 4225 744 821 4226 547 1 4227 744 1 4228 549 1 4229 549 822 4230 744 822 4231 743 822 4232 549 1 4233 743 1 4234 551 1 4235 551 823 4236 743 823 4237 742 823 4238 551 817 4239 742 817 4240 552 817 4241 552 816 4242 742 816 4243 741 816 4244 552 815 4245 741 815 4246 740 815 4247 552 814 4248 740 814 4249 553 814 4250 553 824 4251 740 824 4252 739 824 4253 553 1 4254 739 1 4255 554 1 4256 554 825 4257 739 825 4258 738 825 4259 554 1 4260 738 1 4261 555 1 4262 555 826 4263 738 826 4264 737 826 4265 555 1 4266 737 1 4267 556 1 4268 556 1 4269 737 1 4270 736 1 4271 489 1 4272 530 1 4273 493 1 4274 493 827 4275 530 827 4276 550 827 4277 550 828 4278 530 828 4279 548 828 4280 548 829 4281 530 829 4282 532 829 4283 548 1 4284 532 1 4285 546 1 4286 546 830 4287 532 830 4288 534 830 4289 546 1 4290 534 1 4291 544 1 4292 544 831 4293 534 831 4294 536 831 4295 544 832 4296 536 832 4297 542 832 4298 542 833 4299 536 833 4300 538 833 4301 542 1 4302 538 1 4303 540 1 4304 500 3 4305 497 3 4306 574 3 4307 574 834 4308 497 834 4309 594 834 4310 574 835 4311 594 835 4312 592 835 4313 574 3 4314 592 3 4315 576 3 4316 576 836 4317 592 836 4318 590 836 4319 576 3 4320 590 3 4321 578 3 4322 578 837 4323 590 837 4324 588 837 4325 578 3 4326 588 3 4327 580 3 4328 580 3 4329 588 3 4330 586 3 4331 580 3 4332 586 3 4333 582 3 4334 582 3 4335 586 3 4336 584 3 4337 565 3 4338 566 3 4339 758 3 4340 758 3 4341 566 3 4342 567 3 4343 758 838 4344 567 838 4345 759 838 4346 759 839 4347 567 839 4348 568 839 4349 759 3 4350 568 3 4351 760 3 4352 760 840 4353 568 840 4354 569 840 4355 760 3 4356 569 3 4357 761 3 4358 761 841 4359 569 841 4360 570 841 4361 761 3 4362 570 3 4363 762 3 4364 762 842 4365 570 842 4366 571 842 4367 762 3 4368 571 3 4369 763 3 4370 763 843 4371 571 843 4372 572 843 4373 763 844 4374 572 844 4375 764 844 4376 764 845 4377 572 845 4378 765 845 4379 765 846 4380 572 846 4381 573 846 4382 765 3 4383 573 3 4384 766 3 4385 766 847 4386 573 847 4387 575 847 4388 766 3 4389 575 3 4390 767 3 4391 767 848 4392 575 848 4393 577 848 4394 767 849 4395 577 849 4396 768 849 4397 768 850 4398 577 850 4399 579 850 4400 768 3 4401 579 3 4402 769 3 4403 769 851 4404 579 851 4405 581 851 4406 769 852 4407 581 852 4408 770 852 4409 770 3 4410 581 3 4411 583 3 4412 770 3 4413 583 3 4414 771 3 4415 771 853 4416 583 853 4417 585 853 4418 771 854 4419 585 854 4420 587 854 4421 771 3 4422 587 3 4423 772 3 4424 772 855 4425 587 855 4426 589 855 4427 772 3 4428 589 3 4429 773 3 4430 773 856 4431 589 856 4432 591 856 4433 773 3 4434 591 3 4435 774 3 4436 774 857 4437 591 857 4438 593 857 4439 774 3 4440 593 3 4441 775 3 4442 775 846 4443 593 846 4444 599 846 4445 775 845 4446 599 845 4447 776 845 4448 776 844 4449 599 844 4450 777 844 4451 777 843 4452 599 843 4453 598 843 4454 777 3 4455 598 3 4456 778 3 4457 778 858 4458 598 858 4459 597 858 4460 778 3 4461 597 3 4462 779 3 4463 779 859 4464 597 859 4465 596 859 4466 779 860 4467 596 860 4468 780 860 4469 780 861 4470 596 861 4471 595 861 4472 780 3 4473 595 3 4474 781 3 4475 781 862 4476 595 862 4477 565 862 4478 781 838 4479 565 838 4480 758 838 4481 759 863 4482 782 863 4483 758 863 4484 758 864 4485 782 864 4486 783 864 4487 758 865 4488 783 865 4489 781 865 4490 781 866 4491 783 866 4492 784 866 4493 781 867 4494 784 867 4495 780 867 4496 780 868 4497 784 868 4498 785 868 4499 780 869 4500 785 869 4501 779 869 4502 779 870 4503 785 870 4504 786 870 4505 779 871 4506 786 871 4507 778 871 4508 778 872 4509 786 872 4510 787 872 4511 778 873 4512 787 873 4513 777 873 4514 777 874 4515 787 874 4516 788 874 4517 777 875 4518 788 875 4519 776 875 4520 776 876 4521 788 876 4522 789 876 4523 776 877 4524 789 877 4525 775 877 4526 775 878 4527 789 878 4528 790 878 4529 775 879 4530 790 879 4531 774 879 4532 774 880 4533 790 880 4534 791 880 4535 774 881 4536 791 881 4537 773 881 4538 773 882 4539 791 882 4540 792 882 4541 773 883 4542 792 883 4543 772 883 4544 772 884 4545 792 884 4546 793 884 4547 772 885 4548 793 885 4549 771 885 4550 771 886 4551 793 886 4552 794 886 4553 771 887 4554 794 887 4555 770 887 4556 770 888 4557 794 888 4558 795 888 4559 770 889 4560 795 889 4561 769 889 4562 769 890 4563 795 890 4564 796 890 4565 769 891 4566 796 891 4567 768 891 4568 768 892 4569 796 892 4570 797 892 4571 768 893 4572 797 893 4573 767 893 4574 767 894 4575 797 894 4576 798 894 4577 767 895 4578 798 895 4579 766 895 4580 766 896 4581 798 896 4582 799 896 4583 766 897 4584 799 897 4585 765 897 4586 765 381 4587 799 381 4588 800 381 4589 765 898 4590 800 898 4591 764 898 4592 764 899 4593 800 899 4594 801 899 4595 764 900 4596 801 900 4597 763 900 4598 763 901 4599 801 901 4600 802 901 4601 763 902 4602 802 902 4603 762 902 4604 762 387 4605 802 387 4606 803 387 4607 762 903 4608 803 903 4609 761 903 4610 761 904 4611 803 904 4612 804 904 4613 761 905 4614 804 905 4615 760 905 4616 760 906 4617 804 906 4618 805 906 4619 760 907 4620 805 907 4621 759 907 4622 759 908 4623 805 908 4624 782 908 4625 782 3 4626 806 3 4627 783 3 4628 783 3 4629 806 3 4630 807 3 4631 783 3 4632 807 3 4633 808 3 4634 806 3 4635 782 3 4636 809 3 4637 809 909 4638 782 909 4639 805 909 4640 809 3 4641 805 3 4642 810 3 4643 810 3 4644 805 3 4645 811 3 4646 811 910 4647 805 910 4648 804 910 4649 811 3 4650 804 3 4651 812 3 4652 812 911 4653 804 911 4654 803 911 4655 812 3 4656 803 3 4657 813 3 4658 813 912 4659 803 912 4660 802 912 4661 813 3 4662 802 3 4663 814 3 4664 814 3 4665 802 3 4666 815 3 4667 815 913 4668 802 913 4669 801 913 4670 815 3 4671 801 3 4672 816 3 4673 816 914 4674 801 914 4675 800 914 4676 816 3 4677 800 3 4678 817 3 4679 817 3 4680 800 3 4681 818 3 4682 818 399 4683 800 399 4684 799 399 4685 818 3 4686 799 3 4687 819 3 4688 819 915 4689 799 915 4690 798 915 4691 819 3 4692 798 3 4693 820 3 4694 820 916 4695 798 916 4696 797 916 4697 820 3 4698 797 3 4699 821 3 4700 821 3 4701 797 3 4702 822 3 4703 822 917 4704 797 917 4705 796 917 4706 822 3 4707 796 3 4708 823 3 4709 823 3 4710 796 3 4711 795 3 4712 823 3 4713 795 3 4714 824 3 4715 824 3 4716 795 3 4717 825 3 4718 825 3 4719 795 3 4720 794 3 4721 825 3 4722 794 3 4723 826 3 4724 826 918 4725 794 918 4726 793 918 4727 826 3 4728 793 3 4729 827 3 4730 827 3 4731 793 3 4732 828 3 4733 828 916 4734 793 916 4735 792 916 4736 828 3 4737 792 3 4738 829 3 4739 829 919 4740 792 919 4741 791 919 4742 829 3 4743 791 3 4744 830 3 4745 830 920 4746 791 920 4747 790 920 4748 830 3 4749 790 3 4750 831 3 4751 831 3 4752 790 3 4753 832 3 4754 832 914 4755 790 914 4756 789 914 4757 832 3 4758 789 3 4759 833 3 4760 833 913 4761 789 913 4762 788 913 4763 833 3 4764 788 3 4765 834 3 4766 834 3 4767 788 3 4768 835 3 4769 835 921 4770 788 921 4771 787 921 4772 835 3 4773 787 3 4774 836 3 4775 836 922 4776 787 922 4777 786 922 4778 836 3 4779 786 3 4780 837 3 4781 837 923 4782 786 923 4783 785 923 4784 837 3 4785 785 3 4786 838 3 4787 838 3 4788 785 3 4789 839 3 4790 839 909 4791 785 909 4792 784 909 4793 839 3 4794 784 3 4795 808 3 4796 808 3 4797 784 3 4798 783 3 4799 806 924 4800 840 924 4801 807 924 4802 807 925 4803 840 925 4804 841 925 4805 807 926 4806 841 926 4807 842 926 4808 840 927 4809 806 927 4810 843 927 4811 843 928 4812 806 928 4813 809 928 4814 843 929 4815 809 929 4816 844 929 4817 844 930 4818 809 930 4819 810 930 4820 844 931 4821 810 931 4822 845 931 4823 845 932 4824 810 932 4825 811 932 4826 845 933 4827 811 933 4828 846 933 4829 846 934 4830 811 934 4831 812 934 4832 846 935 4833 812 935 4834 847 935 4835 847 936 4836 812 936 4837 813 936 4838 847 937 4839 813 937 4840 848 937 4841 848 938 4842 813 938 4843 814 938 4844 848 939 4845 814 939 4846 849 939 4847 849 940 4848 814 940 4849 815 940 4850 849 941 4851 815 941 4852 850 941 4853 850 942 4854 815 942 4855 816 942 4856 850 943 4857 816 943 4858 851 943 4859 851 944 4860 816 944 4861 817 944 4862 851 945 4863 817 945 4864 852 945 4865 852 946 4866 817 946 4867 818 946 4868 852 947 4869 818 947 4870 853 947 4871 853 948 4872 818 948 4873 819 948 4874 853 949 4875 819 949 4876 854 949 4877 854 950 4878 819 950 4879 820 950 4880 854 951 4881 820 951 4882 855 951 4883 855 952 4884 820 952 4885 821 952 4886 855 953 4887 821 953 4888 856 953 4889 856 954 4890 821 954 4891 822 954 4892 856 955 4893 822 955 4894 857 955 4895 857 956 4896 822 956 4897 823 956 4898 857 957 4899 823 957 4900 858 957 4901 858 958 4902 823 958 4903 824 958 4904 858 959 4905 824 959 4906 859 959 4907 859 960 4908 824 960 4909 860 960 4910 860 961 4911 824 961 4912 825 961 4913 860 962 4914 825 962 4915 861 962 4916 861 963 4917 825 963 4918 826 963 4919 861 964 4920 826 964 4921 862 964 4922 862 965 4923 826 965 4924 827 965 4925 862 966 4926 827 966 4927 863 966 4928 863 967 4929 827 967 4930 828 967 4931 863 968 4932 828 968 4933 864 968 4934 864 969 4935 828 969 4936 829 969 4937 864 970 4938 829 970 4939 865 970 4940 865 971 4941 829 971 4942 830 971 4943 865 972 4944 830 972 4945 866 972 4946 866 973 4947 830 973 4948 831 973 4949 866 974 4950 831 974 4951 867 974 4952 867 975 4953 831 975 4954 832 975 4955 867 976 4956 832 976 4957 868 976 4958 868 977 4959 832 977 4960 833 977 4961 868 978 4962 833 978 4963 869 978 4964 869 979 4965 833 979 4966 834 979 4967 869 980 4968 834 980 4969 870 980 4970 870 981 4971 834 981 4972 835 981 4973 870 982 4974 835 982 4975 871 982 4976 871 983 4977 835 983 4978 836 983 4979 871 984 4980 836 984 4981 872 984 4982 872 985 4983 836 985 4984 837 985 4985 872 986 4986 837 986 4987 873 986 4988 873 987 4989 837 987 4990 838 987 4991 873 988 4992 838 988 4993 874 988 4994 874 989 4995 838 989 4996 839 989 4997 874 990 4998 839 990 4999 875 990 5000 875 991 5001 839 991 5002 808 991 5003 875 992 5004 808 992 5005 842 992 5006 842 993 5007 808 993 5008 807 993 5009 840 3 5010 876 3 5011 841 3 5012 841 3 5013 876 3 5014 877 3 5015 841 3 5016 877 3 5017 878 3 5018 876 3 5019 840 3 5020 879 3 5021 879 3 5022 840 3 5023 843 3 5024 879 3 5025 843 3 5026 880 3 5027 880 3 5028 843 3 5029 844 3 5030 880 3 5031 844 3 5032 881 3 5033 881 3 5034 844 3 5035 845 3 5036 881 3 5037 845 3 5038 882 3 5039 882 3 5040 845 3 5041 846 3 5042 882 3 5043 846 3 5044 883 3 5045 883 3 5046 846 3 5047 847 3 5048 883 3 5049 847 3 5050 884 3 5051 884 3 5052 847 3 5053 848 3 5054 884 3 5055 848 3 5056 885 3 5057 885 3 5058 848 3 5059 849 3 5060 885 3 5061 849 3 5062 886 3 5063 886 3 5064 849 3 5065 850 3 5066 886 3 5067 850 3 5068 887 3 5069 887 3 5070 850 3 5071 888 3 5072 888 3 5073 850 3 5074 851 3 5075 888 3 5076 851 3 5077 889 3 5078 889 3 5079 851 3 5080 852 3 5081 889 3 5082 852 3 5083 890 3 5084 890 3 5085 852 3 5086 853 3 5087 890 3 5088 853 3 5089 891 3 5090 891 3 5091 853 3 5092 854 3 5093 891 3 5094 854 3 5095 892 3 5096 892 3 5097 854 3 5098 855 3 5099 892 3 5100 855 3 5101 893 3 5102 893 3 5103 855 3 5104 856 3 5105 893 3 5106 856 3 5107 894 3 5108 894 3 5109 856 3 5110 857 3 5111 894 3 5112 857 3 5113 895 3 5114 895 3 5115 857 3 5116 858 3 5117 895 3 5118 858 3 5119 896 3 5120 896 3 5121 858 3 5122 859 3 5123 896 3 5124 859 3 5125 897 3 5126 897 3 5127 859 3 5128 898 3 5129 898 3 5130 859 3 5131 860 3 5132 898 3 5133 860 3 5134 899 3 5135 899 3 5136 860 3 5137 861 3 5138 899 3 5139 861 3 5140 900 3 5141 900 3 5142 861 3 5143 862 3 5144 900 3 5145 862 3 5146 901 3 5147 901 3 5148 862 3 5149 863 3 5150 901 3 5151 863 3 5152 902 3 5153 902 3 5154 863 3 5155 864 3 5156 902 3 5157 864 3 5158 903 3 5159 903 3 5160 864 3 5161 865 3 5162 903 3 5163 865 3 5164 904 3 5165 904 3 5166 865 3 5167 866 3 5168 904 3 5169 866 3 5170 905 3 5171 905 3 5172 866 3 5173 867 3 5174 905 3 5175 867 3 5176 906 3 5177 906 3 5178 867 3 5179 868 3 5180 906 3 5181 868 3 5182 907 3 5183 907 3 5184 868 3 5185 908 3 5186 908 3 5187 868 3 5188 869 3 5189 908 3 5190 869 3 5191 909 3 5192 909 3 5193 869 3 5194 870 3 5195 909 3 5196 870 3 5197 910 3 5198 910 3 5199 870 3 5200 871 3 5201 910 3 5202 871 3 5203 911 3 5204 911 3 5205 871 3 5206 872 3 5207 911 3 5208 872 3 5209 912 3 5210 912 3 5211 872 3 5212 873 3 5213 912 3 5214 873 3 5215 913 3 5216 913 3 5217 873 3 5218 874 3 5219 913 3 5220 874 3 5221 914 3 5222 914 3 5223 874 3 5224 875 3 5225 914 3 5226 875 3 5227 915 3 5228 915 3 5229 875 3 5230 842 3 5231 915 3 5232 842 3 5233 878 3 5234 878 3 5235 842 3 5236 841 3 5237 876 994 5238 603 994 5239 877 994 5240 877 995 5241 603 995 5242 601 995 5243 877 996 5244 601 996 5245 878 996 5246 878 997 5247 601 997 5248 600 997 5249 878 998 5250 600 998 5251 915 998 5252 915 998 5253 600 998 5254 674 998 5255 915 999 5256 674 999 5257 914 999 5258 914 1000 5259 674 1000 5260 672 1000 5261 914 1001 5262 672 1001 5263 913 1001 5264 913 1002 5265 672 1002 5266 670 1002 5267 913 1003 5268 670 1003 5269 912 1003 5270 912 1004 5271 670 1004 5272 668 1004 5273 912 1005 5274 668 1005 5275 911 1005 5276 911 1005 5277 668 1005 5278 666 1005 5279 911 1006 5280 666 1006 5281 910 1006 5282 910 1007 5283 666 1007 5284 664 1007 5285 910 1008 5286 664 1008 5287 909 1008 5288 909 1009 5289 664 1009 5290 662 1009 5291 909 1010 5292 662 1010 5293 908 1010 5294 908 1010 5295 662 1010 5296 660 1010 5297 908 1011 5298 660 1011 5299 907 1011 5300 907 1012 5301 660 1012 5302 659 1012 5303 907 1013 5304 659 1013 5305 906 1013 5306 906 1014 5307 659 1014 5308 657 1014 5309 906 1015 5310 657 1015 5311 905 1015 5312 905 1015 5313 657 1015 5314 655 1015 5315 905 1016 5316 655 1016 5317 904 1016 5318 904 1017 5319 655 1017 5320 653 1017 5321 904 1018 5322 653 1018 5323 903 1018 5324 903 1018 5325 653 1018 5326 651 1018 5327 903 1019 5328 651 1019 5329 902 1019 5330 902 1020 5331 651 1020 5332 649 1020 5333 902 1021 5334 649 1021 5335 901 1021 5336 901 1022 5337 649 1022 5338 647 1022 5339 901 1023 5340 647 1023 5341 900 1023 5342 900 1023 5343 647 1023 5344 645 1023 5345 900 1024 5346 645 1024 5347 899 1024 5348 899 1024 5349 645 1024 5350 643 1024 5351 899 1025 5352 643 1025 5353 898 1025 5354 898 1026 5355 643 1026 5356 641 1026 5357 898 1027 5358 641 1027 5359 897 1027 5360 897 1027 5361 641 1027 5362 640 1027 5363 897 1028 5364 640 1028 5365 896 1028 5366 896 1028 5367 640 1028 5368 638 1028 5369 896 1029 5370 638 1029 5371 895 1029 5372 895 1030 5373 638 1030 5374 636 1030 5375 895 1031 5376 636 1031 5377 894 1031 5378 894 1031 5379 636 1031 5380 634 1031 5381 894 1032 5382 634 1032 5383 893 1032 5384 893 1032 5385 634 1032 5386 632 1032 5387 893 1033 5388 632 1033 5389 892 1033 5390 892 1034 5391 632 1034 5392 630 1034 5393 892 1035 5394 630 1035 5395 891 1035 5396 891 1036 5397 630 1036 5398 628 1036 5399 891 1037 5400 628 1037 5401 890 1037 5402 890 1037 5403 628 1037 5404 626 1037 5405 890 1038 5406 626 1038 5407 889 1038 5408 889 1039 5409 626 1039 5410 624 1039 5411 889 1040 5412 624 1040 5413 888 1040 5414 888 1040 5415 624 1040 5416 622 1040 5417 888 1041 5418 622 1041 5419 887 1041 5420 887 1042 5421 622 1042 5422 621 1042 5423 887 1043 5424 621 1043 5425 886 1043 5426 886 1044 5427 621 1044 5428 619 1044 5429 886 1045 5430 619 1045 5431 885 1045 5432 885 1045 5433 619 1045 5434 617 1045 5435 885 1046 5436 617 1046 5437 884 1046 5438 884 1047 5439 617 1047 5440 615 1047 5441 884 1048 5442 615 1048 5443 883 1048 5444 883 1049 5445 615 1049 5446 613 1049 5447 883 1050 5448 613 1050 5449 882 1050 5450 882 1050 5451 613 1050 5452 611 1050 5453 882 1051 5454 611 1051 5455 881 1051 5456 881 1052 5457 611 1052 5458 609 1052 5459 881 1053 5460 609 1053 5461 880 1053 5462 880 1054 5463 609 1054 5464 607 1054 5465 880 1055 5466 607 1055 5467 879 1055 5468 879 1056 5469 607 1056 5470 605 1056 5471 879 1057 5472 605 1057 5473 876 1057 5474 876 1057 5475 605 1057 5476 603 1057 5477 481 0 5478 486 0 5479 916 0 5480 916 0 5481 486 0 5482 917 0 5483 483 3 5484 481 3 5485 918 3 5486 918 3 5487 481 3 5488 916 3 5489 484 5 5490 483 5 5491 919 5 5492 919 5 5493 483 5 5494 918 5 5495 486 1 5496 484 1 5497 917 1 5498 917 1 5499 484 1 5500 919 1 5501 917 4 5502 919 4 5503 916 4 5504 916 4 5505 919 4 5506 918 4 5507 920 4 5508 921 4 5509 922 4 5510 922 4 5511 921 4 5512 923 4 5513 922 4 5514 923 4 5515 924 4 5516 920 4 5517 925 4 5518 921 4 5519 921 4 5520 925 4 5521 926 4 5522 926 4 5523 925 4 5524 927 4 5525 926 4 5526 927 4 5527 924 4 5528 924 4 5529 927 4 5530 922 4 5531 928 2 5532 929 2 5533 930 2 5534 930 2 5535 929 2 5536 931 2 5537 931 2 5538 929 2 5539 932 2 5540 932 2 5541 929 2 5542 933 2 5543 932 2 5544 933 2 5545 934 2 5546 934 2 5547 933 2 5548 935 2 5549 936 2 5550 937 2 5551 938 2 5552 938 2 5553 937 2 5554 939 2 5555 939 2 5556 937 2 5557 940 2 5558 939 2 5559 940 2 5560 941 2 5561 941 2 5562 940 2 5563 942 2 5564 942 2 5565 940 2 5566 943 2 5567 927 5 5568 944 5 5569 922 5 5570 922 5 5571 944 5 5572 945 5 5573 922 5 5574 945 5 5575 939 5 5576 939 5 5577 945 5 5578 938 5 5579 927 5 5580 932 5 5581 944 5 5582 944 5 5583 932 5 5584 934 5 5585 925 1 5586 931 1 5587 927 1 5588 927 1 5589 931 1 5590 932 1 5591 935 3 5592 946 3 5593 934 3 5594 934 1058 5595 946 1058 5596 947 1058 5597 934 1059 5598 947 1059 5599 948 1059 5600 948 3 5601 949 3 5602 934 3 5603 934 3 5604 949 3 5605 944 3 5606 944 1060 5607 949 1060 5608 950 1060 5609 944 1061 5610 950 1061 5611 951 1061 5612 944 3 5613 951 3 5614 952 3 5615 952 1062 5616 951 1062 5617 953 1062 5618 952 1063 5619 953 1063 5620 954 1063 5621 952 3 5622 954 3 5623 930 3 5624 930 1064 5625 954 1064 5626 955 1064 5627 930 1059 5628 955 1059 5629 956 1059 5630 956 1065 5631 957 1065 5632 930 1065 5633 930 1066 5634 957 1066 5635 928 1066 5636 952 2 5637 958 2 5638 944 2 5639 944 2 5640 958 2 5641 945 2 5642 943 1 5643 959 1 5644 942 1 5645 942 1067 5646 959 1067 5647 960 1067 5648 942 1068 5649 960 1068 5650 961 1068 5651 961 1069 5652 962 1069 5653 942 1069 5654 942 1 5655 962 1 5656 958 1 5657 958 1070 5658 962 1070 5659 963 1070 5660 958 1071 5661 963 1071 5662 964 1071 5663 958 1 5664 964 1 5665 945 1 5666 945 1072 5667 964 1072 5668 965 1072 5669 945 1073 5670 965 1073 5671 966 1073 5672 945 1 5673 966 1 5674 938 1 5675 938 1074 5676 966 1074 5677 967 1074 5678 938 1068 5679 967 1068 5680 968 1068 5681 968 1 5682 969 1 5683 938 1 5684 938 1075 5685 969 1075 5686 936 1075 5687 941 3 5688 920 3 5689 939 3 5690 939 3 5691 920 3 5692 922 3 5693 931 1076 5694 925 1076 5695 952 1076 5696 952 0 5697 925 0 5698 920 0 5699 952 0 5700 920 0 5701 958 0 5702 958 0 5703 920 0 5704 941 0 5705 958 0 5706 941 0 5707 942 0 5708 952 0 5709 930 0 5710 931 0 5711 929 1077 5712 928 1077 5713 970 1077 5714 970 1078 5715 928 1078 5716 971 1078 5717 970 1079 5718 971 1079 5719 972 1079 5720 972 1080 5721 971 1080 5722 973 1080 5723 972 1081 5724 973 1081 5725 974 1081 5726 974 1082 5727 973 1082 5728 975 1082 5729 974 1083 5730 975 1083 5731 976 1083 5732 976 1084 5733 975 1084 5734 977 1084 5735 976 1085 5736 977 1085 5737 978 1085 5738 978 1086 5739 977 1086 5740 979 1086 5741 978 1087 5742 979 1087 5743 980 1087 5744 980 1088 5745 979 1088 5746 981 1088 5747 980 1089 5748 981 1089 5749 982 1089 5750 982 1090 5751 981 1090 5752 983 1090 5753 982 1091 5754 983 1091 5755 984 1091 5756 984 1092 5757 983 1092 5758 985 1092 5759 984 1093 5760 985 1093 5761 986 1093 5762 986 1094 5763 985 1094 5764 987 1094 5765 986 1095 5766 987 1095 5767 988 1095 5768 988 1096 5769 987 1096 5770 989 1096 5771 988 1097 5772 989 1097 5773 990 1097 5774 990 1098 5775 989 1098 5776 991 1098 5777 990 1099 5778 991 1099 5779 935 1099 5780 935 1100 5781 991 1100 5782 992 1100 5783 935 1101 5784 992 1101 5785 946 1101 5786 946 1102 5787 992 1102 5788 993 1102 5789 946 1103 5790 993 1103 5791 947 1103 5792 947 1104 5793 993 1104 5794 994 1104 5795 947 1105 5796 994 1105 5797 948 1105 5798 948 1106 5799 994 1106 5800 995 1106 5801 948 1107 5802 995 1107 5803 949 1107 5804 949 1108 5805 995 1108 5806 996 1108 5807 949 1109 5808 996 1109 5809 950 1109 5810 950 1110 5811 996 1110 5812 997 1110 5813 950 1111 5814 997 1111 5815 951 1111 5816 951 628 5817 997 628 5818 998 628 5819 951 1112 5820 998 1112 5821 953 1112 5822 953 1113 5823 998 1113 5824 999 1113 5825 953 1114 5826 999 1114 5827 954 1114 5828 954 1115 5829 999 1115 5830 1000 1115 5831 954 1116 5832 1000 1116 5833 955 1116 5834 955 1117 5835 1000 1117 5836 1001 1117 5837 955 1118 5838 1001 1118 5839 956 1118 5840 956 1119 5841 1001 1119 5842 1002 1119 5843 956 1120 5844 1002 1120 5845 957 1120 5846 957 1121 5847 1002 1121 5848 1003 1121 5849 957 1122 5850 1003 1122 5851 928 1122 5852 928 1123 5853 1003 1123 5854 1004 1123 5855 928 1124 5856 1004 1124 5857 971 1124 5858 935 1125 5859 933 1125 5860 990 1125 5861 1005 628 5862 965 628 5863 1006 628 5864 1006 1126 5865 965 1126 5866 964 1126 5867 1006 1127 5868 964 1127 5869 1007 1127 5870 1007 629 5871 964 629 5872 963 629 5873 1007 1128 5874 963 1128 5875 1008 1128 5876 1008 1129 5877 963 1129 5878 962 1129 5879 1008 1130 5880 962 1130 5881 1009 1130 5882 1009 1131 5883 962 1131 5884 961 1131 5885 1009 1132 5886 961 1132 5887 1010 1132 5888 1010 1133 5889 961 1133 5890 960 1133 5891 1010 1134 5892 960 1134 5893 1011 1134 5894 1011 1135 5895 960 1135 5896 959 1135 5897 1011 1136 5898 959 1136 5899 1012 1136 5900 1012 1137 5901 959 1137 5902 943 1137 5903 1012 1138 5904 943 1138 5905 1013 1138 5906 1013 1139 5907 943 1139 5908 1014 1139 5909 1013 1140 5910 1014 1140 5911 1015 1140 5912 1015 1141 5913 1014 1141 5914 1016 1141 5915 1015 1142 5916 1016 1142 5917 1017 1142 5918 1017 1143 5919 1016 1143 5920 1018 1143 5921 1017 1144 5922 1018 1144 5923 1019 1144 5924 1019 1145 5925 1018 1145 5926 1020 1145 5927 1019 1146 5928 1020 1146 5929 1021 1146 5930 1021 1147 5931 1020 1147 5932 1022 1147 5933 1021 1148 5934 1022 1148 5935 1023 1148 5936 1023 1088 5937 1022 1088 5938 1024 1088 5939 1023 1149 5940 1024 1149 5941 1025 1149 5942 1025 1090 5943 1024 1090 5944 1026 1090 5945 1025 1150 5946 1026 1150 5947 1027 1150 5948 1027 1151 5949 1026 1151 5950 1028 1151 5951 1027 1152 5952 1028 1152 5953 1029 1152 5954 1029 1153 5955 1028 1153 5956 1030 1153 5957 1029 1154 5958 1030 1154 5959 1031 1154 5960 1031 1155 5961 1030 1155 5962 1032 1155 5963 1031 1156 5964 1032 1156 5965 1033 1156 5966 1033 1157 5967 1032 1157 5968 1034 1157 5969 1033 1158 5970 1034 1158 5971 936 1158 5972 936 1159 5973 1034 1159 5974 937 1159 5975 965 1160 5976 1005 1160 5977 966 1160 5978 966 626 5979 1005 626 5980 1035 626 5981 966 1161 5982 1035 1161 5983 967 1161 5984 967 1162 5985 1035 1162 5986 1036 1162 5987 967 1163 5988 1036 1163 5989 968 1163 5990 968 1164 5991 1036 1164 5992 1037 1164 5993 968 1165 5994 1037 1165 5995 969 1165 5996 969 1166 5997 1037 1166 5998 1038 1166 5999 969 1167 6000 1038 1167 6001 936 1167 6002 936 1168 6003 1038 1168 6004 1039 1168 6005 936 1169 6006 1039 1169 6007 1033 1169 6008 943 1170 6009 940 1170 6010 1014 1170 6011 1040 1 6012 1041 1 6013 1042 1 6014 1042 1 6015 1041 1 6016 1043 1 6017 1042 1171 6018 1043 1171 6019 1044 1171 6020 1044 1 6021 1043 1 6022 1045 1 6023 1044 1172 6024 1045 1172 6025 1046 1172 6026 1046 1173 6027 1045 1173 6028 1047 1173 6029 1046 1174 6030 1047 1174 6031 1048 1174 6032 1048 1 6033 1047 1 6034 1049 1 6035 1048 1 6036 1049 1 6037 1050 1 6038 1050 1175 6039 1049 1175 6040 1051 1175 6041 1050 1176 6042 1051 1176 6043 1052 1176 6044 1052 1 6045 1051 1 6046 1053 1 6047 1052 1 6048 1053 1 6049 1054 1 6050 1054 1177 6051 1053 1177 6052 1055 1177 6053 1054 1178 6054 1055 1178 6055 1056 1178 6056 1056 1 6057 1055 1 6058 1057 1 6059 1056 1 6060 1057 1 6061 1058 1 6062 1058 1179 6063 1057 1179 6064 1059 1179 6065 1058 1 6066 1059 1 6067 1060 1 6068 1060 1 6069 1059 1 6070 1061 1 6071 1060 1 6072 1061 1 6073 1062 1 6074 1060 1 6075 1062 1 6076 1063 1 6077 1063 1180 6078 1062 1180 6079 1064 1180 6080 1063 1 6081 1064 1 6082 1065 1 6083 1065 1 6084 1064 1 6085 1066 1 6086 1065 1 6087 1066 1 6088 1067 1 6089 1067 1181 6090 1066 1181 6091 1068 1181 6092 1067 1 6093 1068 1 6094 1069 1 6095 1069 1 6096 1068 1 6097 1070 1 6098 1069 1 6099 1070 1 6100 1071 1 6101 1071 1182 6102 1070 1182 6103 1072 1182 6104 1071 1 6105 1072 1 6106 1073 1 6107 1073 1 6108 1072 1 6109 1074 1 6110 1073 1 6111 1074 1 6112 1075 1 6113 1075 1183 6114 1074 1183 6115 1076 1183 6116 1075 1 6117 1076 1 6118 1077 1 6119 1077 1 6120 1076 1 6121 1078 1 6122 1077 1 6123 1078 1 6124 1079 1 6125 1079 1 6126 1078 1 6127 1080 1 6128 1079 1 6129 1080 1 6130 1081 1 6131 1079 1184 6132 1081 1184 6133 1082 1184 6134 1082 1 6135 1081 1 6136 1083 1 6137 1082 1185 6138 1083 1185 6139 1084 1185 6140 1084 1186 6141 1083 1186 6142 1085 1186 6143 1084 1187 6144 1085 1187 6145 1086 1187 6146 1086 1 6147 1085 1 6148 1087 1 6149 1086 1 6150 1087 1 6151 1088 1 6152 1088 1188 6153 1087 1188 6154 1089 1188 6155 1088 1189 6156 1089 1189 6157 1090 1189 6158 1090 1 6159 1089 1 6160 1091 1 6161 1090 1 6162 1091 1 6163 1092 1 6164 1092 1181 6165 1091 1181 6166 1093 1181 6167 1092 1190 6168 1093 1190 6169 1094 1190 6170 1094 1 6171 1093 1 6172 1095 1 6173 1094 1 6174 1095 1 6175 1096 1 6176 1096 1191 6177 1095 1191 6178 1097 1191 6179 1096 1 6180 1097 1 6181 1098 1 6182 1098 1 6183 1097 1 6184 1099 1 6185 1098 1 6186 1099 1 6187 1100 1 6188 1098 1 6189 1100 1 6190 1101 1 6191 1101 1192 6192 1100 1192 6193 1102 1192 6194 1101 1 6195 1102 1 6196 1103 1 6197 1103 1 6198 1102 1 6199 1104 1 6200 1103 1 6201 1104 1 6202 1105 1 6203 1105 1177 6204 1104 1177 6205 1106 1177 6206 1105 1 6207 1106 1 6208 1107 1 6209 1107 1 6210 1106 1 6211 1108 1 6212 1107 1 6213 1108 1 6214 1109 1 6215 1109 1193 6216 1108 1193 6217 1110 1193 6218 1109 1 6219 1110 1 6220 1111 1 6221 1111 1 6222 1110 1 6223 1112 1 6224 1111 1 6225 1112 1 6226 1113 1 6227 1113 1173 6228 1112 1173 6229 1114 1173 6230 1113 1 6231 1114 1 6232 1115 1 6233 1115 1 6234 1114 1 6235 1040 1 6236 1115 1 6237 1040 1 6238 1042 1 6239 1115 1194 6240 1042 1194 6241 1116 1194 6242 1116 1195 6243 1042 1195 6244 1044 1195 6245 1116 1196 6246 1044 1196 6247 1117 1196 6248 1117 1197 6249 1044 1197 6250 1046 1197 6251 1117 1198 6252 1046 1198 6253 1118 1198 6254 1118 1199 6255 1046 1199 6256 1048 1199 6257 1118 1200 6258 1048 1200 6259 1119 1200 6260 1119 1201 6261 1048 1201 6262 1050 1201 6263 1119 1202 6264 1050 1202 6265 1120 1202 6266 1120 1203 6267 1050 1203 6268 1052 1203 6269 1120 1204 6270 1052 1204 6271 1121 1204 6272 1121 1205 6273 1052 1205 6274 1054 1205 6275 1121 1206 6276 1054 1206 6277 1122 1206 6278 1122 1207 6279 1054 1207 6280 1056 1207 6281 1122 1208 6282 1056 1208 6283 1123 1208 6284 1123 1209 6285 1056 1209 6286 1058 1209 6287 1123 1210 6288 1058 1210 6289 1124 1210 6290 1124 1211 6291 1058 1211 6292 1060 1211 6293 1124 1212 6294 1060 1212 6295 1125 1212 6296 1125 1213 6297 1060 1213 6298 1063 1213 6299 1125 1214 6300 1063 1214 6301 1126 1214 6302 1126 1215 6303 1063 1215 6304 1065 1215 6305 1126 1216 6306 1065 1216 6307 1127 1216 6308 1127 1217 6309 1065 1217 6310 1067 1217 6311 1127 1218 6312 1067 1218 6313 1128 1218 6314 1128 1219 6315 1067 1219 6316 1069 1219 6317 1128 1220 6318 1069 1220 6319 1129 1220 6320 1129 1221 6321 1069 1221 6322 1071 1221 6323 1129 1222 6324 1071 1222 6325 1130 1222 6326 1130 1223 6327 1071 1223 6328 1073 1223 6329 1130 1224 6330 1073 1224 6331 1131 1224 6332 1131 1225 6333 1073 1225 6334 1075 1225 6335 1131 1226 6336 1075 1226 6337 1132 1226 6338 1132 1227 6339 1075 1227 6340 1077 1227 6341 1132 1228 6342 1077 1228 6343 1133 1228 6344 1133 1229 6345 1077 1229 6346 1079 1229 6347 1133 1230 6348 1079 1230 6349 1082 1230 6350 1133 1231 6351 1082 1231 6352 1134 1231 6353 1134 1232 6354 1082 1232 6355 1084 1232 6356 1134 1233 6357 1084 1233 6358 1135 1233 6359 1135 1234 6360 1084 1234 6361 1086 1234 6362 1135 1235 6363 1086 1235 6364 1136 1235 6365 1136 1236 6366 1086 1236 6367 1088 1236 6368 1136 1237 6369 1088 1237 6370 1137 1237 6371 1137 1238 6372 1088 1238 6373 1090 1238 6374 1137 1239 6375 1090 1239 6376 1138 1239 6377 1138 1240 6378 1090 1240 6379 1092 1240 6380 1138 1241 6381 1092 1241 6382 1139 1241 6383 1139 1242 6384 1092 1242 6385 1094 1242 6386 1139 1243 6387 1094 1243 6388 1140 1243 6389 1140 1244 6390 1094 1244 6391 1096 1244 6392 1140 1245 6393 1096 1245 6394 1141 1245 6395 1141 1246 6396 1096 1246 6397 1098 1246 6398 1141 1247 6399 1098 1247 6400 1142 1247 6401 1142 1248 6402 1098 1248 6403 1101 1248 6404 1142 1249 6405 1101 1249 6406 1143 1249 6407 1143 1250 6408 1101 1250 6409 1103 1250 6410 1143 1251 6411 1103 1251 6412 1144 1251 6413 1144 1252 6414 1103 1252 6415 1105 1252 6416 1144 1253 6417 1105 1253 6418 1145 1253 6419 1145 1254 6420 1105 1254 6421 1107 1254 6422 1145 1255 6423 1107 1255 6424 1146 1255 6425 1146 1256 6426 1107 1256 6427 1109 1256 6428 1146 1257 6429 1109 1257 6430 1147 1257 6431 1147 1258 6432 1109 1258 6433 1111 1258 6434 1147 1259 6435 1111 1259 6436 1148 1259 6437 1148 1260 6438 1111 1260 6439 1113 1260 6440 1148 1261 6441 1113 1261 6442 1149 1261 6443 1149 1262 6444 1113 1262 6445 1115 1262 6446 1149 1263 6447 1115 1263 6448 1116 1263 6449 1149 1 6450 1116 1 6451 1150 1 6452 1150 1 6453 1116 1 6454 1117 1 6455 1150 1 6456 1117 1 6457 1151 1 6458 1151 1 6459 1117 1 6460 1118 1 6461 1151 1 6462 1118 1 6463 1152 1 6464 1152 1 6465 1118 1 6466 1119 1 6467 1152 1264 6468 1119 1264 6469 1120 1264 6470 1152 1 6471 1120 1 6472 1153 1 6473 1153 1265 6474 1120 1265 6475 1121 1265 6476 1153 1266 6477 1121 1266 6478 1154 1266 6479 1154 1267 6480 1121 1267 6481 1122 1267 6482 1154 1268 6483 1122 1268 6484 1155 1268 6485 1155 1 6486 1122 1 6487 1123 1 6488 1155 1269 6489 1123 1269 6490 1124 1269 6491 1155 1 6492 1124 1 6493 1156 1 6494 1156 1 6495 1124 1 6496 1125 1 6497 1156 1 6498 1125 1 6499 1157 1 6500 1157 1270 6501 1125 1270 6502 1126 1270 6503 1157 1 6504 1126 1 6505 1127 1 6506 1157 1271 6507 1127 1271 6508 1158 1271 6509 1158 1272 6510 1127 1272 6511 1128 1272 6512 1158 1 6513 1128 1 6514 1159 1 6515 1159 1273 6516 1128 1273 6517 1129 1273 6518 1159 1 6519 1129 1 6520 1160 1 6521 1160 1274 6522 1129 1274 6523 1130 1274 6524 1160 1 6525 1130 1 6526 1131 1 6527 1160 1 6528 1131 1 6529 1161 1 6530 1161 1 6531 1131 1 6532 1132 1 6533 1161 1 6534 1132 1 6535 1162 1 6536 1162 1 6537 1132 1 6538 1133 1 6539 1162 1 6540 1133 1 6541 1134 1 6542 1162 1 6543 1134 1 6544 1163 1 6545 1163 1 6546 1134 1 6547 1135 1 6548 1163 1 6549 1135 1 6550 1164 1 6551 1164 1 6552 1135 1 6553 1136 1 6554 1164 1275 6555 1136 1275 6556 1137 1275 6557 1164 1 6558 1137 1 6559 1165 1 6560 1165 1276 6561 1137 1276 6562 1138 1276 6563 1165 1277 6564 1138 1277 6565 1166 1277 6566 1166 1272 6567 1138 1272 6568 1139 1272 6569 1166 1278 6570 1139 1278 6571 1167 1278 6572 1167 1 6573 1139 1 6574 1140 1 6575 1167 1270 6576 1140 1270 6577 1141 1270 6578 1167 1 6579 1141 1 6580 1168 1 6581 1168 1 6582 1141 1 6583 1142 1 6584 1168 1 6585 1142 1 6586 1169 1 6587 1169 1269 6588 1142 1269 6589 1143 1269 6590 1169 1 6591 1143 1 6592 1144 1 6593 1169 1279 6594 1144 1279 6595 1170 1279 6596 1170 1280 6597 1144 1280 6598 1145 1280 6599 1170 1 6600 1145 1 6601 1171 1 6602 1171 1281 6603 1145 1281 6604 1146 1281 6605 1171 1 6606 1146 1 6607 1172 1 6608 1172 1282 6609 1146 1282 6610 1147 1282 6611 1172 1 6612 1147 1 6613 1148 1 6614 1172 1 6615 1148 1 6616 1173 1 6617 1173 1 6618 1148 1 6619 1149 1 6620 1173 1 6621 1149 1 6622 1150 1 6623 1151 1283 6624 1174 1283 6625 1150 1283 6626 1150 1284 6627 1174 1284 6628 1175 1284 6629 1150 1285 6630 1175 1285 6631 1173 1285 6632 1173 1286 6633 1175 1286 6634 1176 1286 6635 1173 1287 6636 1176 1287 6637 1172 1287 6638 1172 1288 6639 1176 1288 6640 1177 1288 6641 1172 1289 6642 1177 1289 6643 1171 1289 6644 1171 1290 6645 1177 1290 6646 1178 1290 6647 1171 1291 6648 1178 1291 6649 1170 1291 6650 1170 1292 6651 1178 1292 6652 1179 1292 6653 1170 1293 6654 1179 1293 6655 1169 1293 6656 1169 1294 6657 1179 1294 6658 1180 1294 6659 1169 1295 6660 1180 1295 6661 1168 1295 6662 1168 1296 6663 1180 1296 6664 1181 1296 6665 1168 1297 6666 1181 1297 6667 1167 1297 6668 1167 1298 6669 1181 1298 6670 1182 1298 6671 1167 1299 6672 1182 1299 6673 1166 1299 6674 1166 1300 6675 1182 1300 6676 1183 1300 6677 1166 1301 6678 1183 1301 6679 1165 1301 6680 1165 1302 6681 1183 1302 6682 1184 1302 6683 1165 1303 6684 1184 1303 6685 1164 1303 6686 1164 1304 6687 1184 1304 6688 1185 1304 6689 1164 1305 6690 1185 1305 6691 1163 1305 6692 1163 1306 6693 1185 1306 6694 1186 1306 6695 1163 1307 6696 1186 1307 6697 1162 1307 6698 1162 1308 6699 1186 1308 6700 1187 1308 6701 1162 1309 6702 1187 1309 6703 1161 1309 6704 1161 1310 6705 1187 1310 6706 1188 1310 6707 1161 1311 6708 1188 1311 6709 1160 1311 6710 1160 1312 6711 1188 1312 6712 1189 1312 6713 1160 1313 6714 1189 1313 6715 1159 1313 6716 1159 1314 6717 1189 1314 6718 1190 1314 6719 1159 1315 6720 1190 1315 6721 1158 1315 6722 1158 1316 6723 1190 1316 6724 1191 1316 6725 1158 1317 6726 1191 1317 6727 1157 1317 6728 1157 1318 6729 1191 1318 6730 1192 1318 6731 1157 1319 6732 1192 1319 6733 1156 1319 6734 1156 1320 6735 1192 1320 6736 1193 1320 6737 1156 1321 6738 1193 1321 6739 1155 1321 6740 1155 1322 6741 1193 1322 6742 1194 1322 6743 1155 1323 6744 1194 1323 6745 1154 1323 6746 1154 1324 6747 1194 1324 6748 1195 1324 6749 1154 1325 6750 1195 1325 6751 1153 1325 6752 1153 1326 6753 1195 1326 6754 1196 1326 6755 1153 1327 6756 1196 1327 6757 1152 1327 6758 1152 1328 6759 1196 1328 6760 1197 1328 6761 1152 1329 6762 1197 1329 6763 1151 1329 6764 1151 1330 6765 1197 1330 6766 1174 1330 6767 1174 1331 6768 999 1331 6769 1175 1331 6770 1175 1 6771 999 1 6772 998 1 6773 1175 1 6774 998 1 6775 1176 1 6776 1176 1332 6777 998 1332 6778 997 1332 6779 1176 1333 6780 997 1333 6781 996 1333 6782 999 1334 6783 1174 1334 6784 1000 1334 6785 1000 1335 6786 1174 1335 6787 1197 1335 6788 1000 1 6789 1197 1 6790 1001 1 6791 1001 1336 6792 1197 1336 6793 1196 1336 6794 1001 1 6795 1196 1 6796 1002 1 6797 1002 1337 6798 1196 1337 6799 1195 1337 6800 1002 1338 6801 1195 1338 6802 1003 1338 6803 1003 1339 6804 1195 1339 6805 1194 1339 6806 1003 1 6807 1194 1 6808 1004 1 6809 1004 1 6810 1194 1 6811 1193 1 6812 1004 1 6813 1193 1 6814 1192 1 6815 1004 1 6816 1192 1 6817 971 1 6818 971 1340 6819 1192 1340 6820 1191 1340 6821 971 1341 6822 1191 1341 6823 973 1341 6824 973 1342 6825 1191 1342 6826 1190 1342 6827 973 1 6828 1190 1 6829 975 1 6830 975 1343 6831 1190 1343 6832 1189 1343 6833 975 1 6834 1189 1 6835 977 1 6836 977 1344 6837 1189 1344 6838 1188 1344 6839 977 1 6840 1188 1 6841 979 1 6842 979 1337 6843 1188 1337 6844 1187 1337 6845 979 1 6846 1187 1 6847 981 1 6848 981 1 6849 1187 1 6850 983 1 6851 983 1337 6852 1187 1337 6853 1186 1337 6854 983 1345 6855 1186 1345 6856 985 1345 6857 985 1344 6858 1186 1344 6859 1185 1344 6860 985 1 6861 1185 1 6862 987 1 6863 987 1346 6864 1185 1346 6865 1184 1346 6866 987 1 6867 1184 1 6868 989 1 6869 989 1347 6870 1184 1347 6871 1183 1347 6872 989 1348 6873 1183 1348 6874 991 1348 6875 991 1349 6876 1183 1349 6877 1182 1349 6878 991 1 6879 1182 1 6880 992 1 6881 992 1 6882 1182 1 6883 1181 1 6884 992 1 6885 1181 1 6886 1180 1 6887 992 1 6888 1180 1 6889 993 1 6890 993 1350 6891 1180 1350 6892 1179 1350 6893 993 1351 6894 1179 1351 6895 994 1351 6896 994 1352 6897 1179 1352 6898 1178 1352 6899 994 1 6900 1178 1 6901 995 1 6902 995 1353 6903 1178 1353 6904 1177 1353 6905 995 1 6906 1177 1 6907 996 1 6908 996 1335 6909 1177 1335 6910 1176 1335 6911 929 1 6912 970 1 6913 933 1 6914 933 1 6915 970 1 6916 990 1 6917 990 1 6918 970 1 6919 988 1 6920 988 1354 6921 970 1354 6922 972 1354 6923 988 1355 6924 972 1355 6925 986 1355 6926 986 1356 6927 972 1356 6928 974 1356 6929 986 1 6930 974 1 6931 984 1 6932 984 1357 6933 974 1357 6934 976 1357 6935 984 1358 6936 976 1358 6937 982 1358 6938 982 1359 6939 976 1359 6940 978 1359 6941 982 1 6942 978 1 6943 980 1 6944 940 1360 6945 937 1360 6946 1014 1360 6947 1014 1361 6948 937 1361 6949 1034 1361 6950 1014 1362 6951 1034 1362 6952 1032 1362 6953 1014 3 6954 1032 3 6955 1016 3 6956 1016 1363 6957 1032 1363 6958 1030 1363 6959 1016 3 6960 1030 3 6961 1018 3 6962 1018 1364 6963 1030 1364 6964 1028 1364 6965 1018 1365 6966 1028 1365 6967 1020 1365 6968 1020 1366 6969 1028 1366 6970 1026 1366 6971 1020 3 6972 1026 3 6973 1022 3 6974 1022 3 6975 1026 3 6976 1024 3 6977 1005 3 6978 1006 3 6979 1198 3 6980 1198 3 6981 1006 3 6982 1007 3 6983 1198 1367 6984 1007 1367 6985 1199 1367 6986 1199 1368 6987 1007 1368 6988 1008 1368 6989 1199 3 6990 1008 3 6991 1200 3 6992 1200 1369 6993 1008 1369 6994 1009 1369 6995 1200 3 6996 1009 3 6997 1201 3 6998 1201 1370 6999 1009 1370 7000 1010 1370 7001 1201 3 7002 1010 3 7003 1202 3 7004 1202 1371 7005 1010 1371 7006 1011 1371 7007 1202 3 7008 1011 3 7009 1203 3 7010 1203 1372 7011 1011 1372 7012 1012 1372 7013 1203 3 7014 1012 3 7015 1204 3 7016 1204 1373 7017 1012 1373 7018 1205 1373 7019 1205 1374 7020 1012 1374 7021 1013 1374 7022 1205 3 7023 1013 3 7024 1206 3 7025 1206 1375 7026 1013 1375 7027 1015 1375 7028 1206 3 7029 1015 3 7030 1207 3 7031 1207 1376 7032 1015 1376 7033 1017 1376 7034 1207 1377 7035 1017 1377 7036 1208 1377 7037 1208 1378 7038 1017 1378 7039 1019 1378 7040 1208 3 7041 1019 3 7042 1209 3 7043 1209 1379 7044 1019 1379 7045 1021 1379 7046 1209 1380 7047 1021 1380 7048 1210 1380 7049 1210 3 7050 1021 3 7051 1023 3 7052 1210 3 7053 1023 3 7054 1211 3 7055 1211 1381 7056 1023 1381 7057 1025 1381 7058 1211 1382 7059 1025 1382 7060 1027 1382 7061 1211 3 7062 1027 3 7063 1212 3 7064 1212 1383 7065 1027 1383 7066 1029 1383 7067 1212 3 7068 1029 3 7069 1213 3 7070 1213 1384 7071 1029 1384 7072 1031 1384 7073 1213 3 7074 1031 3 7075 1214 3 7076 1214 1385 7077 1031 1385 7078 1033 1385 7079 1214 3 7080 1033 3 7081 1215 3 7082 1215 1374 7083 1033 1374 7084 1039 1374 7085 1215 3 7086 1039 3 7087 1216 3 7088 1216 1386 7089 1039 1386 7090 1217 1386 7091 1217 1372 7092 1039 1372 7093 1038 1372 7094 1217 3 7095 1038 3 7096 1218 3 7097 1218 1387 7098 1038 1387 7099 1037 1387 7100 1218 3 7101 1037 3 7102 1219 3 7103 1219 1388 7104 1037 1388 7105 1036 1388 7106 1219 1389 7107 1036 1389 7108 1220 1389 7109 1220 1390 7110 1036 1390 7111 1035 1390 7112 1220 3 7113 1035 3 7114 1221 3 7115 1221 1391 7116 1035 1391 7117 1005 1391 7118 1221 1392 7119 1005 1392 7120 1198 1392 7121 1199 1393 7122 1222 1393 7123 1198 1393 7124 1198 1394 7125 1222 1394 7126 1223 1394 7127 1198 1395 7128 1223 1395 7129 1221 1395 7130 1221 1396 7131 1223 1396 7132 1224 1396 7133 1221 1397 7134 1224 1397 7135 1220 1397 7136 1220 1398 7137 1224 1398 7138 1225 1398 7139 1220 1399 7140 1225 1399 7141 1219 1399 7142 1219 1400 7143 1225 1400 7144 1226 1400 7145 1219 1401 7146 1226 1401 7147 1218 1401 7148 1218 1402 7149 1226 1402 7150 1227 1402 7151 1218 1403 7152 1227 1403 7153 1217 1403 7154 1217 1404 7155 1227 1404 7156 1228 1404 7157 1217 1405 7158 1228 1405 7159 1216 1405 7160 1216 1406 7161 1228 1406 7162 1229 1406 7163 1216 1407 7164 1229 1407 7165 1215 1407 7166 1215 1408 7167 1229 1408 7168 1230 1408 7169 1215 1409 7170 1230 1409 7171 1214 1409 7172 1214 1410 7173 1230 1410 7174 1231 1410 7175 1214 1411 7176 1231 1411 7177 1213 1411 7178 1213 1412 7179 1231 1412 7180 1232 1412 7181 1213 1413 7182 1232 1413 7183 1212 1413 7184 1212 1414 7185 1232 1414 7186 1233 1414 7187 1212 1415 7188 1233 1415 7189 1211 1415 7190 1211 1416 7191 1233 1416 7192 1234 1416 7193 1211 1417 7194 1234 1417 7195 1210 1417 7196 1210 1418 7197 1234 1418 7198 1235 1418 7199 1210 1419 7200 1235 1419 7201 1209 1419 7202 1209 1420 7203 1235 1420 7204 1236 1420 7205 1209 1421 7206 1236 1421 7207 1208 1421 7208 1208 1422 7209 1236 1422 7210 1237 1422 7211 1208 1423 7212 1237 1423 7213 1207 1423 7214 1207 1424 7215 1237 1424 7216 1238 1424 7217 1207 1425 7218 1238 1425 7219 1206 1425 7220 1206 1426 7221 1238 1426 7222 1239 1426 7223 1206 1427 7224 1239 1427 7225 1205 1427 7226 1205 1428 7227 1239 1428 7228 1240 1428 7229 1205 1429 7230 1240 1429 7231 1204 1429 7232 1204 1430 7233 1240 1430 7234 1241 1430 7235 1204 1431 7236 1241 1431 7237 1203 1431 7238 1203 1432 7239 1241 1432 7240 1242 1432 7241 1203 1433 7242 1242 1433 7243 1202 1433 7244 1202 1434 7245 1242 1434 7246 1243 1434 7247 1202 1435 7248 1243 1435 7249 1201 1435 7250 1201 1436 7251 1243 1436 7252 1244 1436 7253 1201 1437 7254 1244 1437 7255 1200 1437 7256 1200 1438 7257 1244 1438 7258 1245 1438 7259 1200 1439 7260 1245 1439 7261 1199 1439 7262 1199 1440 7263 1245 1440 7264 1222 1440 7265 1222 3 7266 1246 3 7267 1223 3 7268 1223 3 7269 1246 3 7270 1247 3 7271 1223 3 7272 1247 3 7273 1248 3 7274 1246 3 7275 1222 3 7276 1249 3 7277 1249 3 7278 1222 3 7279 1245 3 7280 1249 1441 7281 1245 1441 7282 1250 1441 7283 1250 3 7284 1245 3 7285 1251 3 7286 1251 1442 7287 1245 1442 7288 1244 1442 7289 1251 1443 7290 1244 1443 7291 1252 1443 7292 1252 3 7293 1244 3 7294 1243 3 7295 1252 3 7296 1243 3 7297 1253 3 7298 1253 1444 7299 1243 1444 7300 1242 1444 7301 1253 3 7302 1242 3 7303 1254 3 7304 1254 3 7305 1242 3 7306 1255 3 7307 1255 1445 7308 1242 1445 7309 1241 1445 7310 1255 3 7311 1241 3 7312 1256 3 7313 1256 1446 7314 1241 1446 7315 1240 1446 7316 1256 3 7317 1240 3 7318 1257 3 7319 1257 3 7320 1240 3 7321 1258 3 7322 1258 1447 7323 1240 1447 7324 1239 1447 7325 1258 1448 7326 1239 1448 7327 1259 1448 7328 1259 3 7329 1239 3 7330 1238 3 7331 1259 1449 7332 1238 1449 7333 1260 1449 7334 1260 1450 7335 1238 1450 7336 1237 1450 7337 1260 3 7338 1237 3 7339 1261 3 7340 1261 1451 7341 1237 1451 7342 1262 1451 7343 1262 3 7344 1237 3 7345 1236 3 7346 1262 1452 7347 1236 1452 7348 1263 1452 7349 1263 1453 7350 1236 1453 7351 1235 1453 7352 1263 3 7353 1235 3 7354 1264 3 7355 1264 3 7356 1235 3 7357 1265 3 7358 1265 1453 7359 1235 1453 7360 1234 1453 7361 1265 3 7362 1234 3 7363 1266 3 7364 1266 3 7365 1234 3 7366 1233 3 7367 1266 1454 7368 1233 1454 7369 1267 1454 7370 1267 3 7371 1233 3 7372 1268 3 7373 1268 1450 7374 1233 1450 7375 1232 1450 7376 1268 1455 7377 1232 1455 7378 1269 1455 7379 1269 3 7380 1232 3 7381 1231 3 7382 1269 3 7383 1231 3 7384 1270 3 7385 1270 1456 7386 1231 1456 7387 1230 1456 7388 1270 3 7389 1230 3 7390 1271 3 7391 1271 3 7392 1230 3 7393 1272 3 7394 1272 1446 7395 1230 1446 7396 1229 1446 7397 1272 3 7398 1229 3 7399 1273 3 7400 1273 1445 7401 1229 1445 7402 1228 1445 7403 1273 3 7404 1228 3 7405 1274 3 7406 1274 3 7407 1228 3 7408 1275 3 7409 1275 1457 7410 1228 1457 7411 1227 1457 7412 1275 1458 7413 1227 1458 7414 1276 1458 7415 1276 3 7416 1227 3 7417 1226 3 7418 1276 1459 7419 1226 1459 7420 1277 1459 7421 1277 1460 7422 1226 1460 7423 1225 1460 7424 1277 3 7425 1225 3 7426 1278 3 7427 1278 1461 7428 1225 1461 7429 1279 1461 7430 1279 3 7431 1225 3 7432 1224 3 7433 1279 1462 7434 1224 1462 7435 1248 1462 7436 1248 1463 7437 1224 1463 7438 1223 1463 7439 1246 1464 7440 1280 1464 7441 1247 1464 7442 1247 1465 7443 1280 1465 7444 1281 1465 7445 1247 1466 7446 1281 1466 7447 1282 1466 7448 1280 1467 7449 1246 1467 7450 1283 1467 7451 1283 1468 7452 1246 1468 7453 1249 1468 7454 1283 1469 7455 1249 1469 7456 1284 1469 7457 1284 1470 7458 1249 1470 7459 1250 1470 7460 1284 1471 7461 1250 1471 7462 1285 1471 7463 1285 1472 7464 1250 1472 7465 1251 1472 7466 1285 1473 7467 1251 1473 7468 1286 1473 7469 1286 1474 7470 1251 1474 7471 1252 1474 7472 1286 1475 7473 1252 1475 7474 1287 1475 7475 1287 1476 7476 1252 1476 7477 1253 1476 7478 1287 1477 7479 1253 1477 7480 1288 1477 7481 1288 1478 7482 1253 1478 7483 1254 1478 7484 1288 1479 7485 1254 1479 7486 1289 1479 7487 1289 1480 7488 1254 1480 7489 1255 1480 7490 1289 1481 7491 1255 1481 7492 1290 1481 7493 1290 1482 7494 1255 1482 7495 1256 1482 7496 1290 1483 7497 1256 1483 7498 1291 1483 7499 1291 1484 7500 1256 1484 7501 1257 1484 7502 1291 1485 7503 1257 1485 7504 1292 1485 7505 1292 1486 7506 1257 1486 7507 1258 1486 7508 1292 1487 7509 1258 1487 7510 1293 1487 7511 1293 1488 7512 1258 1488 7513 1259 1488 7514 1293 1489 7515 1259 1489 7516 1294 1489 7517 1294 1490 7518 1259 1490 7519 1260 1490 7520 1294 1491 7521 1260 1491 7522 1295 1491 7523 1295 1492 7524 1260 1492 7525 1261 1492 7526 1295 1493 7527 1261 1493 7528 1296 1493 7529 1296 1494 7530 1261 1494 7531 1262 1494 7532 1296 1495 7533 1262 1495 7534 1297 1495 7535 1297 1496 7536 1262 1496 7537 1263 1496 7538 1297 1497 7539 1263 1497 7540 1298 1497 7541 1298 1498 7542 1263 1498 7543 1264 1498 7544 1298 1499 7545 1264 1499 7546 1299 1499 7547 1299 1500 7548 1264 1500 7549 1300 1500 7550 1300 1501 7551 1264 1501 7552 1265 1501 7553 1300 1502 7554 1265 1502 7555 1301 1502 7556 1301 1503 7557 1265 1503 7558 1266 1503 7559 1301 1504 7560 1266 1504 7561 1302 1504 7562 1302 1505 7563 1266 1505 7564 1267 1505 7565 1302 1506 7566 1267 1506 7567 1303 1506 7568 1303 1507 7569 1267 1507 7570 1268 1507 7571 1303 1508 7572 1268 1508 7573 1304 1508 7574 1304 1509 7575 1268 1509 7576 1269 1509 7577 1304 1510 7578 1269 1510 7579 1305 1510 7580 1305 1511 7581 1269 1511 7582 1270 1511 7583 1305 1512 7584 1270 1512 7585 1306 1512 7586 1306 1513 7587 1270 1513 7588 1271 1513 7589 1306 1514 7590 1271 1514 7591 1307 1514 7592 1307 1515 7593 1271 1515 7594 1272 1515 7595 1307 1516 7596 1272 1516 7597 1308 1516 7598 1308 1517 7599 1272 1517 7600 1273 1517 7601 1308 1518 7602 1273 1518 7603 1309 1518 7604 1309 1519 7605 1273 1519 7606 1274 1519 7607 1309 1520 7608 1274 1520 7609 1310 1520 7610 1310 1521 7611 1274 1521 7612 1275 1521 7613 1310 1522 7614 1275 1522 7615 1311 1522 7616 1311 1523 7617 1275 1523 7618 1276 1523 7619 1311 1524 7620 1276 1524 7621 1312 1524 7622 1312 1525 7623 1276 1525 7624 1277 1525 7625 1312 1526 7626 1277 1526 7627 1313 1526 7628 1313 1527 7629 1277 1527 7630 1278 1527 7631 1313 1528 7632 1278 1528 7633 1314 1528 7634 1314 1529 7635 1278 1529 7636 1279 1529 7637 1314 1530 7638 1279 1530 7639 1315 1530 7640 1315 1531 7641 1279 1531 7642 1248 1531 7643 1315 1532 7644 1248 1532 7645 1282 1532 7646 1282 1533 7647 1248 1533 7648 1247 1533 7649 1280 3 7650 1316 3 7651 1281 3 7652 1281 3 7653 1316 3 7654 1317 3 7655 1281 3 7656 1317 3 7657 1318 3 7658 1316 3 7659 1280 3 7660 1319 3 7661 1319 3 7662 1280 3 7663 1283 3 7664 1319 3 7665 1283 3 7666 1320 3 7667 1320 1534 7668 1283 1534 7669 1284 1534 7670 1320 3 7671 1284 3 7672 1321 3 7673 1321 3 7674 1284 3 7675 1285 3 7676 1321 3 7677 1285 3 7678 1322 3 7679 1322 1535 7680 1285 1535 7681 1286 1535 7682 1322 3 7683 1286 3 7684 1323 3 7685 1323 1536 7686 1286 1536 7687 1287 1536 7688 1323 1537 7689 1287 1537 7690 1324 1537 7691 1324 1538 7692 1287 1538 7693 1288 1538 7694 1324 3 7695 1288 3 7696 1325 3 7697 1325 1539 7698 1288 1539 7699 1289 1539 7700 1325 1540 7701 1289 1540 7702 1326 1540 7703 1326 1541 7704 1289 1541 7705 1290 1541 7706 1326 3 7707 1290 3 7708 1327 3 7709 1327 3 7710 1290 3 7711 1328 3 7712 1328 1542 7713 1290 1542 7714 1291 1542 7715 1328 1543 7716 1291 1543 7717 1329 1543 7718 1329 1544 7719 1291 1544 7720 1292 1544 7721 1329 3 7722 1292 3 7723 1330 3 7724 1330 1545 7725 1292 1545 7726 1293 1545 7727 1330 1546 7728 1293 1546 7729 1331 1546 7730 1331 1547 7731 1293 1547 7732 1294 1547 7733 1331 3 7734 1294 3 7735 1332 3 7736 1332 1548 7737 1294 1548 7738 1295 1548 7739 1332 1549 7740 1295 1549 7741 1333 1549 7742 1333 3 7743 1295 3 7744 1296 3 7745 1333 1550 7746 1296 1550 7747 1334 1550 7748 1334 1551 7749 1296 1551 7750 1297 1551 7751 1334 1552 7752 1297 1552 7753 1335 1552 7754 1335 3 7755 1297 3 7756 1298 3 7757 1335 1553 7758 1298 1553 7759 1336 1553 7760 1336 1554 7761 1298 1554 7762 1299 1554 7763 1336 3 7764 1299 3 7765 1337 3 7766 1337 3 7767 1299 3 7768 1338 3 7769 1338 1555 7770 1299 1555 7771 1300 1555 7772 1338 3 7773 1300 3 7774 1339 3 7775 1339 3 7776 1300 3 7777 1301 3 7778 1339 3 7779 1301 3 7780 1340 3 7781 1340 1556 7782 1301 1556 7783 1302 1556 7784 1340 3 7785 1302 3 7786 1341 3 7787 1341 3 7788 1302 3 7789 1303 3 7790 1341 3 7791 1303 3 7792 1342 3 7793 1342 1557 7794 1303 1557 7795 1304 1557 7796 1342 3 7797 1304 3 7798 1343 3 7799 1343 1558 7800 1304 1558 7801 1305 1558 7802 1343 1559 7803 1305 1559 7804 1344 1559 7805 1344 1545 7806 1305 1545 7807 1306 1545 7808 1344 3 7809 1306 3 7810 1345 3 7811 1345 1544 7812 1306 1544 7813 1307 1544 7814 1345 1560 7815 1307 1560 7816 1346 1560 7817 1346 1542 7818 1307 1542 7819 1308 1542 7820 1346 3 7821 1308 3 7822 1347 3 7823 1347 3 7824 1308 3 7825 1348 3 7826 1348 1541 7827 1308 1541 7828 1309 1541 7829 1348 1561 7830 1309 1561 7831 1349 1561 7832 1349 1539 7833 1309 1539 7834 1310 1539 7835 1349 3 7836 1310 3 7837 1350 3 7838 1350 1538 7839 1310 1538 7840 1311 1538 7841 1350 1562 7842 1311 1562 7843 1351 1562 7844 1351 1536 7845 1311 1536 7846 1312 1536 7847 1351 3 7848 1312 3 7849 1352 3 7850 1352 1535 7851 1312 1535 7852 1313 1535 7853 1352 1563 7854 1313 1563 7855 1353 1563 7856 1353 3 7857 1313 3 7858 1314 3 7859 1353 1564 7860 1314 1564 7861 1354 1564 7862 1354 1534 7863 1314 1534 7864 1315 1534 7865 1354 1565 7866 1315 1565 7867 1355 1565 7868 1355 3 7869 1315 3 7870 1282 3 7871 1355 1566 7872 1282 1566 7873 1318 1566 7874 1318 1567 7875 1282 1567 7876 1281 1567 7877 1316 1568 7878 1043 1568 7879 1317 1568 7880 1317 1569 7881 1043 1569 7882 1041 1569 7883 1317 1570 7884 1041 1570 7885 1318 1570 7886 1318 1571 7887 1041 1571 7888 1040 1571 7889 1318 998 7890 1040 998 7891 1355 998 7892 1355 998 7893 1040 998 7894 1114 998 7895 1355 1572 7896 1114 1572 7897 1354 1572 7898 1354 1573 7899 1114 1573 7900 1112 1573 7901 1354 1574 7902 1112 1574 7903 1353 1574 7904 1353 1575 7905 1112 1575 7906 1110 1575 7907 1353 1003 7908 1110 1003 7909 1352 1003 7910 1352 1004 7911 1110 1004 7912 1108 1004 7913 1352 1576 7914 1108 1576 7915 1351 1576 7916 1351 1577 7917 1108 1577 7918 1106 1577 7919 1351 1578 7920 1106 1578 7921 1350 1578 7922 1350 1579 7923 1106 1579 7924 1104 1579 7925 1350 1008 7926 1104 1008 7927 1349 1008 7928 1349 1009 7929 1104 1009 7930 1102 1009 7931 1349 1010 7932 1102 1010 7933 1348 1010 7934 1348 1010 7935 1102 1010 7936 1100 1010 7937 1348 1011 7938 1100 1011 7939 1347 1011 7940 1347 1012 7941 1100 1012 7942 1099 1012 7943 1347 1013 7944 1099 1013 7945 1346 1013 7946 1346 1014 7947 1099 1014 7948 1097 1014 7949 1346 1015 7950 1097 1015 7951 1345 1015 7952 1345 1015 7953 1097 1015 7954 1095 1015 7955 1345 1016 7956 1095 1016 7957 1344 1016 7958 1344 1017 7959 1095 1017 7960 1093 1017 7961 1344 1580 7962 1093 1580 7963 1343 1580 7964 1343 1581 7965 1093 1581 7966 1091 1581 7967 1343 1582 7968 1091 1582 7969 1342 1582 7970 1342 1583 7971 1091 1583 7972 1089 1583 7973 1342 1021 7974 1089 1021 7975 1341 1021 7976 1341 1022 7977 1089 1022 7978 1087 1022 7979 1341 1584 7980 1087 1584 7981 1340 1584 7982 1340 1585 7983 1087 1585 7984 1085 1585 7985 1340 1586 7986 1085 1586 7987 1339 1586 7988 1339 1587 7989 1085 1587 7990 1083 1587 7991 1339 1025 7992 1083 1025 7993 1338 1025 7994 1338 1026 7995 1083 1026 7996 1081 1026 7997 1338 1588 7998 1081 1588 7999 1337 1588 8000 1337 1588 8001 1081 1588 8002 1080 1588 8003 1337 1589 8004 1080 1589 8005 1336 1589 8006 1336 1589 8007 1080 1589 8008 1078 1589 8009 1336 1029 8010 1078 1029 8011 1335 1029 8012 1335 1030 8013 1078 1030 8014 1076 1030 8015 1335 1590 8016 1076 1590 8017 1334 1590 8018 1334 1591 8019 1076 1591 8020 1074 1591 8021 1334 1592 8022 1074 1592 8023 1333 1592 8024 1333 1593 8025 1074 1593 8026 1072 1593 8027 1333 1033 8028 1072 1033 8029 1332 1033 8030 1332 1034 8031 1072 1034 8032 1070 1034 8033 1332 1594 8034 1070 1594 8035 1331 1594 8036 1331 1595 8037 1070 1595 8038 1068 1595 8039 1331 1596 8040 1068 1596 8041 1330 1596 8042 1330 1597 8043 1068 1597 8044 1066 1597 8045 1330 1038 8046 1066 1038 8047 1329 1038 8048 1329 1039 8049 1066 1039 8050 1064 1039 8051 1329 1040 8052 1064 1040 8053 1328 1040 8054 1328 1040 8055 1064 1040 8056 1062 1040 8057 1328 1041 8058 1062 1041 8059 1327 1041 8060 1327 1042 8061 1062 1042 8062 1061 1042 8063 1327 1043 8064 1061 1043 8065 1326 1043 8066 1326 1044 8067 1061 1044 8068 1059 1044 8069 1326 1045 8070 1059 1045 8071 1325 1045 8072 1325 1045 8073 1059 1045 8074 1057 1045 8075 1325 1046 8076 1057 1046 8077 1324 1046 8078 1324 1047 8079 1057 1047 8080 1055 1047 8081 1324 1598 8082 1055 1598 8083 1323 1598 8084 1323 1599 8085 1055 1599 8086 1053 1599 8087 1323 1600 8088 1053 1600 8089 1322 1600 8090 1322 1601 8091 1053 1601 8092 1051 1601 8093 1322 1051 8094 1051 1051 8095 1321 1051 8096 1321 1052 8097 1051 1052 8098 1049 1052 8099 1321 1602 8100 1049 1602 8101 1320 1602 8102 1320 1603 8103 1049 1603 8104 1047 1603 8105 1320 1604 8106 1047 1604 8107 1319 1604 8108 1319 1605 8109 1047 1605 8110 1045 1605 8111 1319 1057 8112 1045 1057 8113 1316 1057 8114 1316 1057 8115 1045 1057 8116 1043 1057 8117 921 0 8118 926 0 8119 1356 0 8120 1356 0 8121 926 0 8122 1357 0 8123 923 3 8124 921 3 8125 1358 3 8126 1358 3 8127 921 3 8128 1356 3 8129 924 5 8130 923 5 8131 1359 5 8132 1359 5 8133 923 5 8134 1358 5 8135 926 1 8136 924 1 8137 1357 1 8138 1357 1 8139 924 1 8140 1359 1 8141 1357 4 8142 1359 4 8143 1356 4 8144 1356 4 8145 1359 4 8146 1358 4 8147 1360 4 8148 1361 4 8149 1362 4 8150 1362 4 8151 1361 4 8152 1363 4 8153 1362 4 8154 1363 4 8155 1364 4 8156 1360 4 8157 1365 4 8158 1361 4 8159 1361 4 8160 1365 4 8161 1366 4 8162 1366 4 8163 1365 4 8164 1367 4 8165 1366 4 8166 1367 4 8167 1364 4 8168 1364 4 8169 1367 4 8170 1362 4 8171 1368 2 8172 1369 2 8173 1370 2 8174 1370 2 8175 1369 2 8176 1371 2 8177 1371 2 8178 1369 2 8179 1372 2 8180 1372 2 8181 1369 2 8182 1373 2 8183 1372 2 8184 1373 2 8185 1374 2 8186 1374 2 8187 1373 2 8188 1375 2 8189 1376 2 8190 1377 2 8191 1378 2 8192 1378 2 8193 1377 2 8194 1379 2 8195 1379 2 8196 1377 2 8197 1380 2 8198 1379 2 8199 1380 2 8200 1381 2 8201 1381 2 8202 1380 2 8203 1382 2 8204 1382 2 8205 1380 2 8206 1383 2 8207 1367 5 8208 1384 5 8209 1362 5 8210 1362 5 8211 1384 5 8212 1385 5 8213 1362 5 8214 1385 5 8215 1379 5 8216 1379 5 8217 1385 5 8218 1378 5 8219 1367 5 8220 1372 5 8221 1384 5 8222 1384 5 8223 1372 5 8224 1374 5 8225 1365 1 8226 1371 1 8227 1367 1 8228 1367 1 8229 1371 1 8230 1372 1 8231 1375 1606 8232 1386 1606 8233 1374 1606 8234 1374 1607 8235 1386 1607 8236 1387 1607 8237 1374 1608 8238 1387 1608 8239 1388 1608 8240 1388 3 8241 1389 3 8242 1374 3 8243 1374 3 8244 1389 3 8245 1384 3 8246 1384 1609 8247 1389 1609 8248 1390 1609 8249 1384 1610 8250 1390 1610 8251 1391 1610 8252 1384 3 8253 1391 3 8254 1392 3 8255 1392 1611 8256 1391 1611 8257 1393 1611 8258 1392 1612 8259 1393 1612 8260 1394 1612 8261 1392 3 8262 1394 3 8263 1370 3 8264 1370 1613 8265 1394 1613 8266 1395 1613 8267 1370 1614 8268 1395 1614 8269 1396 1614 8270 1396 1615 8271 1397 1615 8272 1370 1615 8273 1370 1616 8274 1397 1616 8275 1368 1616 8276 1392 2 8277 1398 2 8278 1384 2 8279 1384 2 8280 1398 2 8281 1385 2 8282 1383 1 8283 1399 1 8284 1382 1 8285 1382 1617 8286 1399 1617 8287 1400 1617 8288 1382 1 8289 1400 1 8290 1401 1 8291 1401 1618 8292 1402 1618 8293 1382 1618 8294 1382 1 8295 1402 1 8296 1398 1 8297 1398 1619 8298 1402 1619 8299 1403 1619 8300 1398 1620 8301 1403 1620 8302 1404 1620 8303 1398 1 8304 1404 1 8305 1385 1 8306 1385 1621 8307 1404 1621 8308 1405 1621 8309 1385 1622 8310 1405 1622 8311 1406 1622 8312 1385 1 8313 1406 1 8314 1378 1 8315 1378 1623 8316 1406 1623 8317 1407 1623 8318 1378 1 8319 1407 1 8320 1408 1 8321 1408 1624 8322 1409 1624 8323 1378 1624 8324 1378 1625 8325 1409 1625 8326 1376 1625 8327 1381 3 8328 1360 3 8329 1379 3 8330 1379 3 8331 1360 3 8332 1362 3 8333 1371 1626 8334 1365 1626 8335 1392 1626 8336 1392 0 8337 1365 0 8338 1360 0 8339 1392 0 8340 1360 0 8341 1398 0 8342 1398 0 8343 1360 0 8344 1381 0 8345 1398 0 8346 1381 0 8347 1382 0 8348 1392 0 8349 1370 0 8350 1371 0 8351 1369 1077 8352 1368 1077 8353 1410 1077 8354 1410 1627 8355 1368 1627 8356 1411 1627 8357 1410 1628 8358 1411 1628 8359 1412 1628 8360 1412 1629 8361 1411 1629 8362 1413 1629 8363 1412 1630 8364 1413 1630 8365 1414 1630 8366 1414 1631 8367 1413 1631 8368 1415 1631 8369 1414 1083 8370 1415 1083 8371 1416 1083 8372 1416 1632 8373 1415 1632 8374 1417 1632 8375 1416 1085 8376 1417 1085 8377 1418 1085 8378 1418 1146 8379 1417 1146 8380 1419 1146 8381 1418 1087 8382 1419 1087 8383 1420 1087 8384 1420 1088 8385 1419 1088 8386 1421 1088 8387 1420 1089 8388 1421 1089 8389 1422 1089 8390 1422 1090 8391 1421 1090 8392 1423 1090 8393 1422 1091 8394 1423 1091 8395 1424 1091 8396 1424 1633 8397 1423 1633 8398 1425 1633 8399 1424 1093 8400 1425 1093 8401 1426 1093 8402 1426 1634 8403 1425 1634 8404 1427 1634 8405 1426 1635 8406 1427 1635 8407 1428 1635 8408 1428 1636 8409 1427 1636 8410 1429 1636 8411 1428 1637 8412 1429 1637 8413 1430 1637 8414 1430 1638 8415 1429 1638 8416 1431 1638 8417 1430 1639 8418 1431 1639 8419 1375 1639 8420 1375 1100 8421 1431 1100 8422 1432 1100 8423 1375 1640 8424 1432 1640 8425 1386 1640 8426 1386 1102 8427 1432 1102 8428 1433 1102 8429 1386 1104 8430 1433 1104 8431 1387 1104 8432 1387 1641 8433 1433 1641 8434 1434 1641 8435 1387 1642 8436 1434 1642 8437 1388 1642 8438 1388 1643 8439 1434 1643 8440 1435 1643 8441 1388 1107 8442 1435 1107 8443 1389 1107 8444 1389 1644 8445 1435 1644 8446 1436 1644 8447 1389 1645 8448 1436 1645 8449 1390 1645 8450 1390 1110 8451 1436 1110 8452 1437 1110 8453 1390 1646 8454 1437 1646 8455 1391 1646 8456 1391 628 8457 1437 628 8458 1438 628 8459 1391 1647 8460 1438 1647 8461 1393 1647 8462 1393 1113 8463 1438 1113 8464 1439 1113 8465 1393 1648 8466 1439 1648 8467 1394 1648 8468 1394 1115 8469 1439 1115 8470 1440 1115 8471 1394 1116 8472 1440 1116 8473 1395 1116 8474 1395 1649 8475 1440 1649 8476 1441 1649 8477 1395 1650 8478 1441 1650 8479 1396 1650 8480 1396 1651 8481 1441 1651 8482 1442 1651 8483 1396 1121 8484 1442 1121 8485 1397 1121 8486 1397 1652 8487 1442 1652 8488 1443 1652 8489 1397 1653 8490 1443 1653 8491 1368 1653 8492 1368 1123 8493 1443 1123 8494 1444 1123 8495 1368 1124 8496 1444 1124 8497 1411 1124 8498 1375 1125 8499 1373 1125 8500 1430 1125 8501 1445 1654 8502 1405 1654 8503 1446 1654 8504 1446 1126 8505 1405 1126 8506 1404 1126 8507 1446 1655 8508 1404 1655 8509 1447 1655 8510 1447 629 8511 1404 629 8512 1403 629 8513 1447 1128 8514 1403 1128 8515 1448 1128 8516 1448 1656 8517 1403 1656 8518 1402 1656 8519 1448 1657 8520 1402 1657 8521 1449 1657 8522 1449 1658 8523 1402 1658 8524 1401 1658 8525 1449 1659 8526 1401 1659 8527 1450 1659 8528 1450 1133 8529 1401 1133 8530 1400 1133 8531 1450 1660 8532 1400 1660 8533 1451 1660 8534 1451 1661 8535 1400 1661 8536 1399 1661 8537 1451 1136 8538 1399 1136 8539 1452 1136 8540 1452 1136 8541 1399 1136 8542 1383 1136 8543 1452 1138 8544 1383 1138 8545 1453 1138 8546 1453 1662 8547 1383 1662 8548 1454 1662 8549 1453 1663 8550 1454 1663 8551 1455 1663 8552 1455 1664 8553 1454 1664 8554 1456 1664 8555 1455 1665 8556 1456 1665 8557 1457 1665 8558 1457 1666 8559 1456 1666 8560 1458 1666 8561 1457 1667 8562 1458 1667 8563 1459 1667 8564 1459 1145 8565 1458 1145 8566 1460 1145 8567 1459 1668 8568 1460 1668 8569 1461 1668 8570 1461 1669 8571 1460 1669 8572 1462 1669 8573 1461 1670 8574 1462 1670 8575 1463 1670 8576 1463 1088 8577 1462 1088 8578 1464 1088 8579 1463 1671 8580 1464 1671 8581 1465 1671 8582 1465 1090 8583 1464 1090 8584 1466 1090 8585 1465 1672 8586 1466 1672 8587 1467 1672 8588 1467 1673 8589 1466 1673 8590 1468 1673 8591 1467 1634 8592 1468 1634 8593 1469 1634 8594 1469 1153 8595 1468 1153 8596 1470 1153 8597 1469 1674 8598 1470 1674 8599 1471 1674 8600 1471 1675 8601 1470 1675 8602 1472 1675 8603 1471 1676 8604 1472 1676 8605 1473 1676 8606 1473 1677 8607 1472 1677 8608 1474 1677 8609 1473 1678 8610 1474 1678 8611 1376 1678 8612 1376 1159 8613 1474 1159 8614 1377 1159 8615 1405 1679 8616 1445 1679 8617 1406 1679 8618 1406 626 8619 1445 626 8620 1475 626 8621 1406 1680 8622 1475 1680 8623 1407 1680 8624 1407 1681 8625 1475 1681 8626 1476 1681 8627 1407 1163 8628 1476 1163 8629 1408 1163 8630 1408 1682 8631 1476 1682 8632 1477 1682 8633 1408 1683 8634 1477 1683 8635 1409 1683 8636 1409 1684 8637 1477 1684 8638 1478 1684 8639 1409 1168 8640 1478 1168 8641 1376 1168 8642 1376 1168 8643 1478 1168 8644 1479 1168 8645 1376 1169 8646 1479 1169 8647 1473 1169 8648 1383 1170 8649 1380 1170 8650 1454 1170 8651 1480 1 8652 1481 1 8653 1482 1 8654 1482 1 8655 1481 1 8656 1483 1 8657 1482 1685 8658 1483 1685 8659 1484 1685 8660 1484 1686 8661 1483 1686 8662 1485 1686 8663 1484 1687 8664 1485 1687 8665 1486 1687 8666 1486 1688 8667 1485 1688 8668 1487 1688 8669 1486 1689 8670 1487 1689 8671 1488 1689 8672 1488 1690 8673 1487 1690 8674 1489 1690 8675 1488 1691 8676 1489 1691 8677 1490 1691 8678 1490 1 8679 1489 1 8680 1491 1 8681 1490 1 8682 1491 1 8683 1492 1 8684 1492 1692 8685 1491 1692 8686 1493 1692 8687 1492 1693 8688 1493 1693 8689 1494 1693 8690 1494 1694 8691 1493 1694 8692 1495 1694 8693 1494 1 8694 1495 1 8695 1496 1 8696 1496 1695 8697 1495 1695 8698 1497 1695 8699 1496 1 8700 1497 1 8701 1498 1 8702 1498 1696 8703 1497 1696 8704 1499 1696 8705 1498 1 8706 1499 1 8707 1500 1 8708 1500 1697 8709 1499 1697 8710 1501 1697 8711 1500 1698 8712 1501 1698 8713 1502 1698 8714 1500 1 8715 1502 1 8716 1503 1 8717 1503 1699 8718 1502 1699 8719 1504 1699 8720 1503 1 8721 1504 1 8722 1505 1 8723 1505 1700 8724 1504 1700 8725 1506 1700 8726 1505 1 8727 1506 1 8728 1507 1 8729 1507 1701 8730 1506 1701 8731 1508 1701 8732 1507 1 8733 1508 1 8734 1509 1 8735 1509 1182 8736 1508 1182 8737 1510 1182 8738 1509 1 8739 1510 1 8740 1511 1 8741 1511 1 8742 1510 1 8743 1512 1 8744 1511 1 8745 1512 1 8746 1513 1 8747 1513 1694 8748 1512 1694 8749 1514 1694 8750 1513 1702 8751 1514 1702 8752 1515 1702 8753 1515 1695 8754 1514 1695 8755 1516 1695 8756 1515 1 8757 1516 1 8758 1517 1 8759 1517 1703 8760 1516 1703 8761 1518 1703 8762 1517 1 8763 1518 1 8764 1519 1 8765 1519 1 8766 1518 1 8767 1520 1 8768 1519 1 8769 1520 1 8770 1521 1 8771 1519 1704 8772 1521 1704 8773 1522 1704 8774 1522 1705 8775 1521 1705 8776 1523 1705 8777 1522 1706 8778 1523 1706 8779 1524 1706 8780 1524 1707 8781 1523 1707 8782 1525 1707 8783 1524 1689 8784 1525 1689 8785 1526 1689 8786 1526 1 8787 1525 1 8788 1527 1 8789 1526 1 8790 1527 1 8791 1528 1 8792 1528 1 8793 1527 1 8794 1529 1 8795 1528 1 8796 1529 1 8797 1530 1 8798 1530 1708 8799 1529 1708 8800 1531 1708 8801 1530 1709 8802 1531 1709 8803 1532 1709 8804 1532 1710 8805 1531 1710 8806 1533 1710 8807 1532 1711 8808 1533 1711 8809 1534 1711 8810 1534 1712 8811 1533 1712 8812 1535 1712 8813 1534 1 8814 1535 1 8815 1536 1 8816 1536 1713 8817 1535 1713 8818 1537 1713 8819 1536 1714 8820 1537 1714 8821 1538 1714 8822 1538 1715 8823 1537 1715 8824 1539 1715 8825 1538 1716 8826 1539 1716 8827 1540 1716 8828 1538 1717 8829 1540 1717 8830 1541 1717 8831 1541 1718 8832 1540 1718 8833 1542 1718 8834 1541 1 8835 1542 1 8836 1543 1 8837 1543 1719 8838 1542 1719 8839 1544 1719 8840 1543 1 8841 1544 1 8842 1545 1 8843 1545 1720 8844 1544 1720 8845 1546 1720 8846 1545 1721 8847 1546 1721 8848 1547 1721 8849 1547 1722 8850 1546 1722 8851 1548 1722 8852 1547 1 8853 1548 1 8854 1549 1 8855 1549 1 8856 1548 1 8857 1550 1 8858 1549 1 8859 1550 1 8860 1551 1 8861 1551 1 8862 1550 1 8863 1552 1 8864 1551 1 8865 1552 1 8866 1553 1 8867 1553 1723 8868 1552 1723 8869 1554 1723 8870 1553 1 8871 1554 1 8872 1555 1 8873 1555 1686 8874 1554 1686 8875 1480 1686 8876 1555 1 8877 1480 1 8878 1482 1 8879 1555 1724 8880 1482 1724 8881 1556 1724 8882 1556 1725 8883 1482 1725 8884 1484 1725 8885 1556 1726 8886 1484 1726 8887 1557 1726 8888 1557 1727 8889 1484 1727 8890 1486 1727 8891 1557 1728 8892 1486 1728 8893 1558 1728 8894 1558 1729 8895 1486 1729 8896 1488 1729 8897 1558 1730 8898 1488 1730 8899 1559 1730 8900 1559 1731 8901 1488 1731 8902 1490 1731 8903 1559 1732 8904 1490 1732 8905 1560 1732 8906 1560 1733 8907 1490 1733 8908 1492 1733 8909 1560 1734 8910 1492 1734 8911 1561 1734 8912 1561 1735 8913 1492 1735 8914 1494 1735 8915 1561 1736 8916 1494 1736 8917 1562 1736 8918 1562 1207 8919 1494 1207 8920 1496 1207 8921 1562 1737 8922 1496 1737 8923 1563 1737 8924 1563 1738 8925 1496 1738 8926 1498 1738 8927 1563 1739 8928 1498 1739 8929 1564 1739 8930 1564 1740 8931 1498 1740 8932 1500 1740 8933 1564 1741 8934 1500 1741 8935 1565 1741 8936 1565 1742 8937 1500 1742 8938 1503 1742 8939 1565 1743 8940 1503 1743 8941 1566 1743 8942 1566 1744 8943 1503 1744 8944 1505 1744 8945 1566 1745 8946 1505 1745 8947 1567 1745 8948 1567 1217 8949 1505 1217 8950 1507 1217 8951 1567 1746 8952 1507 1746 8953 1568 1746 8954 1568 1747 8955 1507 1747 8956 1509 1747 8957 1568 1748 8958 1509 1748 8959 1569 1748 8960 1569 1749 8961 1509 1749 8962 1511 1749 8963 1569 1750 8964 1511 1750 8965 1570 1750 8966 1570 1751 8967 1511 1751 8968 1513 1751 8969 1570 1752 8970 1513 1752 8971 1571 1752 8972 1571 1753 8973 1513 1753 8974 1515 1753 8975 1571 1754 8976 1515 1754 8977 1572 1754 8978 1572 1755 8979 1515 1755 8980 1517 1755 8981 1572 1756 8982 1517 1756 8983 1573 1756 8984 1573 1757 8985 1517 1757 8986 1519 1757 8987 1573 1758 8988 1519 1758 8989 1522 1758 8990 1573 1759 8991 1522 1759 8992 1574 1759 8993 1574 1760 8994 1522 1760 8995 1524 1760 8996 1574 1761 8997 1524 1761 8998 1575 1761 8999 1575 1762 9000 1524 1762 9001 1526 1762 9002 1575 1763 9003 1526 1763 9004 1576 1763 9005 1576 1764 9006 1526 1764 9007 1528 1764 9008 1576 1765 9009 1528 1765 9010 1577 1765 9011 1577 1766 9012 1528 1766 9013 1530 1766 9014 1577 1767 9015 1530 1767 9016 1578 1767 9017 1578 1768 9018 1530 1768 9019 1532 1768 9020 1578 1769 9021 1532 1769 9022 1579 1769 9023 1579 1770 9024 1532 1770 9025 1534 1770 9026 1579 1771 9027 1534 1771 9028 1580 1771 9029 1580 1772 9030 1534 1772 9031 1536 1772 9032 1580 1773 9033 1536 1773 9034 1581 1773 9035 1581 1774 9036 1536 1774 9037 1538 1774 9038 1581 1775 9039 1538 1775 9040 1582 1775 9041 1582 1776 9042 1538 1776 9043 1541 1776 9044 1582 1777 9045 1541 1777 9046 1583 1777 9047 1583 1778 9048 1541 1778 9049 1543 1778 9050 1583 1779 9051 1543 1779 9052 1584 1779 9053 1584 1780 9054 1543 1780 9055 1545 1780 9056 1584 1781 9057 1545 1781 9058 1585 1781 9059 1585 1782 9060 1545 1782 9061 1547 1782 9062 1585 1783 9063 1547 1783 9064 1586 1783 9065 1586 1784 9066 1547 1784 9067 1549 1784 9068 1586 1785 9069 1549 1785 9070 1587 1785 9071 1587 1786 9072 1549 1786 9073 1551 1786 9074 1587 1787 9075 1551 1787 9076 1588 1787 9077 1588 1788 9078 1551 1788 9079 1553 1788 9080 1588 1789 9081 1553 1789 9082 1589 1789 9083 1589 1790 9084 1553 1790 9085 1555 1790 9086 1589 1791 9087 1555 1791 9088 1556 1791 9089 1589 1 9090 1556 1 9091 1590 1 9092 1590 1 9093 1556 1 9094 1557 1 9095 1590 1792 9096 1557 1792 9097 1591 1792 9098 1591 1 9099 1557 1 9100 1558 1 9101 1591 1 9102 1558 1 9103 1592 1 9104 1592 1 9105 1558 1 9106 1559 1 9107 1592 1282 9108 1559 1282 9109 1560 1282 9110 1592 1793 9111 1560 1793 9112 1593 1793 9113 1593 1794 9114 1560 1794 9115 1561 1794 9116 1593 1 9117 1561 1 9118 1594 1 9119 1594 1795 9120 1561 1795 9121 1562 1795 9122 1594 1 9123 1562 1 9124 1595 1 9125 1595 1796 9126 1562 1796 9127 1563 1796 9128 1595 1797 9129 1563 1797 9130 1564 1797 9131 1595 1 9132 1564 1 9133 1596 1 9134 1596 1 9135 1564 1 9136 1565 1 9137 1596 1 9138 1565 1 9139 1597 1 9140 1597 1798 9141 1565 1798 9142 1566 1798 9143 1597 1799 9144 1566 1799 9145 1567 1799 9146 1597 1 9147 1567 1 9148 1598 1 9149 1598 1800 9150 1567 1800 9151 1568 1800 9152 1598 1 9153 1568 1 9154 1599 1 9155 1599 1801 9156 1568 1801 9157 1569 1801 9158 1599 1 9159 1569 1 9160 1600 1 9161 1600 1802 9162 1569 1802 9163 1570 1802 9164 1600 1 9165 1570 1 9166 1571 1 9167 1600 1 9168 1571 1 9169 1601 1 9170 1601 1 9171 1571 1 9172 1572 1 9173 1601 1 9174 1572 1 9175 1602 1 9176 1602 1 9177 1572 1 9178 1573 1 9179 1602 1 9180 1573 1 9181 1574 1 9182 1602 1803 9183 1574 1803 9184 1603 1803 9185 1603 1 9186 1574 1 9187 1575 1 9188 1603 1 9189 1575 1 9190 1604 1 9191 1604 1 9192 1575 1 9193 1576 1 9194 1604 1804 9195 1576 1804 9196 1577 1804 9197 1604 1805 9198 1577 1805 9199 1605 1805 9200 1605 1806 9201 1577 1806 9202 1578 1806 9203 1605 1 9204 1578 1 9205 1606 1 9206 1606 1807 9207 1578 1807 9208 1579 1807 9209 1606 1 9210 1579 1 9211 1607 1 9212 1607 1808 9213 1579 1808 9214 1580 1808 9215 1607 1809 9216 1580 1809 9217 1581 1809 9218 1607 1 9219 1581 1 9220 1608 1 9221 1608 1 9222 1581 1 9223 1582 1 9224 1608 1 9225 1582 1 9226 1609 1 9227 1609 1810 9228 1582 1810 9229 1583 1810 9230 1609 1811 9231 1583 1811 9232 1584 1811 9233 1609 1812 9234 1584 1812 9235 1610 1812 9236 1610 1813 9237 1584 1813 9238 1585 1813 9239 1610 1 9240 1585 1 9241 1611 1 9242 1611 1814 9243 1585 1814 9244 1586 1814 9245 1611 1 9246 1586 1 9247 1612 1 9248 1612 1815 9249 1586 1815 9250 1587 1815 9251 1612 1 9252 1587 1 9253 1588 1 9254 1612 1 9255 1588 1 9256 1613 1 9257 1613 1 9258 1588 1 9259 1589 1 9260 1613 1 9261 1589 1 9262 1590 1 9263 1591 1816 9264 1614 1816 9265 1590 1816 9266 1590 1817 9267 1614 1817 9268 1615 1817 9269 1590 1818 9270 1615 1818 9271 1613 1818 9272 1613 1819 9273 1615 1819 9274 1616 1819 9275 1613 1820 9276 1616 1820 9277 1612 1820 9278 1612 1821 9279 1616 1821 9280 1617 1821 9281 1612 1822 9282 1617 1822 9283 1611 1822 9284 1611 1823 9285 1617 1823 9286 1618 1823 9287 1611 1824 9288 1618 1824 9289 1610 1824 9290 1610 1825 9291 1618 1825 9292 1619 1825 9293 1610 1826 9294 1619 1826 9295 1609 1826 9296 1609 1827 9297 1619 1827 9298 1620 1827 9299 1609 1828 9300 1620 1828 9301 1608 1828 9302 1608 1829 9303 1620 1829 9304 1621 1829 9305 1608 1830 9306 1621 1830 9307 1607 1830 9308 1607 1831 9309 1621 1831 9310 1622 1831 9311 1607 1832 9312 1622 1832 9313 1606 1832 9314 1606 1833 9315 1622 1833 9316 1623 1833 9317 1606 1834 9318 1623 1834 9319 1605 1834 9320 1605 1835 9321 1623 1835 9322 1624 1835 9323 1605 1836 9324 1624 1836 9325 1604 1836 9326 1604 1837 9327 1624 1837 9328 1625 1837 9329 1604 1305 9330 1625 1305 9331 1603 1305 9332 1603 1838 9333 1625 1838 9334 1626 1838 9335 1603 1839 9336 1626 1839 9337 1602 1839 9338 1602 1840 9339 1626 1840 9340 1627 1840 9341 1602 1841 9342 1627 1841 9343 1601 1841 9344 1601 1842 9345 1627 1842 9346 1628 1842 9347 1601 1843 9348 1628 1843 9349 1600 1843 9350 1600 1844 9351 1628 1844 9352 1629 1844 9353 1600 1845 9354 1629 1845 9355 1599 1845 9356 1599 1846 9357 1629 1846 9358 1630 1846 9359 1599 1847 9360 1630 1847 9361 1598 1847 9362 1598 1848 9363 1630 1848 9364 1631 1848 9365 1598 1849 9366 1631 1849 9367 1597 1849 9368 1597 1850 9369 1631 1850 9370 1632 1850 9371 1597 1851 9372 1632 1851 9373 1596 1851 9374 1596 1852 9375 1632 1852 9376 1633 1852 9377 1596 1853 9378 1633 1853 9379 1595 1853 9380 1595 1854 9381 1633 1854 9382 1634 1854 9383 1595 1855 9384 1634 1855 9385 1594 1855 9386 1594 1856 9387 1634 1856 9388 1635 1856 9389 1594 1857 9390 1635 1857 9391 1593 1857 9392 1593 1858 9393 1635 1858 9394 1636 1858 9395 1593 1859 9396 1636 1859 9397 1592 1859 9398 1592 1860 9399 1636 1860 9400 1637 1860 9401 1592 1861 9402 1637 1861 9403 1591 1861 9404 1591 1862 9405 1637 1862 9406 1614 1862 9407 1614 1863 9408 1439 1863 9409 1615 1863 9410 1615 1 9411 1439 1 9412 1438 1 9413 1615 1 9414 1438 1 9415 1616 1 9416 1616 1864 9417 1438 1864 9418 1437 1864 9419 1616 1 9420 1437 1 9421 1436 1 9422 1439 1 9423 1614 1 9424 1440 1 9425 1440 1865 9426 1614 1865 9427 1637 1865 9428 1440 1 9429 1637 1 9430 1441 1 9431 1441 1866 9432 1637 1866 9433 1636 1866 9434 1441 1 9435 1636 1 9436 1442 1 9437 1442 1867 9438 1636 1867 9439 1635 1867 9440 1442 1868 9441 1635 1868 9442 1443 1868 9443 1443 1869 9444 1635 1869 9445 1634 1869 9446 1443 1870 9447 1634 1870 9448 1444 1870 9449 1444 1871 9450 1634 1871 9451 1633 1871 9452 1444 1872 9453 1633 1872 9454 1632 1872 9455 1444 1868 9456 1632 1868 9457 1411 1868 9458 1411 1873 9459 1632 1873 9460 1631 1873 9461 1411 1870 9462 1631 1870 9463 1413 1870 9464 1413 1874 9465 1631 1874 9466 1630 1874 9467 1413 1 9468 1630 1 9469 1415 1 9470 1415 1875 9471 1630 1875 9472 1629 1875 9473 1415 1 9474 1629 1 9475 1417 1 9476 1417 1876 9477 1629 1876 9478 1628 1876 9479 1417 1 9480 1628 1 9481 1419 1 9482 1419 1 9483 1628 1 9484 1627 1 9485 1419 1 9486 1627 1 9487 1421 1 9488 1421 1 9489 1627 1 9490 1423 1 9491 1423 1 9492 1627 1 9493 1626 1 9494 1423 1 9495 1626 1 9496 1425 1 9497 1425 1877 9498 1626 1877 9499 1625 1877 9500 1425 1 9501 1625 1 9502 1427 1 9503 1427 1878 9504 1625 1878 9505 1624 1878 9506 1427 1 9507 1624 1 9508 1429 1 9509 1429 1879 9510 1624 1879 9511 1623 1879 9512 1429 1880 9513 1623 1880 9514 1431 1880 9515 1431 1881 9516 1623 1881 9517 1622 1881 9518 1431 1868 9519 1622 1868 9520 1432 1868 9521 1432 1882 9522 1622 1882 9523 1621 1882 9524 1432 1883 9525 1621 1883 9526 1620 1883 9527 1432 1884 9528 1620 1884 9529 1433 1884 9530 1433 1885 9531 1620 1885 9532 1619 1885 9533 1433 1886 9534 1619 1886 9535 1434 1886 9536 1434 1887 9537 1619 1887 9538 1618 1887 9539 1434 1 9540 1618 1 9541 1435 1 9542 1435 1888 9543 1618 1888 9544 1617 1888 9545 1435 1 9546 1617 1 9547 1436 1 9548 1436 1889 9549 1617 1889 9550 1616 1889 9551 1369 1 9552 1410 1 9553 1373 1 9554 1373 1890 9555 1410 1890 9556 1430 1890 9557 1430 1 9558 1410 1 9559 1428 1 9560 1428 1891 9561 1410 1891 9562 1412 1891 9563 1428 1892 9564 1412 1892 9565 1426 1892 9566 1426 1893 9567 1412 1893 9568 1414 1893 9569 1426 1 9570 1414 1 9571 1424 1 9572 1424 1894 9573 1414 1894 9574 1416 1894 9575 1424 1 9576 1416 1 9577 1422 1 9578 1422 1359 9579 1416 1359 9580 1418 1359 9581 1422 1 9582 1418 1 9583 1420 1 9584 1380 1895 9585 1377 1895 9586 1454 1895 9587 1454 1896 9588 1377 1896 9589 1474 1896 9590 1454 1897 9591 1474 1897 9592 1472 1897 9593 1454 3 9594 1472 3 9595 1456 3 9596 1456 1898 9597 1472 1898 9598 1470 1898 9599 1456 3 9600 1470 3 9601 1458 3 9602 1458 1899 9603 1470 1899 9604 1468 1899 9605 1458 3 9606 1468 3 9607 1460 3 9608 1460 3 9609 1468 3 9610 1466 3 9611 1460 1900 9612 1466 1900 9613 1462 1900 9614 1462 3 9615 1466 3 9616 1464 3 9617 1445 3 9618 1446 3 9619 1638 3 9620 1638 3 9621 1446 3 9622 1447 3 9623 1638 1901 9624 1447 1901 9625 1639 1901 9626 1639 1902 9627 1447 1902 9628 1448 1902 9629 1639 3 9630 1448 3 9631 1640 3 9632 1640 1903 9633 1448 1903 9634 1449 1903 9635 1640 3 9636 1449 3 9637 1641 3 9638 1641 1904 9639 1449 1904 9640 1450 1904 9641 1641 3 9642 1450 3 9643 1642 3 9644 1642 1905 9645 1450 1905 9646 1451 1905 9647 1642 3 9648 1451 3 9649 1643 3 9650 1643 1906 9651 1451 1906 9652 1452 1906 9653 1643 3 9654 1452 3 9655 1644 3 9656 1644 3 9657 1452 3 9658 1645 3 9659 1645 1907 9660 1452 1907 9661 1453 1907 9662 1645 3 9663 1453 3 9664 1646 3 9665 1646 1908 9666 1453 1908 9667 1455 1908 9668 1646 3 9669 1455 3 9670 1647 3 9671 1647 1909 9672 1455 1909 9673 1457 1909 9674 1647 1910 9675 1457 1910 9676 1648 1910 9677 1648 1911 9678 1457 1911 9679 1459 1911 9680 1648 1912 9681 1459 1912 9682 1649 1912 9683 1649 1913 9684 1459 1913 9685 1461 1913 9686 1649 1914 9687 1461 1914 9688 1650 1914 9689 1650 3 9690 1461 3 9691 1463 3 9692 1650 3 9693 1463 3 9694 1651 3 9695 1651 1915 9696 1463 1915 9697 1465 1915 9698 1651 1916 9699 1465 1916 9700 1467 1916 9701 1651 3 9702 1467 3 9703 1652 3 9704 1652 1917 9705 1467 1917 9706 1469 1917 9707 1652 3 9708 1469 3 9709 1653 3 9710 1653 1909 9711 1469 1909 9712 1471 1909 9713 1653 3 9714 1471 3 9715 1654 3 9716 1654 1918 9717 1471 1918 9718 1473 1918 9719 1654 3 9720 1473 3 9721 1655 3 9722 1655 1919 9723 1473 1919 9724 1479 1919 9725 1655 3 9726 1479 3 9727 1656 3 9728 1656 3 9729 1479 3 9730 1657 3 9731 1657 1920 9732 1479 1920 9733 1478 1920 9734 1657 3 9735 1478 3 9736 1658 3 9737 1658 1921 9738 1478 1921 9739 1477 1921 9740 1658 3 9741 1477 3 9742 1659 3 9743 1659 1904 9744 1477 1904 9745 1476 1904 9746 1659 1922 9747 1476 1922 9748 1660 1922 9749 1660 1923 9750 1476 1923 9751 1475 1923 9752 1660 1924 9753 1475 1924 9754 1661 1924 9755 1661 1925 9756 1475 1925 9757 1445 1925 9758 1661 1926 9759 1445 1926 9760 1638 1926 9761 1639 1927 9762 1662 1927 9763 1638 1927 9764 1638 1928 9765 1662 1928 9766 1663 1928 9767 1638 1929 9768 1663 1929 9769 1661 1929 9770 1661 1930 9771 1663 1930 9772 1664 1930 9773 1661 1931 9774 1664 1931 9775 1660 1931 9776 1660 1932 9777 1664 1932 9778 1665 1932 9779 1660 1933 9780 1665 1933 9781 1659 1933 9782 1659 1934 9783 1665 1934 9784 1666 1934 9785 1659 1935 9786 1666 1935 9787 1658 1935 9788 1658 1936 9789 1666 1936 9790 1667 1936 9791 1658 1937 9792 1667 1937 9793 1657 1937 9794 1657 1938 9795 1667 1938 9796 1668 1938 9797 1657 1939 9798 1668 1939 9799 1656 1939 9800 1656 1940 9801 1668 1940 9802 1669 1940 9803 1656 1941 9804 1669 1941 9805 1655 1941 9806 1655 1942 9807 1669 1942 9808 1670 1942 9809 1655 1943 9810 1670 1943 9811 1654 1943 9812 1654 1944 9813 1670 1944 9814 1671 1944 9815 1654 1945 9816 1671 1945 9817 1653 1945 9818 1653 1946 9819 1671 1946 9820 1672 1946 9821 1653 1947 9822 1672 1947 9823 1652 1947 9824 1652 1948 9825 1672 1948 9826 1673 1948 9827 1652 1949 9828 1673 1949 9829 1651 1949 9830 1651 1950 9831 1673 1950 9832 1674 1950 9833 1651 1951 9834 1674 1951 9835 1650 1951 9836 1650 1952 9837 1674 1952 9838 1675 1952 9839 1650 1953 9840 1675 1953 9841 1649 1953 9842 1649 1954 9843 1675 1954 9844 1676 1954 9845 1649 1955 9846 1676 1955 9847 1648 1955 9848 1648 1956 9849 1676 1956 9850 1677 1956 9851 1648 1957 9852 1677 1957 9853 1647 1957 9854 1647 1958 9855 1677 1958 9856 1678 1958 9857 1647 1959 9858 1678 1959 9859 1646 1959 9860 1646 1960 9861 1678 1960 9862 1679 1960 9863 1646 1961 9864 1679 1961 9865 1645 1961 9866 1645 1962 9867 1679 1962 9868 1680 1962 9869 1645 1963 9870 1680 1963 9871 1644 1963 9872 1644 1964 9873 1680 1964 9874 1681 1964 9875 1644 1965 9876 1681 1965 9877 1643 1965 9878 1643 1966 9879 1681 1966 9880 1682 1966 9881 1643 1967 9882 1682 1967 9883 1642 1967 9884 1642 1434 9885 1682 1434 9886 1683 1434 9887 1642 1968 9888 1683 1968 9889 1641 1968 9890 1641 1969 9891 1683 1969 9892 1684 1969 9893 1641 1970 9894 1684 1970 9895 1640 1970 9896 1640 1971 9897 1684 1971 9898 1685 1971 9899 1640 1972 9900 1685 1972 9901 1639 1972 9902 1639 1973 9903 1685 1973 9904 1662 1973 9905 1662 1974 9906 1686 1974 9907 1663 1974 9908 1663 3 9909 1686 3 9910 1687 3 9911 1663 3 9912 1687 3 9913 1688 3 9914 1686 3 9915 1662 3 9916 1689 3 9917 1689 3 9918 1662 3 9919 1685 3 9920 1689 3 9921 1685 3 9922 1690 3 9923 1690 3 9924 1685 3 9925 1691 3 9926 1691 1975 9927 1685 1975 9928 1684 1975 9929 1691 1976 9930 1684 1976 9931 1692 1976 9932 1692 1977 9933 1684 1977 9934 1683 1977 9935 1692 1978 9936 1683 1978 9937 1693 1978 9938 1693 1979 9939 1683 1979 9940 1682 1979 9941 1693 3 9942 1682 3 9943 1694 3 9944 1694 1980 9945 1682 1980 9946 1695 1980 9947 1695 1981 9948 1682 1981 9949 1681 1981 9950 1695 3 9951 1681 3 9952 1696 3 9953 1696 1982 9954 1681 1982 9955 1680 1982 9956 1696 1983 9957 1680 1983 9958 1697 1983 9959 1697 3 9960 1680 3 9961 1698 3 9962 1698 1984 9963 1680 1984 9964 1679 1984 9965 1698 1985 9966 1679 1985 9967 1699 1985 9968 1699 1986 9969 1679 1986 9970 1678 1986 9971 1699 1987 9972 1678 1987 9973 1700 1987 9974 1700 1988 9975 1678 1988 9976 1677 1988 9977 1700 1989 9978 1677 1989 9979 1701 1989 9980 1701 3 9981 1677 3 9982 1702 3 9983 1702 3 9984 1677 3 9985 1676 3 9986 1702 1990 9987 1676 1990 9988 1703 1990 9989 1703 1991 9990 1676 1991 9991 1675 1991 9992 1703 3 9993 1675 3 9994 1704 3 9995 1704 3 9996 1675 3 9997 1705 3 9998 1705 1992 9999 1675 1992 10000 1674 1992 10001 1705 3 10002 1674 3 10003 1706 3 10004 1706 3 10005 1674 3 10006 1673 3 10007 1706 3 10008 1673 3 10009 1707 3 10010 1707 3 10011 1673 3 10012 1708 3 10013 1708 1993 10014 1673 1993 10015 1672 1993 10016 1708 1994 10017 1672 1994 10018 1709 1994 10019 1709 1995 10020 1672 1995 10021 1671 1995 10022 1709 1996 10023 1671 1996 10024 1710 1996 10025 1710 1997 10026 1671 1997 10027 1670 1997 10028 1710 3 10029 1670 3 10030 1711 3 10031 1711 1998 10032 1670 1998 10033 1712 1998 10034 1712 1999 10035 1670 1999 10036 1669 1999 10037 1712 3 10038 1669 3 10039 1713 3 10040 1713 2000 10041 1669 2000 10042 1668 2000 10043 1713 2001 10044 1668 2001 10045 1714 2001 10046 1714 3 10047 1668 3 10048 1715 3 10049 1715 2002 10050 1668 2002 10051 1667 2002 10052 1715 2003 10053 1667 2003 10054 1716 2003 10055 1716 2004 10056 1667 2004 10057 1666 2004 10058 1716 2005 10059 1666 2005 10060 1717 2005 10061 1717 2006 10062 1666 2006 10063 1665 2006 10064 1717 2007 10065 1665 2007 10066 1718 2007 10067 1718 3 10068 1665 3 10069 1719 3 10070 1719 3 10071 1665 3 10072 1664 3 10073 1719 2008 10074 1664 2008 10075 1688 2008 10076 1688 2009 10077 1664 2009 10078 1663 2009 10079 1686 2010 10080 1720 2010 10081 1687 2010 10082 1687 416 10083 1720 416 10084 1721 416 10085 1687 417 10086 1721 417 10087 1722 417 10088 1720 2011 10089 1686 2011 10090 1723 2011 10091 1723 1468 10092 1686 1468 10093 1689 1468 10094 1723 2012 10095 1689 2012 10096 1724 2012 10097 1724 2013 10098 1689 2013 10099 1690 2013 10100 1724 2014 10101 1690 2014 10102 1725 2014 10103 1725 2015 10104 1690 2015 10105 1691 2015 10106 1725 2016 10107 1691 2016 10108 1726 2016 10109 1726 2017 10110 1691 2017 10111 1692 2017 10112 1726 2018 10113 1692 2018 10114 1727 2018 10115 1727 2019 10116 1692 2019 10117 1693 2019 10118 1727 2020 10119 1693 2020 10120 1728 2020 10121 1728 2021 10122 1693 2021 10123 1694 2021 10124 1728 2022 10125 1694 2022 10126 1729 2022 10127 1729 2023 10128 1694 2023 10129 1695 2023 10130 1729 2024 10131 1695 2024 10132 1730 2024 10133 1730 2025 10134 1695 2025 10135 1696 2025 10136 1730 2026 10137 1696 2026 10138 1731 2026 10139 1731 2027 10140 1696 2027 10141 1697 2027 10142 1731 2028 10143 1697 2028 10144 1732 2028 10145 1732 2029 10146 1697 2029 10147 1698 2029 10148 1732 2030 10149 1698 2030 10150 1733 2030 10151 1733 2031 10152 1698 2031 10153 1699 2031 10154 1733 2032 10155 1699 2032 10156 1734 2032 10157 1734 2033 10158 1699 2033 10159 1700 2033 10160 1734 2034 10161 1700 2034 10162 1735 2034 10163 1735 2035 10164 1700 2035 10165 1701 2035 10166 1735 2036 10167 1701 2036 10168 1736 2036 10169 1736 2037 10170 1701 2037 10171 1702 2037 10172 1736 2038 10173 1702 2038 10174 1737 2038 10175 1737 2039 10176 1702 2039 10177 1703 2039 10178 1737 2040 10179 1703 2040 10180 1738 2040 10181 1738 2041 10182 1703 2041 10183 1704 2041 10184 1738 2042 10185 1704 2042 10186 1739 2042 10187 1739 2043 10188 1704 2043 10189 1740 2043 10190 1740 2044 10191 1704 2044 10192 1705 2044 10193 1740 1502 10194 1705 1502 10195 1741 1502 10196 1741 2045 10197 1705 2045 10198 1706 2045 10199 1741 2046 10200 1706 2046 10201 1742 2046 10202 1742 2047 10203 1706 2047 10204 1707 2047 10205 1742 2048 10206 1707 2048 10207 1743 2048 10208 1743 2049 10209 1707 2049 10210 1708 2049 10211 1743 2050 10212 1708 2050 10213 1744 2050 10214 1744 2051 10215 1708 2051 10216 1709 2051 10217 1744 2052 10218 1709 2052 10219 1745 2052 10220 1745 2053 10221 1709 2053 10222 1710 2053 10223 1745 2054 10224 1710 2054 10225 1746 2054 10226 1746 2055 10227 1710 2055 10228 1711 2055 10229 1746 2056 10230 1711 2056 10231 1747 2056 10232 1747 2057 10233 1711 2057 10234 1712 2057 10235 1747 2058 10236 1712 2058 10237 1748 2058 10238 1748 2059 10239 1712 2059 10240 1713 2059 10241 1748 2060 10242 1713 2060 10243 1749 2060 10244 1749 2061 10245 1713 2061 10246 1714 2061 10247 1749 2062 10248 1714 2062 10249 1750 2062 10250 1750 2063 10251 1714 2063 10252 1715 2063 10253 1750 2064 10254 1715 2064 10255 1751 2064 10256 1751 2065 10257 1715 2065 10258 1716 2065 10259 1751 2066 10260 1716 2066 10261 1752 2066 10262 1752 2067 10263 1716 2067 10264 1717 2067 10265 1752 2068 10266 1717 2068 10267 1753 2068 10268 1753 2069 10269 1717 2069 10270 1718 2069 10271 1753 2070 10272 1718 2070 10273 1754 2070 10274 1754 2071 10275 1718 2071 10276 1719 2071 10277 1754 2072 10278 1719 2072 10279 1755 2072 10280 1755 1531 10281 1719 1531 10282 1688 1531 10283 1755 2073 10284 1688 2073 10285 1722 2073 10286 1722 2074 10287 1688 2074 10288 1687 2074 10289 1720 3 10290 1756 3 10291 1721 3 10292 1721 3 10293 1756 3 10294 1757 3 10295 1721 3 10296 1757 3 10297 1758 3 10298 1756 3 10299 1720 3 10300 1759 3 10301 1759 3 10302 1720 3 10303 1723 3 10304 1759 3 10305 1723 3 10306 1760 3 10307 1760 2075 10308 1723 2075 10309 1724 2075 10310 1760 3 10311 1724 3 10312 1761 3 10313 1761 2076 10314 1724 2076 10315 1725 2076 10316 1761 3 10317 1725 3 10318 1762 3 10319 1762 2077 10320 1725 2077 10321 1726 2077 10322 1762 3 10323 1726 3 10324 1763 3 10325 1763 3 10326 1726 3 10327 1727 3 10328 1763 2078 10329 1727 2078 10330 1764 2078 10331 1764 2079 10332 1727 2079 10333 1728 2079 10334 1764 3 10335 1728 3 10336 1765 3 10337 1765 2080 10338 1728 2080 10339 1729 2080 10340 1765 2081 10341 1729 2081 10342 1766 2081 10343 1766 2082 10344 1729 2082 10345 1730 2082 10346 1766 3 10347 1730 3 10348 1767 3 10349 1767 3 10350 1730 3 10351 1768 3 10352 1768 2083 10353 1730 2083 10354 1731 2083 10355 1768 2084 10356 1731 2084 10357 1769 2084 10358 1769 2085 10359 1731 2085 10360 1732 2085 10361 1769 3 10362 1732 3 10363 1770 3 10364 1770 2086 10365 1732 2086 10366 1733 2086 10367 1770 2087 10368 1733 2087 10369 1771 2087 10370 1771 3 10371 1733 3 10372 1734 3 10373 1771 3 10374 1734 3 10375 1772 3 10376 1772 2088 10377 1734 2088 10378 1735 2088 10379 1772 3 10380 1735 3 10381 1773 3 10382 1773 2089 10383 1735 2089 10384 1736 2089 10385 1773 2090 10386 1736 2090 10387 1774 2090 10388 1774 2091 10389 1736 2091 10390 1737 2091 10391 1774 2092 10392 1737 2092 10393 1775 2092 10394 1775 3 10395 1737 3 10396 1738 3 10397 1775 1553 10398 1738 1553 10399 1776 1553 10400 1776 2093 10401 1738 2093 10402 1739 2093 10403 1776 3 10404 1739 3 10405 1777 3 10406 1777 3 10407 1739 3 10408 1778 3 10409 1778 2094 10410 1739 2094 10411 1740 2094 10412 1778 3 10413 1740 3 10414 1779 3 10415 1779 3 10416 1740 3 10417 1741 3 10418 1779 3 10419 1741 3 10420 1780 3 10421 1780 2091 10422 1741 2091 10423 1742 2091 10424 1780 3 10425 1742 3 10426 1781 3 10427 1781 2095 10428 1742 2095 10429 1743 2095 10430 1781 3 10431 1743 3 10432 1782 3 10433 1782 2096 10434 1743 2096 10435 1744 2096 10436 1782 3 10437 1744 3 10438 1783 3 10439 1783 3 10440 1744 3 10441 1745 3 10442 1783 3 10443 1745 3 10444 1784 3 10445 1784 2097 10446 1745 2097 10447 1746 2097 10448 1784 3 10449 1746 3 10450 1785 3 10451 1785 2098 10452 1746 2098 10453 1747 2098 10454 1785 3 10455 1747 3 10456 1786 3 10457 1786 2099 10458 1747 2099 10459 1748 2099 10460 1786 2100 10461 1748 2100 10462 1787 2100 10463 1787 2101 10464 1748 2101 10465 1788 2101 10466 1788 2102 10467 1748 2102 10468 1749 2102 10469 1788 3 10470 1749 3 10471 1789 3 10472 1789 2103 10473 1749 2103 10474 1750 2103 10475 1789 3 10476 1750 3 10477 1790 3 10478 1790 2104 10479 1750 2104 10480 1751 2104 10481 1790 2105 10482 1751 2105 10483 1791 2105 10484 1791 3 10485 1751 3 10486 1752 3 10487 1791 3 10488 1752 3 10489 1792 3 10490 1792 2106 10491 1752 2106 10492 1753 2106 10493 1792 3 10494 1753 3 10495 1793 3 10496 1793 2107 10497 1753 2107 10498 1754 2107 10499 1793 2108 10500 1754 2108 10501 1794 2108 10502 1794 2109 10503 1754 2109 10504 1755 2109 10505 1794 2110 10506 1755 2110 10507 1795 2110 10508 1795 3 10509 1755 3 10510 1722 3 10511 1795 2111 10512 1722 2111 10513 1758 2111 10514 1758 2112 10515 1722 2112 10516 1721 2112 10517 1756 2113 10518 1483 2113 10519 1757 2113 10520 1757 1569 10521 1483 1569 10522 1481 1569 10523 1757 2114 10524 1481 2114 10525 1758 2114 10526 1758 1571 10527 1481 1571 10528 1480 1571 10529 1758 2115 10530 1480 2115 10531 1795 2115 10532 1795 2115 10533 1480 2115 10534 1554 2115 10535 1795 2116 10536 1554 2116 10537 1794 2116 10538 1794 2117 10539 1554 2117 10540 1552 2117 10541 1794 2118 10542 1552 2118 10543 1793 2118 10544 1793 2119 10545 1552 2119 10546 1550 2119 10547 1793 2120 10548 1550 2120 10549 1792 2120 10550 1792 1004 10551 1550 1004 10552 1548 1004 10553 1792 1576 10554 1548 1576 10555 1791 1576 10556 1791 1576 10557 1548 1576 10558 1546 1576 10559 1791 2121 10560 1546 2121 10561 1790 2121 10562 1790 1579 10563 1546 1579 10564 1544 1579 10565 1790 2122 10566 1544 2122 10567 1789 2122 10568 1789 2123 10569 1544 2123 10570 1542 2123 10571 1789 2124 10572 1542 2124 10573 1788 2124 10574 1788 2124 10575 1542 2124 10576 1540 2124 10577 1788 2125 10578 1540 2125 10579 1787 2125 10580 1787 2126 10581 1540 2126 10582 1539 2126 10583 1787 530 10584 1539 530 10585 1786 530 10586 1786 2127 10587 1539 2127 10588 1537 2127 10589 1786 2128 10590 1537 2128 10591 1785 2128 10592 1785 2128 10593 1537 2128 10594 1535 2128 10595 1785 2129 10596 1535 2129 10597 1784 2129 10598 1784 2130 10599 1535 2130 10600 1533 2130 10601 1784 1581 10602 1533 1581 10603 1783 1581 10604 1783 1581 10605 1533 1581 10606 1531 1581 10607 1783 1582 10608 1531 1582 10609 1782 1582 10610 1782 2131 10611 1531 2131 10612 1529 2131 10613 1782 2132 10614 1529 2132 10615 1781 2132 10616 1781 1022 10617 1529 1022 10618 1527 1022 10619 1781 2133 10620 1527 2133 10621 1780 2133 10622 1780 1584 10623 1527 1584 10624 1525 1584 10625 1780 1587 10626 1525 1587 10627 1779 1587 10628 1779 2134 10629 1525 2134 10630 1523 2134 10631 1779 2135 10632 1523 2135 10633 1778 2135 10634 1778 2136 10635 1523 2136 10636 1521 2136 10637 1778 2137 10638 1521 2137 10639 1777 2137 10640 1777 1588 10641 1521 1588 10642 1520 1588 10643 1777 2138 10644 1520 2138 10645 1776 2138 10646 1776 1589 10647 1520 1589 10648 1518 1589 10649 1776 2139 10650 1518 2139 10651 1775 2139 10652 1775 2140 10653 1518 2140 10654 1516 2140 10655 1775 1591 10656 1516 1591 10657 1774 1591 10658 1774 2141 10659 1516 2141 10660 1514 2141 10661 1774 2142 10662 1514 2142 10663 1773 2142 10664 1773 2142 10665 1514 2142 10666 1512 2142 10667 1773 2143 10668 1512 2143 10669 1772 2143 10670 1772 2144 10671 1512 2144 10672 1510 2144 10673 1772 1594 10674 1510 1594 10675 1771 1594 10676 1771 2145 10677 1510 2145 10678 1508 2145 10679 1771 1597 10680 1508 1597 10681 1770 1597 10682 1770 2146 10683 1508 2146 10684 1506 2146 10685 1770 2147 10686 1506 2147 10687 1769 2147 10688 1769 2148 10689 1506 2148 10690 1504 2148 10691 1769 2149 10692 1504 2149 10693 1768 2149 10694 1768 2150 10695 1504 2150 10696 1502 2150 10697 1768 2151 10698 1502 2151 10699 1767 2151 10700 1767 2152 10701 1502 2152 10702 1501 2152 10703 1767 2153 10704 1501 2153 10705 1766 2153 10706 1766 2154 10707 1501 2154 10708 1499 2154 10709 1766 2155 10710 1499 2155 10711 1765 2155 10712 1765 2156 10713 1499 2156 10714 1497 2156 10715 1765 2157 10716 1497 2157 10717 1764 2157 10718 1764 2158 10719 1497 2158 10720 1495 2158 10721 1764 2159 10722 1495 2159 10723 1763 2159 10724 1763 2160 10725 1495 2160 10726 1493 2160 10727 1763 1600 10728 1493 1600 10729 1762 1600 10730 1762 1600 10731 1493 1600 10732 1491 1600 10733 1762 2161 10734 1491 2161 10735 1761 2161 10736 1761 2162 10737 1491 2162 10738 1489 2162 10739 1761 2163 10740 1489 2163 10741 1760 2163 10742 1760 2164 10743 1489 2164 10744 1487 2164 10745 1760 2165 10746 1487 2165 10747 1759 2165 10748 1759 2166 10749 1487 2166 10750 1485 2166 10751 1759 2167 10752 1485 2167 10753 1756 2167 10754 1756 2167 10755 1485 2167 10756 1483 2167 10757 1361 0 10758 1366 0 10759 1796 0 10760 1796 0 10761 1366 0 10762 1797 0 10763 1363 3 10764 1361 3 10765 1798 3 10766 1798 3 10767 1361 3 10768 1796 3 10769 1364 5 10770 1363 5 10771 1799 5 10772 1799 5 10773 1363 5 10774 1798 5 10775 1366 1 10776 1364 1 10777 1797 1 10778 1797 1 10779 1364 1 10780 1799 1 10781 1797 4 10782 1799 4 10783 1796 4 10784 1796 4 10785 1799 4 10786 1798 4 10787</p>
        </triangles>
      </mesh>
    </geometry>
  </library_geometries>
  <library_visual_scenes>
    <visual_scene id="Scene" name="Scene">
      <node id="YukKutusu" name="YukKutusu" type="NODE">
        <matrix sid="transform">0.001 0 0 0 0 0.001 0 0 0 0 0.001 0 0 0 0 1</matrix>
        <instance_geometry url="#YukKutusu-mesh" name="YukKutusu">
          <bind_material>
            <technique_common>
              <instance_material symbol="Material_001-material" target="#Material_001-material">
                <bind_vertex_input semantic="UVMap" input_semantic="TEXCOORD" input_set="0"/>
              </instance_material>
            </technique_common>
          </bind_material>
        </instance_geometry>
      </node>
      <node id="Camera" name="Camera" type="NODE">
        <matrix sid="transform">0.6859207 -0.3240135 0.6515582 7.358891 0.7276763 0.3054208 -0.6141704 -6.925791 0 0.8953956 0.4452714 4.958309 0 0 0 1</matrix>
        <instance_camera url="#Camera-camera"/>
      </node>
      <node id="Light" name="Light" type="NODE">
        <matrix sid="transform">-0.2908646 -0.7711008 0.5663932 4.076245 0.9551712 -0.1998834 0.2183912 1.005454 -0.05518906 0.6045247 0.7946723 5.903862 0 0 0 1</matrix>
        <instance_light url="#Light-light"/>
      </node>
    </visual_scene>
  </library_visual_scenes>
  <scene>
    <instance_visual_scene url="#Scene"/>
  </scene>
</COLLADA>